<?xml version="1.0" encoding="UTF-8" standalone="no"?>
	<featureModel>
		<properties/>
		<struct>
			<and mandatory="true" name="N_1321705845__F_350693985AA8">
				<description>
					
				</description>
				<alt mandatory="true" name="F_DCDEECD676E6">
					<description>
						Lorem ipsum dolor sit amet, consetetur sadipscing elitr, sed diam nonumy eirmod tempor invidunt ut labore et dolore magna aliquyam erat, sed diam voluptua. At vero eos et accusam et justo duo dolores et ea rebum. Stet clita kasd gubergren, no sea takimata sanctus est Lorem ipsum dolor sit amet. Lorem ipsum dolor sit amet, consetetur sadipscing elit
					</description>
					<feature mandatory="true" name="F_8F733F4EE7D4">
						<description>
							
						</description>
					</feature>
					<feature mandatory="true" name="F_A10032714F7C">
						<description>
							
						</description>
					</feature>
				</alt>
				<alt mandatory="true" name="F_DD3B6ADE3C32">
					<description>
						Lorem ipsum dolor sit amet, consetetur sadipscing elitr, sed diam nonumy eirmod tempor invidunt ut labore et dolore magna aliquyam erat, sed diam voluptua. At vero eos et accusam et justo duo dolores et ea rebum. Stet clita kasd gubergren, no sea takimata sanctus est Lorem ipsum
					</description>
					<feature mandatory="true" name="F_F487B5DC4A74">
						<description>
							Lorem ipsum dolor sit a
						</description>
					</feature>
					<feature mandatory="true" name="F_32C6B7277887">
						<description>
							Lorem ipsum dol
						</description>
					</feature>
					<feature mandatory="true" name="F_39634ADA8D36">
						<description>
							Lorem ipsum dolor sit amet, consetetur sadipscing e
						</description>
					</feature>
				</alt>
				<alt mandatory="true" name="F_67EC5C55D384">
					<description>
						Lorem ipsum dolor sit amet, consetetur sadipscing elitr, sed diam nonumy eirmod tempor invidunt ut labore et dolore magna aliquyam erat, sed diam voluptua. At vero eos et accusam e
					</description>
					<feature mandatory="true" name="F_0F0B80F46FEE">
						<description>
							Lorem ipsum dolor sit a
						</description>
					</feature>
					<feature mandatory="true" name="F_CBC157049C82">
						<description>
							Lorem ipsum dolor sit
						</description>
					</feature>
				</alt>
				<alt mandatory="true" name="F_9FA98724B3C8">
					<description>
						Lorem ipsum dolor sit amet, consetetur sadipscing elitr, sed diam nonumy eirmod tempor invidunt ut labore et dolore magna aliquyam erat, sed diam voluptua. At vero eos et accusam et justo duo dolores et ea rebum. Stet clita kasd gubergren, no sea takimata sanctus est Lorem ipsum dolor sit amet. Lorem ipsum dolor sit amet, consetetur sadipscing eli
					</description>
					<feature mandatory="true" name="F_F46848339809">
						<description>
							
						</description>
					</feature>
					<feature mandatory="true" name="F_916D433ACD1E">
						<description>
							
						</description>
					</feature>
				</alt>
				<alt mandatory="true" name="F_48C369FD525A">
					<description>
						Lorem ipsum dolor sit amet, consetetur sadipscing elitr, sed diam nonumy eirmod tempor invidunt ut labore et dolore magna aliquyam erat, sed diam voluptua. At vero eos et accusam et justo duo dolores et ea rebum. Stet clita kasd gubergren, no sea takimata sanctus est Lorem ipsum d
					</description>
					<feature mandatory="true" name="F_DA6DA13B2ADB">
						<description>
							Lorem ipsum dolor sit a
						</description>
					</feature>
					<feature mandatory="true" name="F_9EE2BF2D6368">
						<description>
							Lorem ipsum dol
						</description>
					</feature>
					<feature mandatory="true" name="F_934785D0035C">
						<description>
							Lorem ipsum dolor sit amet, consetetur sadipscing e
						</description>
					</feature>
				</alt>
				<alt mandatory="true" name="F_3AEF2AA73094">
					<description>
						Lorem ipsum dolor sit amet, consetetur sadipscing elitr, sed diam nonumy eirmod tempor invidunt ut labore et dolore magna aliquyam erat, sed diam voluptua. At vero eos et accusam e
					</description>
					<feature mandatory="true" name="F_26DF21F43EA2">
						<description>
							Lorem ipsum dolor sit a
						</description>
					</feature>
					<feature mandatory="true" name="F_1E9747737022">
						<description>
							Lorem ipsum dolor sit
						</description>
					</feature>
				</alt>
				<alt mandatory="true" name="F_9E9F0BE6C4AC">
					<description>
						Lorem ipsum dolor sit amet, consetetur sadipscing elitr, sed diam nonumy eirmod tempor invidunt ut labore et dolore magna aliquyam erat, sed diam voluptua. At vero eos et accusam et justo duo dolores et ea rebum. Stet clita kasd gubergren, no sea takimata sanctus est Lorem ipsum dolor sit amet. Lorem ipsum dolor sit amet, consetetur sadipscing elit
					</description>
					<feature mandatory="true" name="F_DAE1484381F3">
						<description>
							
						</description>
					</feature>
					<feature mandatory="true" name="F_E13667FE87E1">
						<description>
							
						</description>
					</feature>
				</alt>
				<alt mandatory="true" name="F_D7AA6A0B30CE">
					<description>
						Lorem ipsum dolor sit amet, consetetur sadipscing elitr, sed diam nonumy eirmod tempor invidunt ut labore et dolore magna aliquyam erat, sed diam voluptua. At vero eos et accusam et justo duo dolores et ea rebum.
					</description>
					<feature mandatory="true" name="F_0C61F8C0A1A3">
						<description>
							Lorem ipsum dolor sit a
						</description>
					</feature>
					<feature mandatory="true" name="F_9761BC10D6A0">
						<description>
							Lorem ipsum dol
						</description>
					</feature>
				</alt>
				<alt mandatory="true" name="F_B21E30A386BF">
					<description>
						Lorem ipsum dolor sit amet, consetetur sadipscing elitr, sed diam nonumy eirmod tempor invidunt ut labore et dolore magna aliquyam erat, sed diam voluptua. At vero eos et accusam et justo duo dolores et e
					</description>
					<feature mandatory="true" name="F_55F1F214E322">
						<description>
							Lorem ipsum dolor sit a
						</description>
					</feature>
					<feature mandatory="true" name="F_53398E14F82A">
						<description>
							Lorem ipsum dolor sit
						</description>
					</feature>
				</alt>
				<alt mandatory="true" name="F_682EE2C43430">
					<description>
						Lorem ipsum dolor sit amet, consetetur sadipscing elitr, sed diam nonumy eirmod tempor invidunt ut labore et dolore magna aliquyam erat, sed diam voluptua. At vero eos et accusam et justo duo dolores et ea rebum. Stet clita kasd gubergren, no sea takimata sanctus est Lorem ipsum dolor sit amet. Lorem ipsum dolor sit amet, consetetur sadipscing elitr
					</description>
					<feature mandatory="true" name="F_32E9D7AC1E35">
						<description>
							
						</description>
					</feature>
					<feature mandatory="true" name="F_4B03E607F070">
						<description>
							
						</description>
					</feature>
				</alt>
				<alt mandatory="true" name="F_310004248D41">
					<description>
						Lorem ipsum dolor sit amet, consetetur sadipscing elitr, sed diam nonumy eirmod tempor invidunt ut labore et dolore magna aliquyam erat, sed diam voluptua. At vero eos et accusam et justo duo dolores et ea rebum. Stet clita ka
					</description>
					<feature mandatory="true" name="F_79E3401B5B2D">
						<description>
							Lorem ipsum dolor sit a
						</description>
					</feature>
					<feature mandatory="true" name="F_34856DAD46CF">
						<description>
							Lorem ipsum dol
						</description>
					</feature>
				</alt>
				<alt mandatory="true" name="F_DE21D2D970C3">
					<description>
						Lorem ipsum dolor sit amet, consetetur sadipscing elitr, sed diam nonumy eirmod tempor invidunt ut labore et dolore magna aliquyam erat, sed diam voluptua. At vero eos et accusam et justo duo dolores
					</description>
					<feature mandatory="true" name="F_4CAF0BCAC34E">
						<description>
							Lorem ipsum dolor sit a
						</description>
					</feature>
					<feature mandatory="true" name="F_FE22CB67FBE3">
						<description>
							Lorem ipsum dolor sit
						</description>
					</feature>
				</alt>
				<alt mandatory="true" name="F_180D8235EE59">
					<description>
						Lorem ipsum dolor sit amet, consetetur sadipscing elitr, sed diam nonumy eirmod tempor invidunt ut labore et dolore magna aliquyam erat, sed diam voluptua. At vero eos et accusam et justo duo dolores et ea rebum. Stet clita kasd gubergren, no sea takimata sanctus est Lorem ipsum dolor sit amet. Lorem ipsum dolor sit amet, consetetur sad
					</description>
					<feature mandatory="true" name="F_4C1177DB4709">
						<description>
							
						</description>
					</feature>
					<feature mandatory="true" name="F_F172EF81963D">
						<description>
							
						</description>
					</feature>
				</alt>
				<alt mandatory="true" name="F_34D16C18CB42">
					<description>
						Lorem ipsum dolor sit amet, consetetur sadipscing elitr, sed diam nonumy eirmod tempor invidunt ut labore et dolore magna aliquyam erat, sed diam voluptua. At vero eos et accusam et justo duo dolores et ea rebum. Stet clita kasd gubergren, no sea takimata sanctus est Lorem ipsum dolor sit amet. Lorem ipsum dolor sit amet, consetetur s
					</description>
					<feature mandatory="true" name="F_D74DD74361C9">
						<description>
							Lorem ipsum dolor sit amet,
						</description>
					</feature>
					<feature mandatory="true" name="F_70CB6E7E4E5C">
						<description>
							Lorem ipsum dolor sit amet, consetetur sa
						</description>
					</feature>
					<feature mandatory="true" name="F_F46FB83F8DF0">
						<description>
							Lorem ipsum dol
						</description>
					</feature>
					<feature mandatory="true" name="F_707BB6296E2D">
						<description>
							Lorem ipsum dolor sit amet, consetetur sadipscing e
						</description>
					</feature>
					<feature mandatory="true" name="F_B3E3792ACA1E">
						<description>
							
						</description>
					</feature>
				</alt>
				<alt mandatory="true" name="I_447879168__F_1F286F10CA46">
					<description>
						
					</description>
					<feature mandatory="true" name="I_447879168__F_DE3A9F309369">
						<description>
							
						</description>
					</feature>
					<feature mandatory="true" name="I_447879168__F_5289BDB3334C">
						<description>
							
						</description>
					</feature>
					<feature mandatory="true" name="I_447879168__F_B69FA8076FD8">
						<description>
							
						</description>
					</feature>
					<feature mandatory="true" name="I_447879168__F_4A6F6161D39E">
						<description>
							
						</description>
					</feature>
					<feature mandatory="true" name="I_447879168__F_F466C3751E37">
						<description>
							
						</description>
					</feature>
					<feature mandatory="true" name="I_447879168__F_2464E1F8A188">
						<description>
							
						</description>
					</feature>
					<feature mandatory="true" name="I_447879168__F_9D47A3E55776">
						<description>
							
						</description>
					</feature>
					<feature mandatory="true" name="I_447879168__F_FED0473AACF1">
						<description>
							
						</description>
					</feature>
				</alt>
				<alt mandatory="true" name="F_6B9E28C0974C">
					<description>
						Lorem ipsum dolor sit amet, consetetur sadipscing elitr, sed diam nonumy eirmod tempor invidunt ut labore et dolore magna aliquyam
					</description>
					<feature mandatory="true" name="F_BE589BDF7DAD">
						<description>
							Lorem ipsum dolor sit amet, consetetur sadipscing elitr, sed diam nonumy eirmod tempor invidunt ut labore et dol
						</description>
					</feature>
					<feature mandatory="true" name="F_733D71651B75">
						<description>
							Lorem ipsum dolor sit amet, consetetur sadipscing elitr, sed diam nonumy eirmod tem
						</description>
					</feature>
				</alt>
				<alt mandatory="true" name="I_1117418607__F_035BD8C68B98">
					<description>
						
					</description>
					<feature mandatory="true" name="I_1117418607__F_5B03138EB737">
						<description>
							
						</description>
					</feature>
					<feature mandatory="true" name="I_1117418607__F_AEE5FF5B24B2">
						<description>
							
						</description>
					</feature>
					<feature mandatory="true" name="I_1117418607__F_546688DF5309">
						<description>
							
						</description>
					</feature>
					<feature mandatory="true" name="I_1117418607__F_6A8B1B88B4C1">
						<description>
							
						</description>
					</feature>
					<feature mandatory="true" name="I_1117418607__F_CFC19B6D9B8E">
						<description>
							
						</description>
					</feature>
					<feature mandatory="true" name="I_1117418607__F_CCF6F03E5469">
						<description>
							
						</description>
					</feature>
					<feature mandatory="true" name="I_1117418607__F_D459821F682B">
						<description>
							
						</description>
					</feature>
					<feature mandatory="true" name="I_1117418607__F_B5DA88ADB7D4">
						<description>
							
						</description>
					</feature>
				</alt>
				<or mandatory="true" name="F_CFCF379CAAA0">
					<description>
						Lorem ipsum dolor sit amet, consetetur sadipscing elitr, sed diam nonumy eirmod tempor invidunt ut labore et dolore magna aliquy
					</description>
					<feature mandatory="true" name="F_5E5ACD4DABCC">
						<description>
							Lorem ipsum dolor sit a
						</description>
					</feature>
					<feature mandatory="true" name="F_C12DCB770921">
						<description>
							Lorem ipsum dolor sit amet, consetetur sadi
						</description>
					</feature>
					<feature mandatory="true" name="F_AE47B7EAA772">
						<description>
							Lorem ipsum dolor sit amet, consetetur sad
						</description>
					</feature>
					<feature mandatory="true" name="F_7478EE08D44A">
						<description>
							Lorem ipsum dolor sit amet, consetetur sadipscing elitr, sed diam nonumy eirmo
						</description>
					</feature>
					<feature mandatory="true" name="F_A3546E72CE5B">
						<description>
							Lorem ipsum dolor sit amet, con
						</description>
					</feature>
					<feature mandatory="true" name="F_D7ECA8561193">
						<description>
							Lorem ipsum dolor sit amet, cons
						</description>
					</feature>
				</or>
				<feature name="F_7CA73F58AE12">
					<description>
						
					</description>
				</feature>
				<feature name="F_8272E55B454C">
					<description>
						
					</description>
				</feature>
			</and>
		</struct>
		<constraints/>
		<calculations Auto="true" Constraints="true" Features="true" Redundant="true" Tautology="true"/>
		<comments>
			<c/>
		</comments>
		<featureOrder userDefined="false"/>
	</featureModel>
