<?xml version="1.0" encoding="UTF-8" standalone="no"?>
	<featureModel>
		<properties/>
		<struct>
			<and mandatory="true" name="N_2058330622__F_858E34A9BEFB">
				<description>
					
				</description>
				<feature name="F_19AF1A5A7B77">
					<description>
						
					</description>
				</feature>
				<feature name="F_EC69D9F1A822">
					<description>
						Lorem ipsum dolor sit amet, consetetur sadipscing elitr, sed diam nonumy eirmod tempor invidunt ut labore et dolore magna aliquyam erat, sed diam voluptua. A
					</description>
				</feature>
				<feature name="F_5A749216709D">
					<description>
						Lorem ipsum dolor sit amet, consetetur sadipscing elitr, sed diam nonumy eirmod tempor invidunt ut labore et dolore magna
					</description>
				</feature>
				<or mandatory="true" name="F_7C2A72BE6996">
					<description>
						Lorem ipsum dolor sit amet, consetetur sa
					</description>
					<feature mandatory="true" name="F_283FE1749F1C">
						<description>
							Lorem ipsum dolor sit amet, consetet
						</description>
					</feature>
					<feature mandatory="true" name="F_512808647B8B">
						<description>
							Lorem ipsum dolor sit amet, consetetur sadipscing elitr, sed diam nonumy eirmod tempor in
						</description>
					</feature>
					<feature mandatory="true" name="F_4ECA1D5BA5BC">
						<description>
							Lorem ipsum dolor sit amet, consetetur sadipscing elitr, sed diam nonumy eirmod tempor inv
						</description>
					</feature>
					<feature mandatory="true" name="F_9E05BE915B7F">
						<description>
							Lorem ipsum dolor sit amet, consetetur sadipscing elitr, sed diam nonumy eirmod tempor invidunt ut labo
						</description>
					</feature>
				</or>
				<feature name="F_2C96FC392352">
					<description>
						Lorem ipsum dolor sit amet, consetetur sadipscing elitr, sed diam nonumy eirmod tempor invidunt ut labore et dolore magna aliquyam erat, sed diam voluptua. At vero eos et accusam et justo duo dolores et ea rebum. Stet clita kasd gubergren, no sea takimata sanctus est Lorem ipsum dolor sit amet. Lorem ipsum dolor sit amet, consetetur sadipscing elitr, sed diam nonumy eirmod temp
					</description>
				</feature>
				<feature name="F_D5921B519E5F">
					<description>
						Lorem ipsum dolor sit amet, consetetur sadipscing elitr, sed diam nonumy eirmod tempor invidunt ut labore et dolore magna aliquyam era
					</description>
				</feature>
				<feature name="F_9307D00FA1A4">
					<description>
						
					</description>
				</feature>
				<feature name="F_39863C327019">
					<description>
						Lorem ipsum dolor sit amet, consetetur sadipscing elitr,
					</description>
				</feature>
				<feature name="F_E8C1EAA192BF">
					<description>
						Lorem ipsum dolor sit amet
					</description>
				</feature>
				<alt mandatory="true" name="I_2072629__F_ACF64DD6135F">
					<description>
						
					</description>
					<feature mandatory="true" name="I_2072629__F_7665A5551FBE">
						<description>
							
						</description>
					</feature>
					<feature mandatory="true" name="I_2072629__F_6755FF34FD95">
						<description>
							Lorem ipsum dolor sit amet, consetetur sadipscing elitr, sed diam nonumy eirmod tempor invidunt ut labore et do
						</description>
					</feature>
					<feature mandatory="true" name="I_2072629__F_BB7C5A60D840">
						<description>
							Lorem ipsum dolor sit amet, consetetur sadipscing elitr, sed diam nonumy eirmod tempor invidunt ut labore et do
						</description>
					</feature>
					<feature mandatory="true" name="I_2072629__F_B89962E64C6F">
						<description>
							Lorem ipsum dolor sit amet, consetetur sadipscing elitr, sed diam nonumy eirmod tempor invidu
						</description>
					</feature>
					<feature mandatory="true" name="I_2072629__F_FF189E661531">
						<description>
							Lorem ipsum dolor sit amet, consetetur sadipscing elitr, sed diam nonumy eirmod tempor invidu
						</description>
					</feature>
					<feature mandatory="true" name="I_2072629__F_06FFA7D4C733">
						<description>
							Lorem ipsum dolor sit amet, consetetur sadipscing elitr, sed diam nonumy eirmod tempor invidun
						</description>
					</feature>
					<feature mandatory="true" name="I_2072629__F_82CBE14B657D">
						<description>
							Lorem ipsum dolor sit amet, consetetur sadipscing elitr, sed diam nonumy eirmod tempor invidu
						</description>
					</feature>
					<feature mandatory="true" name="I_2072629__F_0456BDEAA7BD">
						<description>
							Lorem ipsum dolor sit amet, consetetur sadipscing elitr, sed diam nonumy eirmod tempor invidu
						</description>
					</feature>
				</alt>
				<alt mandatory="true" name="I_3850046033__F_20C730D02A5A">
					<description>
						
					</description>
					<feature mandatory="true" name="I_3850046033__F_D806C514C583">
						<description>
							
						</description>
					</feature>
					<feature mandatory="true" name="I_3850046033__F_BE9943724B54">
						<description>
							Lorem ipsum dolor sit amet, c
						</description>
					</feature>
					<feature mandatory="true" name="I_3850046033__F_E5007D20979B">
						<description>
							Lorem ipsum dolor sit amet, consetet
						</description>
					</feature>
					<feature mandatory="true" name="I_3850046033__F_E72E7AAF3629">
						<description>
							Lorem ipsum dolor sit amet, c
						</description>
					</feature>
					<feature mandatory="true" name="I_3850046033__F_A9DC0EE502C4">
						<description>
							Lorem ipsum dolor sit amet, c
						</description>
					</feature>
					<feature mandatory="true" name="I_3850046033__F_6C15BAE01B4C">
						<description>
							Lorem ipsum dolor sit amet, c
						</description>
					</feature>
					<feature mandatory="true" name="I_3850046033__F_BB005EC5CB0F">
						<description>
							Lorem ipsum dolor sit a
						</description>
					</feature>
					<feature mandatory="true" name="I_3850046033__F_6BC01A4903A0">
						<description>
							Lorem ipsum dolor sit amet, c
						</description>
					</feature>
					<feature mandatory="true" name="I_3850046033__F_460BBB4EE064">
						<description>
							Lorem ipsum dolor sit amet, co
						</description>
					</feature>
				</alt>
				<feature name="F_5774F4033048">
					<description>
						Lorem ipsum dolor sit amet, consetetur sadipscing elitr, sed diam nonumy eirmod tempo
					</description>
				</feature>
				<alt mandatory="true" name="F_A5A6353DF7A9">
					<description>
						Lorem ipsum dolor sit amet, consetetur sadipscing elitr, sed diam nonumy eirmod tempor invidunt ut labore et dolore magna aliquyam erat, sed diam voluptua. At vero eos et accusam et justo duo dolores et ea rebum. Stet clita kasd gubergren, no sea takimata sanctus est Lorem ipsum dolor sit amet. Lorem ipsum dolor sit amet, consetetur sadipscing elitr, sed diam nonumy eirmod tempor invidunt ut labore et dolore magna aliquyam erat, sed diam vo
					</description>
					<feature mandatory="true" name="F_D1EB2AEDE44C">
						<description>
							
						</description>
					</feature>
					<feature mandatory="true" name="F_B4173E444EA1">
						<description>
							
						</description>
					</feature>
				</alt>
				<alt mandatory="true" name="F_4119BD0A8467">
					<description>
						Lorem ipsum dolor sit amet, consetetur sadipscing elitr, sed diam nonumy eirmod tempor invidunt ut labore et dolore magna aliquyam erat, sed diam voluptua. At vero eos et accusam et justo duo dolores et ea rebum. Stet clita kasd gubergren, no sea takimata sanctus est Lorem ip
					</description>
					<feature mandatory="true" name="F_C5356A8D1CE6">
						<description>
							
						</description>
					</feature>
					<feature mandatory="true" name="F_D000F0F69384">
						<description>
							
						</description>
					</feature>
				</alt>
				<alt mandatory="true" name="F_DC432C7E2EFC">
					<description>
						Lorem ipsum dolor sit amet, consetetur sadipscing elitr, sed diam nonumy eirmod tempor invidunt ut labore et dolore magna aliquyam erat, sed diam voluptua. At vero eos et accusam et justo duo dolores et ea rebum. Stet clita kasd gubergren, no sea takimata sanctus est Lorem ipsum dolor sit amet. Lorem ipsum dolor sit amet, consetetur sadipscing elitr, sed diam nonumy eirmod tempor invi
					</description>
					<feature mandatory="true" name="F_1D25B40499E2">
						<description>
							Lorem ipsum dolor sit amet, co
						</description>
					</feature>
					<feature mandatory="true" name="F_EAEB4FE43677">
						<description>
							Lorem ipsum dolor sit amet, consetetur sadipscing
						</description>
					</feature>
					<feature mandatory="true" name="F_91F7959FB671">
						<description>
							Lorem ipsum dolor sit amet, consetetur sad
						</description>
					</feature>
					<feature mandatory="true" name="F_DF53D62D886F">
						<description>
							Lorem ipsum dolor sit amet, consetetur sadipscing elitr, sed di
						</description>
					</feature>
					<feature mandatory="true" name="F_E505A02B53E9">
						<description>
							Lorem ipsum dolor sit amet, conse
						</description>
					</feature>
					<feature mandatory="true" name="F_2E0AA143041E">
						<description>
							Lorem ipsum dolor sit amet, consetetur sadipsci
						</description>
					</feature>
					<feature mandatory="true" name="F_76D26C0CC413">
						<description>
							Lorem ipsum dolor sit amet, consetetur sadipscing elitr
						</description>
					</feature>
					<feature mandatory="true" name="F_AC7D5DB18F98">
						<description>
							Lorem ipsum dolor sit amet, consetetur sadi
						</description>
					</feature>
					<feature mandatory="true" name="F_75F041DA0D95">
						<description>
							Lorem ipsum dolor sit amet, consetetur sadipscing elitr, s
						</description>
					</feature>
					<feature mandatory="true" name="F_F6559E1278B6">
						<description>
							Lorem ipsum dolor sit amet, consetetur sadipscing elitr, sed diam nonumy
						</description>
					</feature>
					<feature mandatory="true" name="F_F0431E105B03">
						<description>
							Lorem ipsum dolor sit amet, consetetur sadipscing elitr, sed diam nonu
						</description>
					</feature>
					<feature mandatory="true" name="F_41416CD04A5A">
						<description>
							Lorem ipsum dolor sit amet, consetetur sadipscing elitr, sed diam nonumy eirmod tempor invidunt ut labo
						</description>
					</feature>
					<feature mandatory="true" name="F_DD5B84584F04">
						<description>
							Lorem ipsum dolor sit amet, consetetur sadipscing elitr, sed diam nonumy eirmod tempor invidunt ut labore
						</description>
					</feature>
					<feature mandatory="true" name="F_D4CA6F6266BE">
						<description>
							Lorem ipsum dolor sit amet, consetetur sadipscing elitr, sed diam nonumy eirmod tempor invidunt ut lab
						</description>
					</feature>
					<feature mandatory="true" name="F_80EFD36392F8">
						<description>
							Lorem ipsum dolor sit amet, consetetur sadipscing elitr, sed diam nonumy eirmod tempor invidunt ut labore et dolore magna
						</description>
					</feature>
				</alt>
				<alt mandatory="true" name="F_19FFE471B7EB">
					<description>
						Lorem ipsum dolor sit amet, consetetur sadipscing elitr, sed diam nonumy eirmod tempor invidunt ut labore et dolore magna aliquyam erat, sed diam voluptua. At vero eos et accusam et justo duo dolores et
					</description>
					<feature mandatory="true" name="F_73DFFEC10CEA">
						<description>
							Lorem ipsum dolor sit a
						</description>
					</feature>
					<feature mandatory="true" name="F_27C92C2681E6">
						<description>
							Lorem ipsum dolor sit amet, conse
						</description>
					</feature>
					<feature mandatory="true" name="F_813F7505C2F4">
						<description>
							Lorem ipsum dolor sit amet, consetetur sadipscing elitr, sed diam
						</description>
					</feature>
				</alt>
				<alt mandatory="true" name="F_2C22C98B746E">
					<description>
						Lorem ipsum dolor sit amet, consetetur sadipscing elitr, sed diam nonumy eirmod tempor invidunt ut labore et dolore magna aliquyam erat, sed diam voluptua. At vero eos et accusam et justo duo dolores et ea rebum. Stet clita kasd gubergren, no sea takimata sanctus est Lorem ipsum dolor sit amet. Lorem ipsum dolor sit amet, consetetur sadipscing elitr, sed diam nonumy eirmod tempor invidunt ut labore et dolore magna aliquyam erat, sed diam voluptua. At vero eos et accusam et justo duo dolores et ea rebum. Stet clita kasd gubergren, no sea takimata sanctus est Lorem ipsum dolor sit amet.
					</description>
					<feature mandatory="true" name="F_EAA5677C9503">
						<description>
							Lorem ipsum dol
						</description>
					</feature>
					<feature mandatory="true" name="F_352990F0EC1E">
						<description>
							Lorem ipsum dolor sit amet, consetetur sadipscing elitr, sed diam nonumy eirmod tempor invi
						</description>
					</feature>
					<feature mandatory="true" name="F_43EBDCD88D29">
						<description>
							Lorem ipsum dolor sit amet, consetetur sadipscing elitr, sed diam nonumy eirmod tempor invidunt ut labore et dolore magna aliquyam erat, se
						</description>
					</feature>
					<feature mandatory="true" name="F_DC5CE78C26F3">
						<description>
							Lorem ipsum dolor sit amet, consetetur sadipscing elitr, sed diam nonumy eirmod tempor invidunt ut labore et dolore magna aliquyam
						</description>
					</feature>
					<feature mandatory="true" name="F_BCE41CA95E0E">
						<description>
							Lorem ipsum dolor sit amet, consetetur sadipscing elitr, sed diam nonumy eirmod tempor invidunt ut labo
						</description>
					</feature>
				</alt>
				<feature name="F_3D9B7F08B150">
					<description>
						Lorem ipsum dolor sit amet, consetetur sadipscing elitr, sed diam nonumy eirmod tempor invidunt ut labore et dolore magna aliquyam erat, sed diam voluptua. At vero eos et accusam et justo duo dolores et ea rebum. Stet clita kasd gubergren, no sea takimata sanctus est Lorem ipsum dolor sit amet. Lorem ipsum dolor sit amet, consetetur sadipscing elitr, sed di
					</description>
				</feature>
				<alt mandatory="true" name="F_498CB99E1C96">
					<description>
						Lorem ipsum dolor sit amet, consetetur sadipscing elitr, sed diam nonumy eirmod tempor invidunt ut labore et dolore magna aliquyam erat, sed diam voluptua. At vero eos et accusam et justo duo dolores et ea rebum. Stet clita kasd gubergren, no sea takimata sanctus est Lorem ipsum dolor sit amet. Lorem ipsum dolor sit amet, consetetur sadipscing elitr, sed diam nonumy eirmod tempor
					</description>
					<feature mandatory="true" name="F_349F87EF144A">
						<description>
							
						</description>
					</feature>
					<feature mandatory="true" name="F_9D8BA20D36A6">
						<description>
							
						</description>
					</feature>
				</alt>
				<alt mandatory="true" name="F_3A62F44B9C89">
					<description>
						Lorem ipsum dolor sit amet, consetetur sadipscing elitr, sed diam nonumy eirmod tempor invidunt ut labore et dolore magna aliquyam erat, sed diam voluptua. At vero eos et accusam et justo duo dolores et ea rebum. Stet clita kasd gubergr
					</description>
					<feature mandatory="true" name="F_B7ADB09C4E27">
						<description>
							
						</description>
					</feature>
					<feature mandatory="true" name="F_77B051189F74">
						<description>
							
						</description>
					</feature>
				</alt>
				<alt mandatory="true" name="F_A13BD4D146B0">
					<description>
						Lorem ipsum dolor sit amet, consetetur sadip
					</description>
					<feature mandatory="true" name="F_E5338D7F3C6F">
						<description>
							Lorem ipsum dolor sit amet, consetetur sadipscing elitr, sed diam nonumy eirmod tempor invidunt ut labore et dolore magna aliquyam erat, sed d
						</description>
					</feature>
					<feature mandatory="true" name="F_34504F720D53">
						<description>
							Lorem ipsum dolor sit amet, consetetur sadipscing elitr, sed diam nonumy eirmod tempor invidunt ut labore et dolore magna aliquyam erat, sed di
						</description>
					</feature>
					<feature mandatory="true" name="F_4167A43EBBF5">
						<description>
							Lorem ipsum dolor sit amet, consetetur sadipscing elitr, sed diam nonumy eirmod tempor invidunt ut labore et dolore magna aliquyam erat, sed diam voluptua. At
						</description>
					</feature>
					<feature mandatory="true" name="F_6BE8BE41ACDE">
						<description>
							Lorem ipsum dolor sit amet, consetetur sadipscing elitr, sed diam nonumy eirmod tempor invidunt ut labore et dolore magna aliquyam erat, sed diam voluptua. A
						</description>
					</feature>
					<feature mandatory="true" name="F_24C91C6BD545">
						<description>
							Lorem ipsum dolor sit amet, consetetur sadipscing elitr, sed diam nonumy eirmod tempor invidunt ut labore et dolore magna aliquyam erat, sed diam voluptua. At vero
						</description>
					</feature>
					<feature mandatory="true" name="F_F4F4D68D1B2D">
						<description>
							Lorem ipsum dolor sit amet, consetetur sadipscing elitr, sed diam nonumy eirmod tempor invidunt ut labore et dolore magna aliquyam erat, sed diam voluptua. At vero eos et accusam
						</description>
					</feature>
					<feature mandatory="true" name="F_62658193A673">
						<description>
							Lorem ipsum dolor sit amet, consetetur sadipscing elitr, sed diam nonumy eirmod tempor invidunt ut labore et dolore magna aliquyam erat, sed diam volup
						</description>
					</feature>
					<feature mandatory="true" name="F_F002B2A69150">
						<description>
							Lorem ipsum dolor sit amet, consetetur sadipscing elitr, sed diam nonumy eirmod tempor invidunt ut labore et dolore magna aliquyam erat, sed diam voluptua. At vero eos et accusam
						</description>
					</feature>
					<feature mandatory="true" name="F_91C62D98F86F">
						<description>
							Lorem ipsum dolor sit amet, consetetur sadipscing elitr, sed diam nonumy eirmod tempor invidunt ut labore et dolore magna aliquyam erat, sed diam voluptua. At vero eos et accusam e
						</description>
					</feature>
					<feature mandatory="true" name="F_460D9F3B61D4">
						<description>
							
						</description>
					</feature>
				</alt>
				<alt mandatory="true" name="F_7FE12E15F0F2">
					<description>
						Lorem ipsum dolor sit amet, consetetur sadipscing elitr, sed diam nonumy eirmod tempor invidunt ut labore et dolore magna aliquyam erat, sed diam voluptua. At vero eos et accusam et justo duo dolores et ea rebum
					</description>
					<feature mandatory="true" name="F_49DD3AE99AE5">
						<description>
							
						</description>
					</feature>
					<feature mandatory="true" name="F_66CFA2B84D9A">
						<description>
							
						</description>
					</feature>
				</alt>
				<feature name="F_9FFCB47D6B9F">
					<description>
						Lorem ipsum dolor sit amet, consetetur sadipscing elitr, sed diam nonumy eirmod tempor invi
					</description>
				</feature>
				<alt mandatory="true" name="F_C063E38BA1AC">
					<description>
						Lorem ipsum dolor sit amet, consetetur sadipscing elitr, sed diam nonumy eirmod tempor invidunt ut labore et dolore magna aliquyam erat, sed diam voluptua. At vero eos et accusam et justo duo dolores et ea rebum. Stet clita kasd gubergren, no sea takimata sanctus est Lorem ipsum dolor sit amet. Lorem ipsum dolor sit
					</description>
					<feature mandatory="true" name="F_5EFB252D336C">
						<description>
							Lorem ipsum dolor sit amet, consetetur sadipscing elitr, sed diam nonumy
						</description>
					</feature>
					<feature mandatory="true" name="F_5A6486FC0884">
						<description>
							Lorem ipsum dolor sit amet, conse
						</description>
					</feature>
					<feature mandatory="true" name="F_75A294740056">
						<description>
							Lorem ipsum dolor sit amet, consetetur s
						</description>
					</feature>
				</alt>
				<alt mandatory="true" name="F_2F5BBBEF73A3">
					<description>
						Lorem ipsum dolor sit amet, consetetur sadipscing elitr, sed diam nonumy eirmod tempor invidunt ut labo
					</description>
					<feature mandatory="true" name="F_671669CFA0E1">
						<description>
							Lorem ipsum dolor sit amet, consetetur sadipscing elitr, sed diam nonumy eirmod tempor invidunt ut labore et dolore magna aliquyam erat, s
						</description>
					</feature>
					<feature mandatory="true" name="F_95DDD3219F48">
						<description>
							Lorem ipsum dolor sit amet, consetetur sadipscing elitr, sed diam nonumy eirmod tempor invidunt ut labore et dolore magna aliquyam erat,
						</description>
					</feature>
					<feature mandatory="true" name="F_3F7020A033B8">
						<description>
							Lorem ipsum dolor sit amet, consetetur sadipscing elitr, sed diam nonumy eirmod tempor invidunt ut labore et dolore magna aliquyam er
						</description>
					</feature>
					<feature mandatory="true" name="F_E81D06A344A4">
						<description>
							Lorem ipsum dolor sit amet, consetetur sadipscing elitr, sed diam nonumy eirmod tempor invidunt ut labore et dolore magna aliquyam erat
						</description>
					</feature>
					<feature mandatory="true" name="F_24456FE5F5B6">
						<description>
							Lorem ipsum dolor sit amet, consetetur sadipscing elitr, sed diam nonumy eirmod tempor invidunt ut labore et dolore magna aliquyam erat,
						</description>
					</feature>
					<feature mandatory="true" name="F_B51FB4170797">
						<description>
							Lorem ipsum dolor sit amet, consetetur sadipscing elitr, sed diam nonumy eirmod tempor invidunt ut labore et dolore magna aliquya
						</description>
					</feature>
					<feature mandatory="true" name="F_4F88943D549A">
						<description>
							Lorem ipsum dolor sit amet, consetetur sadipscing elitr, sed diam nonumy eirmod tempor invidunt ut labore et dolore magna aliquyam erat, sed d
						</description>
					</feature>
					<feature mandatory="true" name="F_83BF83D22A2A">
						<description>
							Lorem ipsum dolor sit amet, consetetur sadipscing elitr, sed diam nonumy eirmod tempor invidunt ut labore et dolore magna aliquyam erat, sed
						</description>
					</feature>
					<feature mandatory="true" name="F_78616CD05464">
						<description>
							Lorem ipsum dolor sit amet, consetetur sadipscing elitr, sed diam nonumy eirmod tempor invidunt ut labore et dolore magna aliquyam erat, sed diam vol
						</description>
					</feature>
					<feature mandatory="true" name="F_FAD23764B343">
						<description>
							Lorem ipsum dolor sit amet, consetetur sadipscing elitr, sed diam nonumy eirmod tempor invidunt ut labore et dolore magna aliquyam erat, sed diam
						</description>
					</feature>
					<feature mandatory="true" name="F_15AF80CA5772">
						<description>
							Lorem ipsum dolor sit amet, consetetur sadipscing elitr, sed diam nonumy eirmod tempor invidunt ut labore et dolore magna aliquyam erat, sed dia
						</description>
					</feature>
					<feature mandatory="true" name="F_9E4069670754">
						<description>
							Lorem ipsum dolor sit amet, consetetur sadipscing elitr, sed diam nonumy eirmod tempor invidunt ut labore et dolore magna aliquyam erat, sed dia
						</description>
					</feature>
					<feature mandatory="true" name="F_0D7622FC0FFA">
						<description>
							
						</description>
					</feature>
					<feature mandatory="true" name="F_EDE735F3E98A">
						<description>
							
						</description>
					</feature>
					<feature mandatory="true" name="F_4F6889527E4D">
						<description>
							Lorem ipsum dolor sit amet, consetetur sadipscing elitr, sed diam nonumy eirmod tempor invidunt ut labore et dolore magna aliquyam erat, sed diam voluptua. At vero eos et accusam et
						</description>
					</feature>
				</alt>
				<alt mandatory="true" name="I_2251131231__F_13D90726944B">
					<description>
						
					</description>
					<feature mandatory="true" name="I_2251131231__F_0CF315735FD5">
						<description>
							Lorem ipsum dolor sit amet, consetetur sadipscing elitr, sed diam nonumy eirmod tempor invidunt ut labore et dolore magna aliquyam erat
						</description>
					</feature>
					<feature mandatory="true" name="I_2251131231__F_D2F38FD91D35">
						<description>
							Lorem ipsum dolor sit amet, consetetur sadipscing elitr, sed diam nonumy eirmod tempor invidunt ut labore et dolore magna aliquyam erat,
						</description>
					</feature>
					<feature mandatory="true" name="I_2251131231__F_DEA545918A5B">
						<description>
							Lorem ipsum dolor sit amet, consetetur sadipscing elitr, sed diam nonumy eirmod tempor invidunt ut labore et dolore magna aliquyam erat,
						</description>
					</feature>
					<feature mandatory="true" name="I_2251131231__F_34EB6C33D94D">
						<description>
							Lorem ipsum dolor sit amet, consetetur sadipscing elitr, sed diam nonumy eirmod tempor invidunt ut labore et dolore magna aliqu
						</description>
					</feature>
					<feature mandatory="true" name="I_2251131231__F_EDE74894AAA1">
						<description>
							Lorem ipsum dolor sit amet, consetetur sadipscing elitr, sed diam nonumy eirmod tempor invidunt ut labore et dolore magna aliquyam erat, s
						</description>
					</feature>
					<feature mandatory="true" name="I_2251131231__F_F0D1E726704F">
						<description>
							Lorem ipsum dolor sit amet, consetetur sadipscing elitr, sed diam nonumy eirmod tempor invidunt ut labore et dolore magna aliquyam erat, se
						</description>
					</feature>
					<feature mandatory="true" name="I_2251131231__F_8AD8939BCCA4">
						<description>
							Lorem ipsum dolor sit amet, consetetur sadipscing elitr, sed diam nonumy eirmod tempor invidunt ut labore et dolore magna aliquyam erat, s
						</description>
					</feature>
					<feature mandatory="true" name="I_2251131231__F_1E1014662C39">
						<description>
							Lorem ipsum dolor sit amet, consetetur sadipscing elitr, sed diam nonumy eirmod tempor invidunt ut labore et dolore magna aliquyam erat,
						</description>
					</feature>
					<feature mandatory="true" name="I_2251131231__F_3B1745A55F5F">
						<description>
							Lorem ipsum dolor sit amet, consetetur sadipscing elitr, sed diam nonumy eirmod tempor invidunt ut labore et dolore magna a
						</description>
					</feature>
					<feature mandatory="true" name="I_2251131231__F_69778B98E7B7">
						<description>
							Lorem ipsum dolor sit amet, consetetur sadipscing elitr, sed diam nonumy eirmod tempor invidunt ut labore et dolore magna aliquyam erat, s
						</description>
					</feature>
					<feature mandatory="true" name="I_2251131231__F_84C6060A9B5D">
						<description>
							Lorem ipsum dolor sit amet, consetetur sadipscing elitr, sed diam nonumy eirmod tempor invidunt ut labore et dolore magna aliquyam erat, s
						</description>
					</feature>
					<feature mandatory="true" name="I_2251131231__F_25D0289E4ED8">
						<description>
							Lorem ipsum dolor sit amet, consetetur sadipscing elitr, sed diam nonumy eirmod tempor invidunt ut labore et dolore magna aliquyam erat, sed diam voluptua. At vero eos et accu
						</description>
					</feature>
					<feature mandatory="true" name="I_2251131231__F_6B6A264E2C61">
						<description>
							Lorem ipsum dolor sit amet, consetetur sadipscing elitr, sed diam nonumy eirmod tempor invidunt ut labore et dolore magna aliquyam erat, sed diam voluptua
						</description>
					</feature>
					<feature mandatory="true" name="I_2251131231__F_7CD6BB6A72A5">
						<description>
							Lorem ipsum dolor sit amet, consetetur sadipscing elitr, sed diam nonumy eirmod tempor invidunt ut labore et dolore magna aliquyam erat, sed diam voluptua. At
						</description>
					</feature>
					<feature mandatory="true" name="I_2251131231__F_C09A95F2126A">
						<description>
							Lorem ipsum dolor sit amet, consetetur sadipscing elitr, sed diam nonumy eirmod tempor invidunt ut labore et dolore magna aliq
						</description>
					</feature>
					<feature mandatory="true" name="I_2251131231__F_712374E11FEB">
						<description>
							Lorem ipsum dolor sit amet, consetetur sadipscing elitr, sed diam nonumy eirmod tempor invidunt ut labore et dolore magna aliq
						</description>
					</feature>
				</alt>
				<alt mandatory="true" name="I_2979276807__F_A985FCA1BBDF">
					<description>
						
					</description>
					<feature mandatory="true" name="I_2979276807__F_5DF3B8266C68">
						<description>
							Lorem ipsum dolor sit amet, consetetur sadipscing elitr, sed diam nonumy eirmod
						</description>
					</feature>
					<feature mandatory="true" name="I_2979276807__F_DCD0F25EE093">
						<description>
							Lorem ipsum dolor sit amet, consetetur sadipscing elitr, sed diam nonumy eirmod t
						</description>
					</feature>
					<feature mandatory="true" name="I_2979276807__F_75066EDF75EB">
						<description>
							Lorem ipsum dolor sit amet, consetetur sadipscing elitr, sed diam nonumy eirmod t
						</description>
					</feature>
					<feature mandatory="true" name="I_2979276807__F_0A2544CFB93B">
						<description>
							Lorem ipsum dolor sit amet, consetetur sadipscing elitr, sed diam nonumy eirmod tem
						</description>
					</feature>
					<feature mandatory="true" name="I_2979276807__F_47DAB48023DE">
						<description>
							Lorem ipsum dolor sit amet, consetetur sadipscing elitr, sed diam nonumy eirmod t
						</description>
					</feature>
					<feature mandatory="true" name="I_2979276807__F_DE981851FBF4">
						<description>
							Lorem ipsum dolor sit amet, consetetur sadipscing elitr, sed diam nonumy eirmod
						</description>
					</feature>
					<feature mandatory="true" name="I_2979276807__F_418AC93A0269">
						<description>
							Lorem ipsum dolor sit amet, consetetur sadipscing elitr, sed diam nonumy eirmod t
						</description>
					</feature>
					<feature mandatory="true" name="I_2979276807__F_0116818A0262">
						<description>
							Lorem ipsum dolor sit amet, consetetur sadipscing elitr, sed diam nonumy eirmod
						</description>
					</feature>
					<feature mandatory="true" name="I_2979276807__F_5088F2ABB7F0">
						<description>
							Lorem ipsum dolor sit amet, consetetur sadipscing elitr, sed diam nonumy eirmod te
						</description>
					</feature>
					<feature mandatory="true" name="I_2979276807__F_40D0D8E72C63">
						<description>
							Lorem ipsum dolor sit amet, consetetur sadipscing elitr, sed diam nonumy eirmod te
						</description>
					</feature>
					<feature mandatory="true" name="I_2979276807__F_6526E915376B">
						<description>
							Lorem ipsum dolor sit amet, consetetur sadipscing elitr, sed diam nonumy eirmod t
						</description>
					</feature>
					<feature mandatory="true" name="I_2979276807__F_B967C817F01D">
						<description>
							Lorem ipsum dolor sit amet, consetetur sadipscing elitr, sed diam nonumy eirmod te
						</description>
					</feature>
					<feature mandatory="true" name="I_2979276807__F_76DE6A5FC8C9">
						<description>
							Lorem ipsum dolor sit amet, consetetur sadipscing elitr, sed diam nonumy eirmod te
						</description>
					</feature>
					<feature mandatory="true" name="I_2979276807__F_E53F4D55C0EF">
						<description>
							Lorem ipsum dolor sit amet, consetetur sadipscing elitr, sed diam nonumy eirmod te
						</description>
					</feature>
					<feature mandatory="true" name="I_2979276807__F_69ED938F160D">
						<description>
							Lorem ipsum dolor sit amet, consetetur sadipscing elitr, sed diam nonumy eirmod te
						</description>
					</feature>
					<feature mandatory="true" name="I_2979276807__F_0D112823551F">
						<description>
							Lorem ipsum dolor sit amet, consetetur sadipscing elitr, sed diam nonumy eirmod tempor invidu
						</description>
					</feature>
					<feature mandatory="true" name="I_2979276807__F_9C39AF4BE738">
						<description>
							Lorem ipsum dolor sit amet, consetetur sadipscing elitr, sed diam nonumy eirmod tempor invidun
						</description>
					</feature>
					<feature mandatory="true" name="I_2979276807__F_B0ED255C4B46">
						<description>
							Lorem ipsum dolor sit amet, consetetur sadipscing elitr, sed diam nonumy eirmod tempor invidun
						</description>
					</feature>
					<feature mandatory="true" name="I_2979276807__F_C7E8E0AF19A3">
						<description>
							Lorem ipsum dolor sit amet, consetetur sadipscing elitr, sed diam nonumy eirmod
						</description>
					</feature>
					<feature mandatory="true" name="I_2979276807__F_092B9386409C">
						<description>
							Lorem ipsum dolor sit amet, consetetur sadipscing elitr, sed diam nonumy eirmod t
						</description>
					</feature>
					<feature mandatory="true" name="I_2979276807__F_B83A85597627">
						<description>
							Lorem ipsum dolor sit amet, consetetur sadipscing elitr, sed diam nonumy eirmod t
						</description>
					</feature>
					<feature mandatory="true" name="I_2979276807__F_8E718DCF4B44">
						<description>
							Lorem ipsum dolor sit amet, consetetur sadipscing elitr, sed diam nonumy eirmod tempor invidunt ut labore et dol
						</description>
					</feature>
					<feature mandatory="true" name="I_2979276807__F_D917A992ABE5">
						<description>
							Lorem ipsum dolor sit amet, consetetur sadipscing elitr, sed diam nonumy eirmod tempor invidunt ut labore et dolo
						</description>
					</feature>
					<feature mandatory="true" name="I_2979276807__F_A1E96DBFBDDD">
						<description>
							Lorem ipsum dolor sit amet, consetetur sadipscing elitr, sed diam nonumy eirmod tempor invidunt ut labore et
						</description>
					</feature>
					<feature mandatory="true" name="I_2979276807__F_79AF836D0C10">
						<description>
							Lorem ipsum dolor sit amet, consetetur sadipscing elitr, sed diam nonumy eirmod tempor invidunt ut labore et
						</description>
					</feature>
					<feature mandatory="true" name="I_2979276807__F_6C2B3F55C7DD">
						<description>
							Lorem ipsum dolor sit amet, consetetur sadipscing elitr, sed diam nonumy eirmod tempor invidunt ut labore et dolore magna aliqu
						</description>
					</feature>
					<feature mandatory="true" name="I_2979276807__F_BF1FD407B60B">
						<description>
							Lorem ipsum dolor sit amet, consetetur sadipscing elitr, sed diam nonumy eirmod tempor invidunt ut labore et dolore magna aliqu
						</description>
					</feature>
					<feature mandatory="true" name="I_2979276807__F_A8BF43815CFC">
						<description>
							Lorem ipsum dolor sit amet, consetetur sadipscing elitr, sed diam nonumy eirmod tempor invidunt ut labore et dolore
						</description>
					</feature>
					<feature mandatory="true" name="I_2979276807__F_8EA302966F32">
						<description>
							Lorem ipsum dolor sit amet, consetetur sadipscing elitr, sed diam nonumy eirmod tempor invidunt ut labore et dolore
						</description>
					</feature>
					<feature mandatory="true" name="I_2979276807__F_6B808C87919D">
						<description>
							Lorem ipsum dolor sit amet, consetetur sadipscing elitr, sed diam nonumy eirmod tempor invidunt ut labore et dolore
						</description>
					</feature>
					<feature mandatory="true" name="I_2979276807__F_F048403E2781">
						<description>
							Lorem ipsum dolor sit amet, consetetur sadipscing elitr, sed diam nonumy eirmod tempor invidunt ut labor
						</description>
					</feature>
					<feature mandatory="true" name="I_2979276807__F_9D6466EC9799">
						<description>
							Lorem ipsum dolor sit amet, consetetur sadipscing elitr, sed diam nonumy eirmod tempor invidunt ut labore et dolore magna aliqu
						</description>
					</feature>
					<feature mandatory="true" name="I_2979276807__F_737B57B11CCB">
						<description>
							Lorem ipsum dolor sit amet, consetetur sadipscing elitr, sed diam nonumy eirmod tempor invidunt ut labore et dolore magna aliquy
						</description>
					</feature>
					<feature mandatory="true" name="I_2979276807__F_1B7D17602B16">
						<description>
							Lorem ipsum dolor sit amet, consetetur sadipscing elitr, sed diam nonumy eirmod tempor invidunt ut labore et dolore magna
						</description>
					</feature>
					<feature mandatory="true" name="I_2979276807__F_74C280B851BC">
						<description>
							Lorem ipsum dolor sit amet, consetetur sadipscing elitr, sed diam nonumy eirmod tempor invidunt ut labore et dolore magna
						</description>
					</feature>
				</alt>
				<or mandatory="true" name="F_5622E2D9A18B">
					<description>
						
					</description>
					<feature mandatory="true" name="F_490BF7A0673D">
						<description>
							Lorem ipsum dolor sit amet, consetetur sadipscing
						</description>
					</feature>
					<feature mandatory="true" name="F_7CAA9C9D711F">
						<description>
							Lorem ipsum dolor sit amet, consetetur sadipscing elitr, sed diam n
						</description>
					</feature>
					<feature mandatory="true" name="F_1374623BAC92">
						<description>
							Lorem ipsum dolor sit amet, consetetur sadipscing elitr, sed diam nonumy
						</description>
					</feature>
					<feature mandatory="true" name="F_8B54D09091FC">
						<description>
							Lorem ipsum dolor sit amet, consetetur sadipscing elitr, sed diam n
						</description>
					</feature>
					<feature mandatory="true" name="F_07ADD960D90F">
						<description>
							
						</description>
					</feature>
				</or>
				<alt mandatory="true" name="I_2575251467__F_80A22103D839">
					<description>
						Lorem ipsum do
					</description>
					<feature mandatory="true" name="I_2575251467__F_E4BC2D791F18">
						<description>
							Lorem ipsum dolor sit amet, consetetur sadipscing elitr, sed diam nonumy eirmod tempor invidunt
						</description>
					</feature>
					<feature mandatory="true" name="I_2575251467__F_56A88C783E40">
						<description>
							Lorem ipsum dolor sit amet, consetetur sadipscing elitr, sed diam nonumy eirmod tempor invidunt u
						</description>
					</feature>
					<feature mandatory="true" name="I_2575251467__F_0F32255843CF">
						<description>
							Lorem ipsum dolor sit amet, consetetur sadipscing elitr, sed diam nonumy eirmod tempor invidunt
						</description>
					</feature>
					<feature mandatory="true" name="I_2575251467__F_421A0C507788">
						<description>
							Lorem ipsum dolor sit amet, consetetur sadipscing elitr, sed diam nonumy eirmod tempor invidunt ut labore et dolore
						</description>
					</feature>
					<feature mandatory="true" name="I_2575251467__F_21083B75D869">
						<description>
							Lorem ipsum dolor sit amet, consetetur sadipscing elitr, sed diam nonumy eirmod tempor invidunt ut labore et dolore
						</description>
					</feature>
					<feature mandatory="true" name="I_2575251467__F_E0CF8DBD6267">
						<description>
							Lorem ipsum dolor sit amet, consetetur sadipscing elitr, sed diam nonumy eirmod tempor invidunt ut labore et dolore magna aliquya
						</description>
					</feature>
					<feature mandatory="true" name="I_2575251467__F_9CCF610738A4">
						<description>
							
						</description>
					</feature>
				</alt>
				<alt mandatory="true" name="I_7760305__F_0577550DE03D">
					<description>
						Lorem ipsum do
					</description>
					<feature mandatory="true" name="I_7760305__F_3A42D079DD81">
						<description>
							Lorem ipsum dolor sit amet, consetetur sadipscing elitr, sed diam nonumy eirmod tempor invidunt
						</description>
					</feature>
					<feature mandatory="true" name="I_7760305__F_11CEF3B43F11">
						<description>
							Lorem ipsum dolor sit amet, consetetur sadipscing elitr, sed diam nonumy eirmod tempor invidunt u
						</description>
					</feature>
					<feature mandatory="true" name="I_7760305__F_7478CDE452E5">
						<description>
							Lorem ipsum dolor sit amet, consetetur sadipscing elitr, sed diam nonumy eirmod tempor invidunt
						</description>
					</feature>
					<feature mandatory="true" name="I_7760305__F_888CF84F1121">
						<description>
							Lorem ipsum dolor sit amet, consetetur sadipscing elitr, sed diam nonumy eirmod tempor invidunt ut labore et dolore
						</description>
					</feature>
					<feature mandatory="true" name="I_7760305__F_91DBBC47D7E3">
						<description>
							Lorem ipsum dolor sit amet, consetetur sadipscing elitr, sed diam nonumy eirmod tempor invidunt ut labore et dolore
						</description>
					</feature>
					<feature mandatory="true" name="I_7760305__F_0C1E8C5BE5C8">
						<description>
							Lorem ipsum dolor sit amet, consetetur sadipscing elitr, sed diam nonumy eirmod tempor invidunt ut labore et dolore magna aliquya
						</description>
					</feature>
					<feature mandatory="true" name="I_7760305__F_D82C159BB788">
						<description>
							
						</description>
					</feature>
				</alt>
				<alt mandatory="true" name="F_DFD5E42E9B2D">
					<description>
						
					</description>
					<feature mandatory="true" name="F_F785E9DB694C">
						<description>
							
						</description>
					</feature>
					<feature mandatory="true" name="F_B709EC4C65DD">
						<description>
							
						</description>
					</feature>
				</alt>
				<alt mandatory="true" name="F_1A79ABB8F0A7">
					<description>
						Lorem ipsum dolor sit amet, consetetur sadipscing elitr, sed diam nonumy eirmod tempor invidunt ut labore et dolore magna aliquyam erat, sed diam voluptua. At vero eos et accusam et justo duo do
					</description>
					<feature mandatory="true" name="F_90C6322BD63E">
						<description>
							
						</description>
					</feature>
					<feature mandatory="true" name="F_47B5B916A851">
						<description>
							
						</description>
					</feature>
				</alt>
				<feature name="F_0E265B10E6B0">
					<description>
						
					</description>
				</feature>
				<feature name="F_3DF122257B11">
					<description>
						
					</description>
				</feature>
				<feature name="F_5BA578210CDE">
					<description>
						
					</description>
				</feature>
				<feature name="F_0BED5E916352">
					<description>
						
					</description>
				</feature>
				<feature name="F_55D95DA906FE">
					<description>
						
					</description>
				</feature>
				<feature name="F_C6D6D916FF14">
					<description>
						
					</description>
				</feature>
			</and>
		</struct>
		<constraints>
			<rule>
				<imp>
					<var>I_2575251467__F_E0CF8DBD6267</var>
					<var>F_0E265B10E6B0</var>
				</imp>
			</rule>
			<rule>
				<imp>
					<disj>
						<var>I_7760305__F_0C1E8C5BE5C8</var>
						<conj>
							<var>I_7760305__F_D82C159BB788</var>
							<var>F_0E265B10E6B0</var>
						</conj>
					</disj>
					<var>F_3DF122257B11</var>
				</imp>
			</rule>
			<rule>
				<imp>
					<var>I_2575251467__F_21083B75D869</var>
					<var>F_5BA578210CDE</var>
				</imp>
			</rule>
			<rule>
				<imp>
					<disj>
						<var>I_7760305__F_91DBBC47D7E3</var>
						<conj>
							<var>I_7760305__F_D82C159BB788</var>
							<var>F_5BA578210CDE</var>
						</conj>
					</disj>
					<var>F_0BED5E916352</var>
				</imp>
			</rule>
			<rule>
				<imp>
					<disj>
						<var>I_2575251467__F_E4BC2D791F18</var>
						<disj>
							<var>I_2575251467__F_56A88C783E40</var>
							<disj>
								<var>I_2575251467__F_0F32255843CF</var>
								<var>I_2575251467__F_421A0C507788</var>
							</disj>
						</disj>
					</disj>
					<var>F_55D95DA906FE</var>
				</imp>
			</rule>
			<rule>
				<imp>
					<disj>
						<var>I_7760305__F_3A42D079DD81</var>
						<disj>
							<var>I_7760305__F_11CEF3B43F11</var>
							<disj>
								<var>I_7760305__F_7478CDE452E5</var>
								<disj>
									<var>I_7760305__F_888CF84F1121</var>
									<conj>
										<var>I_7760305__F_D82C159BB788</var>
										<var>F_55D95DA906FE</var>
									</conj>
								</disj>
							</disj>
						</disj>
					</disj>
					<var>F_C6D6D916FF14</var>
				</imp>
			</rule>
			<rule>
				<imp>
					<not>
						<var>F_B709EC4C65DD</var>
					</not>
					<var>F_F785E9DB694C</var>
				</imp>
			</rule>
			<rule>
				<imp>
					<var>F_B709EC4C65DD</var>
					<not>
						<var>F_F785E9DB694C</var>
					</not>
				</imp>
			</rule>
		</constraints>
		<calculations Auto="true" Constraints="true" Features="true" Redundant="true" Tautology="true"/>
		<comments>
			<c/>
		</comments>
		<featureOrder userDefined="false"/>
	</featureModel>
