<?xml version="1.0" encoding="UTF-8" standalone="no"?>
	<featureModel>
		<properties/>
		<struct>
			<and mandatory="true" name="N_2183537675__F_2DC50EB8CA6B">
				<description>
					Lorem i
				</description>
				<alt mandatory="true" name="F_69B429BBF4AE">
					<description>
						Lorem ipsum dolor sit amet, consetetur sadipscing elitr, sed diam nonumy eirmod tempor invidunt ut labore et dolore magna aliquyam erat, sed diam voluptua. At vero
					</description>
					<feature mandatory="true" name="F_DCB210C316C4">
						<description>
							
						</description>
					</feature>
					<feature mandatory="true" name="F_8B868816FF21">
						<description>
							
						</description>
					</feature>
				</alt>
				<feature name="F_30BDE74F3939">
					<description>
						
					</description>
				</feature>
			</and>
		</struct>
		<constraints/>
		<calculations Auto="true" Constraints="true" Features="true" Redundant="true" Tautology="true"/>
		<comments>
			<c/>
		</comments>
		<featureOrder userDefined="false"/>
	</featureModel>
