<?xml version="1.0" encoding="UTF-8" standalone="no"?>
	<layout chosenLayoutAlgorithm="4" horizontalLayout="false" showCollapsedConstraints="false">
		<struct>
			<feature collapsed="true" name="F_1D3E881D325D"/>
			<feature collapsed="true" name="I_1423157794__F_D29922A9132C"/>
			<feature collapsed="true" name="I_2155531008__F_17A650138320"/>
			<feature collapsed="true" name="F_0961A1620840"/>
			<feature collapsed="true" name="N_2058330622__F_858E34A9BEFB"/>
			<feature collapsed="true" name="F_ED39CF9B120E"/>
			<feature collapsed="true" name="I_1737436838__F_47A1F90A4A55"/>
			<feature collapsed="true" name="F_5F1E2BBE82A1"/>
			<feature collapsed="true" name="F_79288318EAD4"/>
			<feature collapsed="true" name="F_FA77C0E77C90"/>
			<feature collapsed="true" name="F_A6D1B5506676"/>
			<feature collapsed="true" name="F_D4C910DBA669"/>
			<feature collapsed="true" name="F_20D49F62B0DA"/>
			<feature collapsed="true" name="F_9B8C71EC1A51"/>
			<feature collapsed="true" name="F_9F5364DA9095"/>
			<feature collapsed="true" name="F_AB563A4FF266"/>
			<feature collapsed="true" name="I_589509309__F_816CD2FBB723"/>
			<feature collapsed="true" name="F_56EEA5D47B24"/>
			<feature collapsed="true" name="I_921795804__F_2C592A19D10A"/>
			<feature collapsed="true" name="F_D74C9F03844D"/>
			<feature collapsed="true" name="F_1A8D89DB4348"/>
			<feature collapsed="true" name="F_A7B7D32DB495"/>
			<feature collapsed="true" name="F_0DD32BFE0A92"/>
			<feature collapsed="true" name="F_B2C4EFF8576B"/>
			<feature collapsed="true" name="F_9387CA27F8F9"/>
			<feature collapsed="true" name="F_B450316CD60D"/>
			<feature collapsed="true" name="F_E03085F9523F"/>
			<feature collapsed="true" name="F_C2AB9E001BC0"/>
			<feature collapsed="true" name="F_B5B7ABCF56B8"/>
			<feature collapsed="true" name="I_992035218__F_A3235A28BED5"/>
			<feature collapsed="true" name="I_2438896432__F_68F28E4E8759"/>
			<feature collapsed="true" name="I_2720534568__F_AB914750DFD1"/>
			<feature collapsed="true" name="F_97970B630BC3"/>
			<feature collapsed="true" name="I_3070170500__F_1AB77ECAB39D"/>
			<feature collapsed="true" name="I_10425688__F_ADFCB957D44C"/>
			<feature collapsed="true" name="I_1011647883__F_A71742CAB4A5"/>
			<feature collapsed="true" name="I_4244176544__F_22B4AE595C21"/>
			<feature collapsed="true" name="F_8CCE8B2D0D74"/>
			<feature collapsed="true" name="I_4027596687__F_F395C2620EC3"/>
			<feature collapsed="true" name="I_4220861113__F_E5C95E80F1F4"/>
			<feature collapsed="true" name="F_A11107388BAB"/>
			<feature collapsed="true" name="I_318152588__F_5F019D87DE21"/>
			<feature collapsed="true" name="I_1895162327__F_34A7837DC5BF"/>
			<feature collapsed="true" name="I_4270227228__F_19A48EECD109"/>
			<feature collapsed="true" name="F_F49335EC0111"/>
			<feature collapsed="true" name="F_6AE101F6AA72"/>
			<feature collapsed="true" name="I_3317482594__F_04AD08668096"/>
			<feature collapsed="true" name="I_2072629__F_ACF64DD6135F"/>
			<feature collapsed="true" name="I_1654418179__F_33444CE93DE7"/>
			<feature collapsed="true" name="F_5B21137CFCE7"/>
			<feature collapsed="true" name="F_D207CC059879"/>
			<feature collapsed="true" name="I_1340761650__F_0150440CD0B1"/>
			<feature collapsed="true" name="F_B4887B5BFEFD"/>
			<feature collapsed="true" name="F_DED17E1452B0"/>
			<feature collapsed="true" name="N_3567789813__F_DEB87CE38A27"/>
			<feature collapsed="true" name="F_3BD3E58F38EE"/>
			<feature collapsed="true" name="F_94F63B1437BF"/>
			<feature collapsed="true" name="F_C02312F060FD"/>
			<feature collapsed="true" name="I_846630879__F_3EAE5DD92D2C"/>
			<feature collapsed="true" name="F_7583595C7A47"/>
			<feature collapsed="true" name="F_B908E72817B6"/>
			<feature collapsed="true" name="F_FB20481B3381"/>
			<feature collapsed="true" name="F_D429D758DA24"/>
			<feature collapsed="true" name="I_3056168386__F_8A550D94E533"/>
			<feature collapsed="true" name="N_1205318624__F_13F8D7E7A35A"/>
			<feature collapsed="true" name="I_2877283941__F_FCD2284D12F5"/>
			<feature collapsed="true" name="F_DB7ACCBFC5F8"/>
			<feature collapsed="true" name="F_3E06AF75CAC8"/>
			<feature collapsed="true" name="F_F1033B00B960"/>
			<feature collapsed="true" name="I_992035218__F_700F1164C3E9"/>
			<feature collapsed="true" name="F_60CF8B3E6B65"/>
			<feature collapsed="true" name="I_108101684__F_6958A210BB6C"/>
			<feature collapsed="true" name="F_8E0692694689"/>
			<feature collapsed="true" name="I_505306787__F_E79DF9727E20"/>
			<feature collapsed="true" name="F_B49A44BA22C0"/>
			<feature collapsed="true" name="I_3640598000__F_96BF61D04B11"/>
			<feature collapsed="true" name="F_4B56DA2FE8F1"/>
			<feature collapsed="true" name="F_EB2C8831E3DB"/>
			<feature collapsed="true" name="F_A617C39D6D74"/>
			<feature collapsed="true" name="I_3017018665__F_E7824D7139A7"/>
			<feature collapsed="true" name="F_017FF907E9C9"/>
			<feature collapsed="true" name="I_2155531008__F_7BF25D1287FE"/>
			<feature collapsed="true" name="I_2904388221__F_BAD176B17978"/>
			<feature collapsed="true" name="I_1625483967__F_8DA461A71763"/>
			<feature collapsed="true" name="F_747C4A02D792"/>
			<feature collapsed="true" name="I_3292493506__F_E8F8B0601E87"/>
			<feature collapsed="true" name="I_4244176544__F_DC463B115C9B"/>
			<feature collapsed="true" name="I_1409355188__F_2C2E3BDE0546"/>
			<feature collapsed="true" name="F_648BCB446C19"/>
			<feature collapsed="true" name="N_3567789813__F_731BBD9B4517"/>
			<feature collapsed="true" name="I_3121573016__F_8B6941804E14"/>
			<feature collapsed="true" name="F_A12B5910DDE7"/>
			<feature collapsed="true" name="F_F638BF1027B4"/>
			<feature collapsed="true" name="I_2638331713__F_0FE11F12B615"/>
			<feature collapsed="true" name="I_4152228758__F_8D462F615DBE"/>
			<feature collapsed="true" name="I_3070170500__F_3BB486EAEC95"/>
			<feature collapsed="true" name="I_2063176262__F_E16DB949F0B8"/>
			<feature collapsed="true" name="I_2358381103__F_D79F61F11689"/>
			<feature collapsed="true" name="I_2772816945__F_53640C5952B0"/>
			<feature collapsed="true" name="I_2306953098__F_520156D12128"/>
			<feature collapsed="true" name="F_08AE428F6361"/>
			<feature collapsed="true" name="I_1268296240__F_459F869E5494"/>
			<feature collapsed="true" name="I_1983806244__F_4082DCB33A6F"/>
			<feature collapsed="true" name="I_1409355188__F_2C9261F328BC"/>
			<feature collapsed="true" name="F_4AFC73E795E5"/>
			<feature collapsed="true" name="I_3045005148__F_F624C1DF493B"/>
			<feature collapsed="true" name="F_C0D3DBC88980"/>
			<feature collapsed="true" name="I_505306787__F_69A344CB05AF"/>
			<feature collapsed="true" name="F_CACE37F7FEB2"/>
			<feature collapsed="true" name="F_18F8887BFB85"/>
			<feature collapsed="true" name="F_126BF88CE2BB"/>
			<feature collapsed="true" name="F_9473E86B0D01"/>
			<feature collapsed="true" name="F_41F0CEF91497"/>
			<feature collapsed="true" name="I_4013370014__F_A269DFB20C59"/>
			<feature collapsed="true" name="I_3640598000__F_E03E37CB219D"/>
			<feature collapsed="true" name="I_3123340039__F_AA0E9CD4F34C"/>
			<feature collapsed="true" name="F_97FF7EA69619"/>
			<feature collapsed="true" name="F_5242A74B198D"/>
			<feature collapsed="true" name="N_2737574353__F_A578787E947A"/>
			<feature collapsed="true" name="N_2336738165__F_A2B841DB3498"/>
			<feature collapsed="true" name="I_879694188__F_633DFDB4A504"/>
			<feature collapsed="true" name="F_78D5543A8DDB"/>
			<feature collapsed="true" name="F_B415BC0AE170"/>
			<feature collapsed="true" name="I_362503061__F_71EB6B287CBA"/>
			<feature collapsed="true" name="F_ED78B33E5561"/>
			<feature collapsed="true" name="I_1853139500__F_CFADB0AFF15C"/>
			<feature collapsed="true" name="F_9D6990341013"/>
			<feature collapsed="true" name="I_1853139500__F_652439D0FE02"/>
			<feature collapsed="true" name="I_2155531008__F_6D35C47E61D7"/>
			<feature collapsed="true" name="F_686061F6270A"/>
			<feature collapsed="true" name="I_4027596687__F_6F931ECEEEA2"/>
			<feature collapsed="true" name="F_AA1C6DA672A9"/>
			<feature collapsed="true" name="I_3006809684__F_277D22775198"/>
			<feature collapsed="true" name="I_3254265106__F_97E83FC89DE1"/>
			<feature collapsed="true" name="F_24E42B7A6AAB"/>
			<feature collapsed="true" name="F_9593A24B6CB6"/>
			<feature collapsed="true" name="F_1DB4A8F021D3"/>
			<feature collapsed="true" name="F_9BA3143D02B2"/>
			<feature collapsed="true" name="I_2358381103__F_11B9B1724449"/>
			<feature collapsed="true" name="F_957329EE5206"/>
			<feature collapsed="true" name="N_4229289184__F_5C639A59D8B1"/>
			<feature collapsed="true" name="I_3898273415__F_C070157E10B2"/>
			<feature collapsed="true" name="F_993DED6D04A5"/>
			<feature collapsed="true" name="I_3730764103__F_E929F7E3726F"/>
			<feature collapsed="true" name="I_2348797494__F_A54848F7C9A5"/>
			<feature collapsed="true" name="I_2828396927__F_C833558B95CF"/>
			<feature collapsed="true" name="I_186947531__F_A46A7D51A622"/>
			<feature collapsed="true" name="I_1604104369__F_A465B67FEEB2"/>
			<feature collapsed="true" name="I_3395655703__F_5B4CF991E4B1"/>
			<feature collapsed="true" name="F_57E33FFA09AB"/>
			<feature collapsed="true" name="F_BDB08D3C2B11"/>
			<feature collapsed="true" name="F_36ACE2999489"/>
			<feature collapsed="true" name="F_982FF6D84806"/>
			<feature collapsed="true" name="I_3927145093__F_BD044BC25840"/>
			<feature collapsed="true" name="I_832354501__F_5A71D768A9DD"/>
			<feature collapsed="true" name="F_E79D3C8F6D6D"/>
			<feature collapsed="true" name="F_22CEC53AD9C5"/>
			<feature collapsed="true" name="F_2B787C4740C6"/>
			<feature collapsed="true" name="I_2306953098__F_0BF86F68ED0A"/>
			<feature collapsed="true" name="F_0E7E1AB114FC"/>
			<feature collapsed="true" name="F_04F84EADBE6A"/>
			<feature collapsed="true" name="F_2B60D4AC2832"/>
			<feature collapsed="true" name="F_DCF6DADC5B47"/>
			<feature collapsed="true" name="I_1955508027__F_ECE886BE6B45"/>
			<feature collapsed="true" name="F_36F89A3D7AD5"/>
			<feature collapsed="true" name="I_2266435353__F_14C9D7A030E4"/>
			<feature collapsed="true" name="F_C352B113F1C1"/>
			<feature collapsed="true" name="I_4060439866__F_323D5A6F9269"/>
			<feature collapsed="true" name="I_3930492887__F_ACA661644014"/>
			<feature collapsed="true" name="F_1467195E1C63"/>
			<feature collapsed="true" name="I_681279527__F_D97238369621"/>
			<feature collapsed="true" name="F_6D045F398161"/>
			<feature collapsed="true" name="F_3D5A320D005E"/>
			<feature collapsed="true" name="F_5427E3E3C417"/>
			<feature collapsed="true" name="I_277356080__F_7A43A06C0D0F"/>
			<feature collapsed="true" name="F_930746FB089E"/>
			<feature collapsed="true" name="I_3824206844__F_DD1ECB4AF0E8"/>
			<feature collapsed="true" name="I_3576635582__F_EF0643FCE303"/>
			<feature collapsed="true" name="N_1181380493__F_C8EAC0FC7701"/>
			<feature collapsed="true" name="F_40BD6EC47A50"/>
			<feature collapsed="true" name="I_505306787__F_F5F9EF7683B3"/>
			<feature collapsed="true" name="F_31F02A5CF85E"/>
			<feature collapsed="true" name="F_AB93BAB9255A"/>
			<feature collapsed="true" name="F_C53A1C09A9B0"/>
			<feature collapsed="true" name="F_0E45DB255D5D"/>
			<feature collapsed="true" name="I_3070170500__F_6F836FB350B1"/>
			<feature collapsed="true" name="F_19FFE471B7EB"/>
			<feature collapsed="true" name="F_18A9EB94B6A2"/>
			<feature collapsed="true" name="I_992035218__F_6F945968836D"/>
			<feature collapsed="true" name="F_A47926882ADE"/>
			<feature collapsed="true" name="I_3395655703__F_23C04303213E"/>
			<feature collapsed="true" name="F_1EDD6A0F7489"/>
			<feature collapsed="true" name="I_1277587716__F_5D3096EB0BC1"/>
			<feature collapsed="true" name="F_129D3594E744"/>
			<feature collapsed="true" name="F_4BEECAA27C31"/>
			<feature collapsed="true" name="F_F19DD66B10D4"/>
			<feature collapsed="true" name="I_3824206844__F_B3A03A849E26"/>
			<feature collapsed="true" name="I_2348797494__F_B31BA249A4FC"/>
			<feature collapsed="true" name="I_1901313853__F_B30B72B6D716"/>
			<feature collapsed="true" name="F_AB197773C8D6"/>
			<feature collapsed="true" name="F_4FA3CEFB84E2"/>
			<feature collapsed="true" name="F_DE21D2D970C3"/>
			<feature collapsed="true" name="F_0C43FD732944"/>
			<feature collapsed="true" name="F_122BA5B3AE81"/>
			<feature collapsed="true" name="F_182C6BA42FD5"/>
			<feature collapsed="true" name="I_1710337818__F_CB51F339D334"/>
			<feature collapsed="true" name="F_328DF45047CA"/>
			<feature collapsed="true" name="I_1604104369__F_8DCBD140F6BB"/>
			<feature collapsed="true" name="I_4027596687__F_89E7BF5907DA"/>
			<feature collapsed="true" name="F_32291DB2CB06"/>
			<feature collapsed="true" name="F_84140F85EBA8"/>
			<feature collapsed="true" name="I_681279527__F_2744156BF9B1"/>
			<feature collapsed="true" name="F_4B0545F3181C"/>
			<feature collapsed="true" name="F_C3A0992EA044"/>
			<feature collapsed="true" name="I_1955508027__F_9388F48C27E2"/>
			<feature collapsed="true" name="I_921795804__F_06EA3EDD66AA"/>
			<feature collapsed="true" name="I_1853139500__F_0022656428B7"/>
			<feature collapsed="true" name="F_354322956360"/>
			<feature collapsed="true" name="I_2638331713__F_6603500BEA10"/>
			<feature collapsed="true" name="I_3442299793__F_818DD5AA6078"/>
			<feature collapsed="true" name="I_651829037__F_DBC064540077"/>
			<feature collapsed="true" name="I_3631096653__F_70B90068C9D4"/>
			<feature collapsed="true" name="I_4281904941__F_7EE38C31E6EF"/>
			<feature collapsed="true" name="F_2F89A26A989E"/>
			<feature collapsed="true" name="F_7361F0992277"/>
			<feature collapsed="true" name="F_AFC48692F695"/>
			<feature collapsed="true" name="F_12D6F0533FA9"/>
			<feature collapsed="true" name="F_2A725D9995B8"/>
			<feature collapsed="true" name="I_2575251467__F_80A22103D839"/>
			<feature collapsed="true" name="I_1625483967__F_847BBA99FC74"/>
			<feature collapsed="true" name="F_5A33E28B2804"/>
			<feature collapsed="true" name="I_789218679__F_43B3267A53BB"/>
			<feature collapsed="true" name="I_794248616__F_F8A47A25CD25"/>
			<feature collapsed="true" name="F_71498CCD858E"/>
			<feature collapsed="true" name="I_3070170500__F_38B64D3FFC8C"/>
			<feature collapsed="true" name="I_2057704617__F_4EF30DA94635"/>
			<feature collapsed="true" name="I_505306787__F_BFEFD9629C01"/>
			<feature collapsed="true" name="I_1100939710__F_3C6D02B6A92F"/>
			<feature collapsed="true" name="I_1915112965__F_D37985E7DF0E"/>
			<feature collapsed="true" name="F_E7C0262303C9"/>
			<feature collapsed="true" name="F_000876A704B7"/>
			<feature collapsed="true" name="I_2667282683__F_602A446F58C5"/>
			<feature collapsed="true" name="I_4050661265__F_952A139509BA"/>
			<feature collapsed="true" name="F_E04EDD0C75D7"/>
			<feature collapsed="true" name="F_1B8000CE8720"/>
			<feature collapsed="true" name="F_67E6D08DABCD"/>
			<feature collapsed="true" name="F_6C577E28F313"/>
			<feature collapsed="true" name="F_413140D0229E"/>
			<feature collapsed="true" name="F_BCC01ECA7B45"/>
			<feature collapsed="true" name="F_46EA5B725E65"/>
			<feature collapsed="true" name="I_971250568__F_2587A808CCF8"/>
			<feature collapsed="true" name="F_9C07D6E3178A"/>
			<feature collapsed="true" name="F_AD17FA95298D"/>
			<feature collapsed="true" name="I_2562010902__F_74B76D7D0AC3"/>
			<feature collapsed="true" name="I_59350957__F_CBE44E550D07"/>
			<feature collapsed="true" name="I_318152588__F_58551D00741A"/>
			<feature collapsed="true" name="I_1011647883__F_53DA4FD2DAEB"/>
			<feature collapsed="true" name="F_BDBBDD04DB0D"/>
			<feature collapsed="true" name="F_91403C936D5A"/>
			<feature collapsed="true" name="F_0A8E79F37F06"/>
			<feature collapsed="true" name="I_3675597546__F_2C77CD1DE270"/>
			<feature collapsed="true" name="F_EE3742B43516"/>
			<feature collapsed="true" name="I_234791632__F_58950DF677C7"/>
			<feature collapsed="true" name="I_1955508027__F_7C5A9B70B359"/>
			<feature collapsed="true" name="F_5090C02E4D09"/>
			<feature collapsed="true" name="F_A3AC6097E343"/>
			<feature collapsed="true" name="F_8AF509272F06"/>
			<feature collapsed="true" name="I_1730478528__F_276916638B95"/>
			<feature collapsed="true" name="N_210133672__F_362E3BA3926D"/>
			<feature collapsed="true" name="N_3143329948__F_90641BC54AF4"/>
			<feature collapsed="true" name="I_804668478__F_6B6693344D1C"/>
			<feature collapsed="true" name="F_083BC6976FB1"/>
			<feature collapsed="true" name="F_FA8164E2DB3A"/>
			<feature collapsed="true" name="F_F9F3A29B14A2"/>
			<feature collapsed="true" name="F_079A5285BA97"/>
			<feature collapsed="true" name="F_55B432ECB388"/>
			<feature collapsed="true" name="F_019E6F33325B"/>
			<feature collapsed="true" name="F_1F7D03DE53E1"/>
			<feature collapsed="true" name="F_E4EFD910DEEE"/>
			<feature collapsed="true" name="F_D42999B4A545"/>
			<feature collapsed="true" name="F_C34D46621AA4"/>
			<feature collapsed="true" name="I_4270227228__F_1401C31ED36C"/>
			<feature collapsed="true" name="F_6A93B618E4DA"/>
			<feature collapsed="true" name="F_E06368F1F03E"/>
			<feature collapsed="true" name="F_88AADDE4C705"/>
			<feature collapsed="true" name="F_9AC104A6EB9D"/>
			<feature collapsed="true" name="F_E10156E37F7C"/>
			<feature collapsed="true" name="F_904800EC5B0B"/>
			<feature collapsed="true" name="F_1D1E45F1D4D7"/>
			<feature collapsed="true" name="I_2363959501__F_589AF3A1CE6D"/>
			<feature collapsed="true" name="N_2420195815__F_FB197705B17E"/>
			<feature collapsed="true" name="F_A0A2F948E2AC"/>
			<feature collapsed="true" name="I_3177359489__F_0D2C9D8AADDA"/>
			<feature collapsed="true" name="I_1011647883__F_8238BB0E32BC"/>
			<feature collapsed="true" name="N_3567789813__F_3A8BF3917760"/>
			<feature collapsed="true" name="F_C4A178F19B65"/>
			<feature collapsed="true" name="I_2979189149__F_51A056AE680E"/>
			<feature collapsed="true" name="F_C2DBE1C3A60E"/>
			<feature collapsed="true" name="F_DE155AD838AC"/>
			<feature collapsed="true" name="F_357BDB1A6906"/>
			<feature collapsed="true" name="F_72188ABCAC20"/>
			<feature collapsed="true" name="F_2C07631F89A1"/>
			<feature collapsed="true" name="I_986688501__F_69B966FE3F55"/>
			<feature collapsed="true" name="I_2499277674__F_9D67974485E1"/>
			<feature collapsed="true" name="F_D5C504BDB564"/>
			<feature collapsed="true" name="I_2063493806__F_154C88655C50"/>
			<feature collapsed="true" name="I_4139709915__F_33B8B57D8CF4"/>
			<feature collapsed="true" name="I_1484566597__F_80052A65C41F"/>
			<feature collapsed="true" name="I_1654418179__F_9AAB54E9F9DA"/>
			<feature collapsed="true" name="I_4192975621__F_BCE65199268C"/>
			<feature collapsed="true" name="I_570790106__F_7B64D8137EFF"/>
			<feature collapsed="true" name="I_3439877134__F_F6CBDA0C0BB2"/>
			<feature collapsed="true" name="F_737FF40FFC83"/>
			<feature collapsed="true" name="F_60573B04E500"/>
			<feature collapsed="true" name="I_2708032765__F_1FDB57D4D6AE"/>
			<feature collapsed="true" name="I_832354501__F_1FE2EAE38AD0"/>
			<feature collapsed="true" name="F_2F5BBBEF73A3"/>
			<feature collapsed="true" name="F_6F0DCC065400"/>
			<feature collapsed="true" name="I_4270227228__F_ABAEEC7196AC"/>
			<feature collapsed="true" name="F_33BE957D127C"/>
			<feature collapsed="true" name="I_4192975621__F_5740AA77F7F3"/>
			<feature collapsed="true" name="F_CF2E7657B98A"/>
			<feature collapsed="true" name="F_754DD3875F1F"/>
			<feature collapsed="true" name="I_3099482565__F_6E6773201436"/>
			<feature collapsed="true" name="F_5B7E394D1972"/>
			<feature collapsed="true" name="I_318152588__F_0E30471A4E1D"/>
			<feature collapsed="true" name="F_EF1E73CBD824"/>
			<feature collapsed="true" name="I_1119813760__F_3F7F4476B04E"/>
			<feature collapsed="true" name="F_C38895D05BC8"/>
			<feature collapsed="true" name="F_968BAA64621A"/>
			<feature collapsed="true" name="I_2909159638__F_BA843A0819F4"/>
			<feature collapsed="true" name="I_855176224__F_F47E49483D0B"/>
			<feature collapsed="true" name="F_C719B927E7F6"/>
			<feature collapsed="true" name="F_7629EAFDD4DC"/>
			<feature collapsed="true" name="F_121AABC3C03E"/>
			<feature collapsed="true" name="I_3930492887__F_4A590E18FE21"/>
			<feature collapsed="true" name="F_42ED9E905144"/>
			<feature collapsed="true" name="F_71134CB78A87"/>
			<feature collapsed="true" name="I_2720534568__F_7E9777C87905"/>
			<feature collapsed="true" name="I_1654418179__F_EC1EB10B4C55"/>
			<feature collapsed="true" name="F_9DBED97E3EFE"/>
			<feature collapsed="true" name="F_53C70BC61D47"/>
			<feature collapsed="true" name="I_611055931__F_B5EEE8C4DDC5"/>
			<feature collapsed="true" name="I_3930492887__F_06BACABA7375"/>
			<feature collapsed="true" name="F_49F99B7DC7F9"/>
			<feature collapsed="true" name="I_1034055660__F_554F7539D10A"/>
			<feature collapsed="true" name="F_6177292072AA"/>
			<feature collapsed="true" name="F_4119BD0A8467"/>
			<feature collapsed="true" name="I_4270227228__F_A93EF73EAC6E"/>
			<feature collapsed="true" name="I_1895162327__F_145D54B5F487"/>
			<feature collapsed="true" name="F_8273A00274B4"/>
			<feature collapsed="true" name="I_1492219048__F_11EEFF1BD049"/>
			<feature collapsed="true" name="F_2D3D24AF9B9A"/>
			<feature collapsed="true" name="F_DE184EEA1EF7"/>
			<feature collapsed="true" name="I_2638331713__F_54F7709695E6"/>
			<feature collapsed="true" name="I_2952277350__F_D56C4F6CF2A7"/>
			<feature collapsed="true" name="N_2183537675__F_2DC50EB8CA6B"/>
			<feature collapsed="true" name="I_4220861113__F_80C8763CDC2E"/>
			<feature collapsed="true" name="F_9D09745B7EDD"/>
			<feature collapsed="true" name="F_CB72AC3C20C0"/>
			<feature collapsed="true" name="F_D7930FFE92BF"/>
			<feature collapsed="true" name="I_912278113__F_5DC105708EE6"/>
			<feature collapsed="true" name="F_74F474B2849E"/>
			<feature collapsed="true" name="F_8F6BEE85A1D3"/>
			<feature collapsed="true" name="F_EF5CCE7B0408"/>
			<feature collapsed="true" name="F_341A17D65BC5"/>
			<feature collapsed="true" name="F_87DD8E8C2B99"/>
			<feature collapsed="true" name="F_854AD5A8CB4D"/>
			<feature collapsed="true" name="F_F2912C70C79C"/>
			<feature collapsed="true" name="F_8C3FC288DD03"/>
			<feature collapsed="true" name="I_1292210238__F_AD3B784CA594"/>
			<feature collapsed="true" name="F_7EB70A327EEC"/>
			<feature collapsed="true" name="F_56838B50F7E5"/>
			<feature collapsed="true" name="F_1769C1B41C52"/>
			<feature collapsed="true" name="F_02B1C5C6FDA1"/>
			<feature collapsed="true" name="I_912278113__F_44A31FCB76FC"/>
			<feature collapsed="true" name="I_364654978__F_2FA4B3525C36"/>
			<feature collapsed="true" name="F_BC40217CD965"/>
			<feature collapsed="true" name="I_524685542__F_1D1662916359"/>
			<feature collapsed="true" name="F_E654A824EDA2"/>
			<feature collapsed="true" name="F_C299B7235906"/>
			<feature collapsed="true" name="F_B2F62E9B7C9B"/>
			<feature collapsed="true" name="F_32C254010D41"/>
			<feature collapsed="true" name="F_1E1A2BF77C77"/>
			<feature collapsed="true" name="F_1BC32A953B0A"/>
			<feature collapsed="true" name="I_2675495310__F_67111421D361"/>
			<feature collapsed="true" name="I_3288349739__F_102F6345B817"/>
			<feature collapsed="true" name="I_3640598000__F_F62C47736FA6"/>
			<feature collapsed="true" name="I_3640598000__F_86FEAEB47795"/>
			<feature collapsed="true" name="F_0C152504D42E"/>
			<feature collapsed="true" name="F_19230C964CC8"/>
			<feature collapsed="true" name="F_465511664667"/>
			<feature collapsed="true" name="I_1679646767__F_9D926C1850FD"/>
			<feature collapsed="true" name="F_7EB9444DFE40"/>
			<feature collapsed="true" name="I_1130897914__F_3B8A063CF5D7"/>
			<feature collapsed="true" name="I_10425688__F_BFAE89D04FCF"/>
			<feature collapsed="true" name="I_447879168__F_1F286F10CA46"/>
			<feature collapsed="true" name="I_2929702251__F_453EBA06DA15"/>
			<feature collapsed="true" name="F_A687C7AC76A3"/>
			<feature collapsed="true" name="F_206983698E83"/>
			<feature collapsed="true" name="F_FF6357CF02F6"/>
			<feature collapsed="true" name="F_8E826D3171AE"/>
			<feature collapsed="true" name="I_320491705__F_58167331305A"/>
			<feature collapsed="true" name="F_9352E7600A5D"/>
			<feature collapsed="true" name="F_DF4FB3AEEFD2"/>
			<feature collapsed="true" name="I_4245959061__F_6F2117D5EA53"/>
			<feature collapsed="true" name="F_C2E0EA18AF5B"/>
			<feature collapsed="true" name="F_20CACBC9AD6E"/>
			<feature collapsed="true" name="I_2266435353__F_EBFB50E9B155"/>
			<feature collapsed="true" name="I_2499277674__F_2B08696FBEB6"/>
			<feature collapsed="true" name="F_3DDBE35FE52F"/>
			<feature collapsed="true" name="F_68779F45F743"/>
			<feature collapsed="true" name="F_FA43AF453423"/>
			<feature collapsed="true" name="F_5C22B3F9C39D"/>
			<feature collapsed="true" name="F_C9B112191655"/>
			<feature collapsed="true" name="F_026138E0F1CE"/>
			<feature collapsed="true" name="F_1A9AAC2CE6D0"/>
			<feature collapsed="true" name="F_ABE83D0478E0"/>
			<feature collapsed="true" name="F_74F47C81E2B8"/>
			<feature collapsed="true" name="F_06DCF7096EB6"/>
			<feature collapsed="true" name="F_180D8235EE59"/>
			<feature collapsed="true" name="F_AE1CFC3556EF"/>
			<feature collapsed="true" name="I_807554867__F_C24230F36B90"/>
			<feature collapsed="true" name="I_4220861113__F_CC4057C4AA46"/>
			<feature collapsed="true" name="I_3576635582__F_F2005A8DC1EC"/>
			<feature collapsed="true" name="F_64F0087B5BE3"/>
			<feature collapsed="true" name="F_B9DA90BEFD9B"/>
			<feature collapsed="true" name="F_68835E9A68B5"/>
			<feature collapsed="true" name="F_EE9A080FE5B1"/>
			<feature collapsed="true" name="I_1346211315__F_8D2462811C75"/>
			<feature collapsed="true" name="F_68910A3D11D5"/>
			<feature collapsed="true" name="F_9E4A4F97E323"/>
			<feature collapsed="true" name="F_B049A315718C"/>
			<feature collapsed="true" name="F_1615AF959532"/>
			<feature collapsed="true" name="N_2085033141__F_C53EADCFF030"/>
			<feature collapsed="true" name="I_1130897914__F_5F4EDDD04E62"/>
			<feature collapsed="true" name="F_EC6061387C1D"/>
			<feature collapsed="true" name="I_3025502797__F_08E24DDFAFEF"/>
			<feature collapsed="true" name="F_547A3516A9BE"/>
			<feature collapsed="true" name="F_051824FB3706"/>
			<feature collapsed="true" name="N_1399725897__F_CBC8987C9FE2"/>
			<feature collapsed="true" name="I_2397866899__F_3EC0DEF454A8"/>
			<feature collapsed="true" name="I_20532146__F_C26069BA829F"/>
			<feature collapsed="true" name="F_51D1DE2ABDAC"/>
			<feature collapsed="true" name="I_822969976__F_396F96F961E6"/>
			<feature collapsed="true" name="F_41C246D71164"/>
			<feature collapsed="true" name="F_DDD0E3F5304B"/>
			<feature collapsed="true" name="I_7760305__F_0577550DE03D"/>
			<feature collapsed="true" name="I_2979276807__F_A985FCA1BBDF"/>
			<feature collapsed="true" name="F_EF64D704554B"/>
			<feature collapsed="true" name="F_B3A2E53CD803"/>
			<feature collapsed="true" name="F_1499F287CD3D"/>
			<feature collapsed="true" name="F_F7D469C85707"/>
			<feature collapsed="true" name="F_2941C11A78AF"/>
			<feature collapsed="true" name="I_400939561__F_6DC7154FB5D6"/>
			<feature collapsed="true" name="F_5430BE059AC6"/>
			<feature collapsed="true" name="F_9EE13247D5C8"/>
			<feature collapsed="true" name="F_5A8C6551BB67"/>
			<feature collapsed="true" name="F_7E8517E6E189"/>
			<feature collapsed="true" name="F_5D2A38F3A36B"/>
			<feature collapsed="true" name="I_1411645995__F_7C3CA528695D"/>
			<feature collapsed="true" name="F_BD0B4FA69621"/>
			<feature collapsed="true" name="I_831961299__F_D9659F0BE79D"/>
			<feature collapsed="true" name="F_29F74BBAB54A"/>
			<feature collapsed="true" name="F_DC53B5934C64"/>
			<feature collapsed="true" name="F_25AA0F183B81"/>
			<feature collapsed="true" name="F_A6F835FA4832"/>
			<feature collapsed="true" name="I_3631096653__F_2E13D61CC66C"/>
			<feature collapsed="true" name="I_832354501__F_1DADF727687D"/>
			<feature collapsed="true" name="F_F2855219479F"/>
			<feature collapsed="true" name="F_A5A6353DF7A9"/>
			<feature collapsed="true" name="I_4013370014__F_A846266C5375"/>
			<feature collapsed="true" name="F_40B588504324"/>
			<feature collapsed="true" name="I_3070170500__F_D8FDB3286BEF"/>
			<feature collapsed="true" name="I_1117418607__F_035BD8C68B98"/>
			<feature collapsed="true" name="F_C9D964A5AF8C"/>
			<feature collapsed="true" name="F_D99E4036ED42"/>
			<feature collapsed="true" name="F_0025089234EC"/>
			<feature collapsed="true" name="F_B36B1CB54067"/>
			<feature collapsed="true" name="F_C732B9A2CEBE"/>
			<feature collapsed="true" name="I_2594414880__F_73BF8B6D81C6"/>
			<feature collapsed="true" name="F_7C2A72BE6996"/>
			<feature collapsed="true" name="F_89C3D386422D"/>
			<feature collapsed="true" name="F_15CE9F000EF5"/>
			<feature collapsed="true" name="F_299CEC0914FE"/>
			<feature collapsed="true" name="F_D6E92B19534B"/>
			<feature collapsed="true" name="F_13E1D684FB37"/>
			<feature collapsed="true" name="I_2772816945__F_61F56787D8C6"/>
			<feature collapsed="true" name="I_2266435353__F_F640EF62D9B9"/>
			<feature collapsed="true" name="F_422E95C1BE08"/>
			<feature collapsed="true" name="F_85B872F2A0EB"/>
			<feature collapsed="true" name="F_AAAB2EB1023F"/>
			<feature collapsed="true" name="F_770DAC02854D"/>
			<feature collapsed="true" name="N_379925076__F_38B931BD5000"/>
			<feature collapsed="true" name="I_1492219048__F_41B778C114E1"/>
			<feature collapsed="true" name="F_1CA41DCD9BA7"/>
			<feature collapsed="true" name="F_E63451CAA51A"/>
			<feature collapsed="true" name="F_38B0F69E8792"/>
			<feature collapsed="true" name="I_992035218__F_37CD6F08641E"/>
			<feature collapsed="true" name="I_230663079__F_2042C263F7B5"/>
			<feature collapsed="true" name="F_81B386633B2F"/>
			<feature collapsed="true" name="N_3143329948__F_BB9A57486700"/>
			<feature collapsed="true" name="F_D9EBB933A858"/>
			<feature collapsed="true" name="F_A5BBFA482946"/>
			<feature collapsed="true" name="F_D27EB5AA7132"/>
			<feature collapsed="true" name="F_1EC8B43215D6"/>
			<feature collapsed="true" name="I_611055931__F_D0672D3B00AD"/>
			<feature collapsed="true" name="I_4264317050__F_791C4DE7CF24"/>
			<feature collapsed="true" name="F_42F8BABCE1E2"/>
			<feature collapsed="true" name="I_1710337818__F_B39C7219BEE5"/>
			<feature collapsed="true" name="F_FE9277DF24EF"/>
			<feature collapsed="true" name="F_6EB9D74917DB"/>
			<feature collapsed="true" name="I_320491705__F_0EF70D610DA8"/>
			<feature collapsed="true" name="F_8563E37FFE99"/>
			<feature collapsed="true" name="I_3824206844__F_54B77C7B3479"/>
			<feature collapsed="true" name="I_2838175369__F_284F00840C2E"/>
			<feature collapsed="true" name="F_FBC47EE159C2"/>
			<feature collapsed="true" name="I_2979189149__F_97DD7137CDF4"/>
			<feature collapsed="true" name="F_9B5E4BE9DA49"/>
			<feature collapsed="true" name="I_1853139500__F_A00F718BF75B"/>
			<feature collapsed="true" name="F_B8D4672A1072"/>
			<feature collapsed="true" name="F_3A62F44B9C89"/>
			<feature collapsed="true" name="I_2397866899__F_4A940889D3FA"/>
			<feature collapsed="true" name="F_E27A33C820EF"/>
			<feature collapsed="true" name="F_67EC5C55D384"/>
			<feature collapsed="true" name="F_44326AC71B3F"/>
			<feature collapsed="true" name="F_E0211648E939"/>
			<feature collapsed="true" name="I_3254265106__F_BCBA4F0EEBD7"/>
			<feature collapsed="true" name="F_00B4F5532487"/>
			<feature collapsed="true" name="F_921DD98BEC3C"/>
			<feature collapsed="true" name="F_5D256A83D5F9"/>
			<feature collapsed="true" name="I_4220861113__F_B870BFB8BE8C"/>
			<feature collapsed="true" name="F_D3DB32A8EA91"/>
			<feature collapsed="true" name="I_4180683566__F_6B7D8D49D1AC"/>
			<feature collapsed="true" name="F_C244100A107A"/>
			<feature collapsed="true" name="F_B21E30A386BF"/>
			<feature collapsed="true" name="F_CB7A77652930"/>
			<feature collapsed="true" name="I_1679646767__F_18AE5602450E"/>
			<feature collapsed="true" name="I_323285826__F_ED4F876DEDF7"/>
			<feature collapsed="true" name="F_AE24D4F7E07A"/>
			<feature collapsed="true" name="I_3663818816__F_CEBC0F97391E"/>
			<feature collapsed="true" name="I_2499277674__F_9062D3317D3F"/>
			<feature collapsed="true" name="F_DC432C7E2EFC"/>
			<feature collapsed="true" name="F_2C9F348AC0B6"/>
			<feature collapsed="true" name="I_2499277674__F_EC5672090A43"/>
			<feature collapsed="true" name="F_CED8B94985E3"/>
			<feature collapsed="true" name="I_2828396927__F_B6F2B8326443"/>
			<feature collapsed="true" name="I_3737390642__F_32130AC9E4EA"/>
			<feature collapsed="true" name="I_135160190__F_E1B611A7AD25"/>
			<feature collapsed="true" name="F_C4E96680C8A6"/>
			<feature collapsed="true" name="F_F2F7AF6E627F"/>
			<feature collapsed="true" name="I_318152588__F_87D4B643BC36"/>
			<feature collapsed="true" name="F_8EEC6BFE940D"/>
			<feature collapsed="true" name="F_A13BD4D146B0"/>
			<feature collapsed="true" name="F_DF216E811728"/>
			<feature collapsed="true" name="F_826941150215"/>
			<feature collapsed="true" name="F_E4C07282545F"/>
			<feature collapsed="true" name="F_F5028751B551"/>
			<feature collapsed="true" name="F_8D5F1325A0A7"/>
			<feature collapsed="true" name="F_1BF8FE6538A1"/>
			<feature collapsed="true" name="F_DF272AE2DB42"/>
			<feature collapsed="true" name="I_1184598099__F_D256878B7AD6"/>
			<feature collapsed="true" name="I_10425688__F_39DD38DDD268"/>
			<feature collapsed="true" name="I_761058295__F_4B658DC5EEB6"/>
			<feature collapsed="true" name="I_3254265106__F_D173831A3D8A"/>
			<feature collapsed="true" name="N_2901286810__F_DA37EE9A3865"/>
			<feature collapsed="true" name="I_1420843952__F_4ADFCA765F9A"/>
			<feature collapsed="true" name="F_0670DF22F318"/>
			<feature collapsed="true" name="F_83AD205CD844"/>
			<feature collapsed="true" name="I_3196886810__F_78629DC0B363"/>
			<feature collapsed="true" name="I_3527599271__F_FE06486F98CF"/>
			<feature collapsed="true" name="I_1263252765__F_1325F71E10CC"/>
			<feature collapsed="true" name="F_3E48586141DB"/>
			<feature collapsed="true" name="F_4E7653F57697"/>
			<feature collapsed="true" name="I_681279527__F_358611F935B9"/>
			<feature collapsed="true" name="F_2566B649AD90"/>
			<feature collapsed="true" name="I_59350957__F_A206BA27AFAF"/>
			<feature collapsed="true" name="F_637C03611A97"/>
			<feature collapsed="true" name="F_E1CECB175811"/>
			<feature collapsed="true" name="F_630DBBA04FEC"/>
			<feature collapsed="true" name="I_587611426__F_788BC9D5D6C2"/>
			<feature collapsed="true" name="I_1763274293__F_81B13FEE7514"/>
			<feature collapsed="true" name="I_1296972118__F_407734999406"/>
			<feature collapsed="true" name="I_4030218861__F_27B8BB2B0CF3"/>
			<feature collapsed="true" name="F_A681BA3218E4"/>
			<feature collapsed="true" name="N_2056103036__F_D021AE459933"/>
			<feature collapsed="true" name="I_505306787__F_10ACE2572314"/>
			<feature collapsed="true" name="F_4F0AFD9D3852"/>
			<feature collapsed="true" name="F_0C694E0F1FE5"/>
			<feature collapsed="true" name="F_66A8098BE2D7"/>
			<feature collapsed="true" name="F_1242CCB9D6F1"/>
			<feature collapsed="true" name="F_A86A6FE51CFF"/>
			<feature collapsed="true" name="I_1304992611__F_CA641630D0C3"/>
			<feature collapsed="true" name="F_06A1A9373E7C"/>
			<feature collapsed="true" name="F_6E21F39CB860"/>
			<feature collapsed="true" name="F_5F188ACD5914"/>
			<feature collapsed="true" name="I_2945777336__F_9579F7A757C6"/>
			<feature collapsed="true" name="F_65CAC0B149E5"/>
			<feature collapsed="true" name="I_320491705__F_ADF1DB4CF42B"/>
			<feature collapsed="true" name="F_129F23054D48"/>
			<feature collapsed="true" name="I_1007057088__F_ACA51B3ACD2A"/>
			<feature collapsed="true" name="N_1321705845__F_350693985AA8"/>
			<feature collapsed="true" name="I_2333765327__F_E0140180AE39"/>
			<feature collapsed="true" name="I_4244176544__F_C1B64741E307"/>
			<feature collapsed="true" name="F_DA9E6BE0876C"/>
			<feature collapsed="true" name="F_8C99D89A784D"/>
			<feature collapsed="true" name="I_1763274293__F_D162DE8F3057"/>
			<feature collapsed="true" name="I_1184598099__F_95B9FAE316F1"/>
			<feature collapsed="true" name="F_5714C83BAD6D"/>
			<feature collapsed="true" name="I_2667282683__F_2F3C1504F2D9"/>
			<feature collapsed="true" name="I_2299038048__F_886482EBC5C0"/>
			<feature collapsed="true" name="I_4245959061__F_30213CABB7EF"/>
			<feature collapsed="true" name="F_9B79C1DA23E4"/>
			<feature collapsed="true" name="I_1763274293__F_B739920E5070"/>
			<feature collapsed="true" name="F_9784FF7CD92B"/>
			<feature collapsed="true" name="F_DCA1B371E8EB"/>
			<feature collapsed="true" name="F_85491CB3F691"/>
			<feature collapsed="true" name="F_45B0587ABAA7"/>
			<feature collapsed="true" name="F_58040EDE75F4"/>
			<feature collapsed="true" name="F_BBEBA0B11542"/>
			<feature collapsed="true" name="F_F4DACCDF03F1"/>
			<feature collapsed="true" name="F_A167FA2E250D"/>
			<feature collapsed="true" name="F_6C3738847DD8"/>
			<feature collapsed="true" name="I_2772816945__F_81EB3BD4E539"/>
			<feature collapsed="true" name="N_2072278899__F_A6ED47079997"/>
			<feature collapsed="true" name="F_5F6D388FDAB3"/>
			<feature collapsed="true" name="I_2381030355__F_F05D86D2555B"/>
			<feature collapsed="true" name="F_9C8A432C73A7"/>
			<feature collapsed="true" name="I_1710337818__F_156041D5F934"/>
			<feature collapsed="true" name="I_3158998358__F_0333A02B5D0F"/>
			<feature collapsed="true" name="I_2747726415__F_1CD9F08487B6"/>
			<feature collapsed="true" name="F_589E26BC870C"/>
			<feature collapsed="true" name="I_59350957__F_8A7C0DD523CB"/>
			<feature collapsed="true" name="F_B8FB9DC8EC3B"/>
			<feature collapsed="true" name="F_3431278969A0"/>
			<feature collapsed="true" name="I_2720534568__F_2D5474B9F2EE"/>
			<feature collapsed="true" name="I_2348797494__F_0A833FFCBA16"/>
			<feature collapsed="true" name="F_0369E333CD37"/>
			<feature collapsed="true" name="F_B6CECB352825"/>
			<feature collapsed="true" name="I_318152588__F_60BDED2CA356"/>
			<feature collapsed="true" name="F_DFD5E42E9B2D"/>
			<feature collapsed="true" name="I_2667282683__F_74C6CF007A9F"/>
			<feature collapsed="true" name="F_9E3FB129B360"/>
			<feature collapsed="true" name="I_1771255303__F_8DC2ECF89B88"/>
			<feature collapsed="true" name="F_A165D609B7A7"/>
			<feature collapsed="true" name="I_3824206844__F_AD4363F5DABC"/>
			<feature collapsed="true" name="I_2952277350__F_F51F0DA24BE6"/>
			<feature collapsed="true" name="N_2056103036__F_853B123D460D"/>
			<feature collapsed="true" name="F_5BCB93D92532"/>
			<feature collapsed="true" name="F_95DE9654CCAA"/>
			<feature collapsed="true" name="F_53C962129B71"/>
			<feature collapsed="true" name="F_A4FD8098241E"/>
			<feature collapsed="true" name="F_AB10B4BEE9AD"/>
			<feature collapsed="true" name="F_45F1FC08BA81"/>
			<feature collapsed="true" name="N_3567789813__F_DDDBF31A3CC1"/>
			<feature collapsed="true" name="F_F417A360B85A"/>
			<feature collapsed="true" name="N_1362949869__F_381C4F3CD711"/>
			<feature collapsed="true" name="F_09888F2185DD"/>
			<feature collapsed="true" name="I_3653111706__F_0E5469D1CA91"/>
			<feature collapsed="true" name="F_9FA98724B3C8"/>
			<feature collapsed="true" name="F_DFEA67530CDB"/>
			<feature collapsed="true" name="I_1983806244__F_221DFCB57140"/>
			<feature collapsed="true" name="I_43874453__F_1A6D4374932C"/>
			<feature collapsed="true" name="N_2056103036__F_38407F2D6979"/>
			<feature collapsed="true" name="F_4C84CCD8726F"/>
			<feature collapsed="true" name="F_D936C36DAB78"/>
			<feature collapsed="true" name="I_1443718061__F_82D0AA51A0C0"/>
			<feature collapsed="true" name="F_BE6DC9AD4D20"/>
			<feature collapsed="true" name="I_1492219048__F_75AB904F0C91"/>
			<feature collapsed="true" name="N_1282974__F_A25CCD8E6C18"/>
			<feature collapsed="true" name="I_2286307785__F_7772D9782280"/>
			<feature collapsed="true" name="I_3276976859__F_F96484ACE6B0"/>
			<feature collapsed="true" name="I_3926993405__F_0C3923B91E24"/>
			<feature collapsed="true" name="I_427006650__F_CA11708EEF96"/>
			<feature collapsed="true" name="F_1FE44FFAD111"/>
			<feature collapsed="true" name="F_9F9D288496E0"/>
			<feature collapsed="true" name="F_D835E97C1C04"/>
			<feature collapsed="true" name="F_7EF19EEA4390"/>
			<feature collapsed="true" name="I_3898273415__F_2A667521EB84"/>
			<feature collapsed="true" name="I_921795804__F_574A60022B82"/>
			<feature collapsed="true" name="F_DD3B6ADE3C32"/>
			<feature collapsed="true" name="F_1EB6D3D911B8"/>
			<feature collapsed="true" name="I_3331711243__F_A1C4D4B95F68"/>
			<feature collapsed="true" name="F_6034232DFF72"/>
			<feature collapsed="true" name="I_2638331713__F_EED42549D3D9"/>
			<feature collapsed="true" name="F_31AD51151438"/>
			<feature collapsed="true" name="F_70A8EE346D2E"/>
			<feature collapsed="true" name="F_D1ADBBA03C5E"/>
			<feature collapsed="true" name="F_BE7CCC976F34"/>
			<feature collapsed="true" name="I_1492219048__F_DF5D575072D0"/>
			<feature collapsed="true" name="F_C4A260B7256A"/>
			<feature collapsed="true" name="F_69B429BBF4AE"/>
			<feature collapsed="true" name="F_8BFA9399DC31"/>
			<feature collapsed="true" name="I_1679646767__F_8E30BF7F9539"/>
			<feature collapsed="true" name="F_2AB19DE0D2F9"/>
			<feature collapsed="true" name="I_2130468174__F_BCFEAD7B3B5C"/>
			<feature collapsed="true" name="I_3640598000__F_2D1A481E2236"/>
			<feature collapsed="true" name="I_2306953098__F_6F8E7DC6C4FF"/>
			<feature collapsed="true" name="I_3439877134__F_572FD7DD4A0C"/>
			<feature collapsed="true" name="F_235006A9FB04"/>
			<feature collapsed="true" name="F_5F917541E8D3"/>
			<feature collapsed="true" name="F_3ABB1F1894AD"/>
			<feature collapsed="true" name="F_73A87FA66B57"/>
			<feature collapsed="true" name="F_5622E2D9A18B"/>
			<feature collapsed="true" name="F_995B2DB5F03F"/>
			<feature collapsed="true" name="F_F732FF52C048"/>
			<feature collapsed="true" name="I_2063176262__F_B664A124FAC7"/>
			<feature collapsed="true" name="F_8494025ED3F7"/>
			<feature collapsed="true" name="F_BDBDA3C7BDA6"/>
			<feature collapsed="true" name="F_4EC8956381CC"/>
			<feature collapsed="true" name="I_3331711243__F_133A183892B2"/>
			<feature collapsed="true" name="F_F2672040CD04"/>
			<feature collapsed="true" name="I_2720534568__F_1807248F5A7E"/>
			<feature collapsed="true" name="F_E1D7F3A7A729"/>
			<feature collapsed="true" name="I_2553289224__F_C05148CF9F8C"/>
			<feature collapsed="true" name="I_2942899163__F_EC993D4E4CE2"/>
			<feature collapsed="true" name="F_0AAC59792FD4"/>
			<feature collapsed="true" name="F_32FAA9606809"/>
			<feature collapsed="true" name="I_3930492887__F_EB17D9D32404"/>
			<feature collapsed="true" name="I_2124632390__F_04BC81FB7ED3"/>
			<feature collapsed="true" name="I_3659154155__F_3E7DF0615FC9"/>
			<feature collapsed="true" name="F_5EDF02EB3AEA"/>
			<feature collapsed="true" name="I_3697682672__F_57E95B794E70"/>
			<feature collapsed="true" name="F_06AC31100838"/>
			<feature collapsed="true" name="I_1277587716__F_21D457AD3D7C"/>
			<feature collapsed="true" name="F_32C5E20C7BFD"/>
			<feature collapsed="true" name="F_8B1D710DE8F1"/>
			<feature collapsed="true" name="F_553603CB1910"/>
			<feature collapsed="true" name="I_3527599271__F_389A631A9056"/>
			<feature collapsed="true" name="F_8E3E021B9833"/>
			<feature collapsed="true" name="F_6B9E28C0974C"/>
			<feature collapsed="true" name="F_66279FD1527A"/>
			<feature collapsed="true" name="F_E387A70B7AC8"/>
			<feature collapsed="true" name="I_3254265106__F_014A075DA609"/>
			<feature collapsed="true" name="F_1CEAF2160335"/>
			<feature collapsed="true" name="I_2358381103__F_D92B5ADA21D4"/>
			<feature collapsed="true" name="F_70218B3A70E8"/>
			<feature collapsed="true" name="F_310004248D41"/>
			<feature collapsed="true" name="I_832354501__F_4C188EF5E7A6"/>
			<feature collapsed="true" name="F_D7AA6A0B30CE"/>
			<feature collapsed="true" name="F_37760DD136D7"/>
			<feature collapsed="true" name="I_3925651565__F_179F85D69577"/>
			<feature collapsed="true" name="I_2952277350__F_1ABA8E3BD199"/>
			<feature collapsed="true" name="F_6ECF2E4ADB12"/>
			<feature collapsed="true" name="F_9665DE80BCD8"/>
			<feature collapsed="true" name="F_C063E38BA1AC"/>
			<feature collapsed="true" name="F_947F39A93DA8"/>
			<feature collapsed="true" name="F_0101B1B41B5F"/>
			<feature collapsed="true" name="F_4EED5C21C55F"/>
			<feature collapsed="true" name="F_4E811328D007"/>
			<feature collapsed="true" name="F_BD6C42F91426"/>
			<feature collapsed="true" name="F_E6796B7FB9CA"/>
			<feature collapsed="true" name="I_1184598099__F_B1CDECCF595E"/>
			<feature collapsed="true" name="F_30FC0C4B0A36"/>
			<feature collapsed="true" name="F_BCFE9B767607"/>
			<feature collapsed="true" name="F_9DC4AA9E13D6"/>
			<feature collapsed="true" name="F_80FA2481463E"/>
			<feature collapsed="true" name="I_3386712753__F_9EF59D6A4797"/>
			<feature collapsed="true" name="I_4220861113__F_50FB1F9AC2EA"/>
			<feature collapsed="true" name="F_B7BD558FE039"/>
			<feature collapsed="true" name="F_F8AD1E9D6B2A"/>
			<feature collapsed="true" name="F_531571DDA4F0"/>
			<feature collapsed="true" name="I_1520641489__F_E1A176203175"/>
			<feature collapsed="true" name="F_387C2E5C5FEE"/>
			<feature collapsed="true" name="I_4052387336__F_4C442BE5F0AA"/>
			<feature collapsed="true" name="I_2638331713__F_FB75B972E2FC"/>
			<feature collapsed="true" name="I_2942899163__F_D68685060370"/>
			<feature collapsed="true" name="I_2006459854__F_22339113BB25"/>
			<feature collapsed="true" name="F_FEC6FFFBF4D1"/>
			<feature collapsed="true" name="F_5699D8F03B3F"/>
			<feature collapsed="true" name="F_5809A041C97C"/>
			<feature collapsed="true" name="F_9C1EA50D1FED"/>
			<feature collapsed="true" name="I_1175107310__F_A6784ADC381C"/>
			<feature collapsed="true" name="I_2225963575__F_085F979E3646"/>
			<feature collapsed="true" name="F_031EA0C99EF4"/>
			<feature collapsed="true" name="I_234791632__F_6FF092D751F7"/>
			<feature collapsed="true" name="I_1809764789__F_C7FC41FFE716"/>
			<feature collapsed="true" name="I_2376406869__F_F85CC459A165"/>
			<feature collapsed="true" name="F_C2A3F3CDCDBD"/>
			<feature collapsed="true" name="F_30ABA7115319"/>
			<feature collapsed="true" name="I_2952277350__F_C14DDD232B29"/>
			<feature collapsed="true" name="I_2306953098__F_3265DF1D50A2"/>
			<feature collapsed="true" name="F_F4A8195A09F5"/>
			<feature collapsed="true" name="I_921795804__F_759FC31CC51C"/>
			<feature collapsed="true" name="F_BA6AADA09526"/>
			<feature collapsed="true" name="F_AF4F39A1DA80"/>
			<feature collapsed="true" name="F_708712580461"/>
			<feature collapsed="true" name="F_90B697FCB82D"/>
			<feature collapsed="true" name="F_80C554B028DE"/>
			<feature collapsed="true" name="F_EA25A1EB48BB"/>
			<feature collapsed="true" name="I_1710337818__F_7CD03F42F811"/>
			<feature collapsed="true" name="I_2551518615__F_0D5D84D0671F"/>
			<feature collapsed="true" name="I_500239726__F_AC2E711FA5C8"/>
			<feature collapsed="true" name="F_CDEB2BC1EB6E"/>
			<feature collapsed="true" name="I_1165082441__F_7BF84CCDC9BC"/>
			<feature collapsed="true" name="I_2553289224__F_8AF8C955D390"/>
			<feature collapsed="true" name="I_133353793__F_0DDB27B1C0DE"/>
			<feature collapsed="true" name="I_133353793__F_5C384EB98FD8"/>
			<feature collapsed="true" name="I_4027596687__F_8F39D423111A"/>
			<feature collapsed="true" name="I_1901313853__F_3BEBD694B4FB"/>
			<feature collapsed="true" name="F_4DE176CD0C88"/>
			<feature collapsed="true" name="F_97ED4E42958E"/>
			<feature collapsed="true" name="F_64A3B14CAC81"/>
			<feature collapsed="true" name="I_3576635582__F_95C71FCE659A"/>
			<feature collapsed="true" name="F_4D421C5A299A"/>
			<feature collapsed="true" name="F_28672FAC534F"/>
			<feature collapsed="true" name="F_F1A64294DB2E"/>
			<feature collapsed="true" name="F_97E04FF1724E"/>
			<feature collapsed="true" name="F_6FF16FC1CEAA"/>
			<feature collapsed="true" name="F_BA1C3372752E"/>
			<feature collapsed="true" name="F_A93F5CA4FF86"/>
			<feature collapsed="true" name="F_9D1D274EF821"/>
			<feature collapsed="true" name="I_362503061__F_FA685D4E53FF"/>
			<feature collapsed="true" name="F_D8423B395B8D"/>
			<feature collapsed="true" name="F_19D128AD9D64"/>
			<feature collapsed="true" name="F_F6EBA8D4B497"/>
			<feature collapsed="true" name="I_822969976__F_2A5DF5C6EC9C"/>
			<feature collapsed="true" name="I_2358381103__F_30C764BF9D5D"/>
			<feature collapsed="true" name="I_3925651565__F_09BE08FD2B99"/>
			<feature collapsed="true" name="I_2063176262__F_4DD8AF5E22F2"/>
			<feature collapsed="true" name="I_362503061__F_08171A774AFB"/>
			<feature collapsed="true" name="I_2979189149__F_E8B270A61F14"/>
			<feature collapsed="true" name="I_20532146__F_302A0C200682"/>
			<feature collapsed="true" name="F_682EE2C43430"/>
			<feature collapsed="true" name="I_427006650__F_203F61315798"/>
			<feature collapsed="true" name="F_FA2127E54448"/>
			<feature collapsed="true" name="I_1492219048__F_948D6B3F0B2E"/>
			<feature collapsed="true" name="I_439951634__F_4539D50CEB42"/>
			<feature collapsed="true" name="I_681279527__F_33B38718CE4E"/>
			<feature collapsed="true" name="I_1710337818__F_60A0A15BFE10"/>
			<feature collapsed="true" name="I_832354501__F_2FA7D5B0E3EF"/>
			<feature collapsed="true" name="F_C48024B5A4F5"/>
			<feature collapsed="true" name="F_D4EBB1A2FBE4"/>
			<feature collapsed="true" name="F_6940A6170944"/>
			<feature collapsed="true" name="F_06B4DD23A57D"/>
			<feature collapsed="true" name="F_0C150DC8539F"/>
			<feature collapsed="true" name="F_8C8340CCD72A"/>
			<feature collapsed="true" name="F_56AA505DAC58"/>
			<feature collapsed="true" name="F_0A7FB52A4A78"/>
			<feature collapsed="true" name="I_1903603874__F_6FB471066545"/>
			<feature collapsed="true" name="I_2006459854__F_C46E93C6F19A"/>
			<feature collapsed="true" name="F_C90482D94B93"/>
			<feature collapsed="true" name="F_B37CDA55BC53"/>
			<feature collapsed="true" name="F_359C8845B79C"/>
			<feature collapsed="true" name="I_879694188__F_83A961E2594C"/>
			<feature collapsed="true" name="I_133353793__F_2D01FEC54177"/>
			<feature collapsed="true" name="N_3453227005__F_E9B20AE9BA32"/>
			<feature collapsed="true" name="F_3FAD91DCB676"/>
			<feature collapsed="true" name="F_174F71C010FA"/>
			<feature collapsed="true" name="F_F8CBFE49B92B"/>
			<feature collapsed="true" name="F_DADF44403F84"/>
			<feature collapsed="true" name="F_76EA82B3846D"/>
			<feature collapsed="true" name="F_FAF121E40D98"/>
			<feature collapsed="true" name="F_DE6D85E0DCE0"/>
			<feature collapsed="true" name="I_3698913011__F_BCE15A3DE88A"/>
			<feature collapsed="true" name="I_1184598099__F_F38BAD932441"/>
			<feature collapsed="true" name="F_D2A298A77B1F"/>
			<feature collapsed="true" name="F_EE23DC3D59F4"/>
			<feature collapsed="true" name="F_D531BF400203"/>
			<feature collapsed="true" name="I_106205099__F_90AF8DD7B9B0"/>
			<feature collapsed="true" name="F_FEF0BBD4A576"/>
			<feature collapsed="true" name="F_F9C8788B5582"/>
			<feature collapsed="true" name="I_1263252765__F_9DD27B97D5B4"/>
			<feature collapsed="true" name="F_4A2D34DA0CA7"/>
			<feature collapsed="true" name="I_3576635582__F_717DA41E0443"/>
			<feature collapsed="true" name="F_36D5CD424069"/>
			<feature collapsed="true" name="I_234791632__F_A2D40EBEB84B"/>
			<feature collapsed="true" name="F_FCADCFE5839C"/>
			<feature collapsed="true" name="I_234791632__F_FECF896FC930"/>
			<feature collapsed="true" name="F_79119FBD48C5"/>
			<feature collapsed="true" name="F_39B7B90A3EF6"/>
			<feature collapsed="true" name="I_1625483967__F_B67A9BDE1358"/>
			<feature collapsed="true" name="I_320491705__F_7F492A7DA615"/>
			<feature collapsed="true" name="I_2673729041__F_9FF92BDD1713"/>
			<feature collapsed="true" name="F_7552F0FA370A"/>
			<feature collapsed="true" name="I_4244176544__F_57BF7F12D809"/>
			<feature collapsed="true" name="F_A1641CC3B0CD"/>
			<feature collapsed="true" name="F_CB66833678E4"/>
			<feature collapsed="true" name="I_3675284913__F_0A4A5E2C0A1F"/>
			<feature collapsed="true" name="I_1763274293__F_A551BB97DB19"/>
			<feature collapsed="true" name="F_0C098924D30B"/>
			<feature collapsed="true" name="I_1175107310__F_CDBE26549B7E"/>
			<feature collapsed="true" name="F_5F1CD03E8A75"/>
			<feature collapsed="true" name="I_1843449524__F_D7227EBC94E6"/>
			<feature collapsed="true" name="I_3527599271__F_35FE9DABA933"/>
			<feature collapsed="true" name="F_989DF7AEED23"/>
			<feature collapsed="true" name="F_AFC74903C638"/>
			<feature collapsed="true" name="I_2442177381__F_D62E40C8F333"/>
			<feature collapsed="true" name="I_1604104369__F_B5224E8BC488"/>
			<feature collapsed="true" name="F_0CAE3F0420AA"/>
			<feature collapsed="true" name="F_2D928E3C12DF"/>
			<feature collapsed="true" name="F_8D7D9DA4F93B"/>
			<feature collapsed="true" name="F_63E3C2657AD3"/>
			<feature collapsed="true" name="I_2979189149__F_B4EC595C1A32"/>
			<feature collapsed="true" name="F_B3FD7C1BEF50"/>
			<feature collapsed="true" name="F_7DE43845CED6"/>
			<feature collapsed="true" name="F_7B13BD7FB504"/>
			<feature collapsed="true" name="F_910C69BF4D0C"/>
			<feature collapsed="true" name="F_CDE0E7815C37"/>
			<feature collapsed="true" name="F_F61D7DF4F3BD"/>
			<feature collapsed="true" name="I_1515971425__F_6C7E557837AB"/>
			<feature collapsed="true" name="F_CD59D9EE88EE"/>
			<feature collapsed="true" name="F_682A9D4CA6B1"/>
			<feature collapsed="true" name="F_CFCF379CAAA0"/>
			<feature collapsed="true" name="I_4152228758__F_EF302414D504"/>
			<feature collapsed="true" name="F_E0AD228D0940"/>
			<feature collapsed="true" name="I_681279527__F_2EC06D093887"/>
			<feature collapsed="true" name="I_1654418179__F_F875167ABA2C"/>
			<feature collapsed="true" name="F_B306835CA9B7"/>
			<feature collapsed="true" name="I_2674040949__F_964C461C08BB"/>
			<feature collapsed="true" name="F_49C3A9AD53BA"/>
			<feature collapsed="true" name="F_21BF4CA530DC"/>
			<feature collapsed="true" name="I_2358381103__F_34C841F8E63D"/>
			<feature collapsed="true" name="F_0FF78494F1E0"/>
			<feature collapsed="true" name="F_8DADA6063D72"/>
			<feature collapsed="true" name="F_00A2827C501E"/>
			<feature collapsed="true" name="I_804668478__F_73DB39A3B082"/>
			<feature collapsed="true" name="I_1672181369__F_8B5BB657F4AA"/>
			<feature collapsed="true" name="F_E47A116D49FC"/>
			<feature collapsed="true" name="F_1A79ABB8F0A7"/>
			<feature collapsed="true" name="F_EC61A262A614"/>
			<feature collapsed="true" name="F_78641A2091BB"/>
			<feature collapsed="true" name="I_1011647883__F_52AFAB04E5CC"/>
			<feature collapsed="true" name="I_2348797494__F_E28375F04FEF"/>
			<feature collapsed="true" name="F_068DE58B86DA"/>
			<feature collapsed="true" name="F_EA528411D796"/>
			<feature collapsed="true" name="F_3A83F1855A93"/>
			<feature collapsed="true" name="I_2397866899__F_7E990FECA71C"/>
			<feature collapsed="true" name="F_B13680F3A428"/>
			<feature collapsed="true" name="N_129489771__F_04964F3CF47A"/>
			<feature collapsed="true" name="F_9F595A5AE9F0"/>
			<feature collapsed="true" name="F_DCDEECD676E6"/>
			<feature collapsed="true" name="F_3789CE8AEB20"/>
			<feature collapsed="true" name="F_C2DE427261FF"/>
			<feature collapsed="true" name="F_0B5B64C7427E"/>
			<feature collapsed="true" name="I_2348797494__F_A5BCA19C95D7"/>
			<feature collapsed="true" name="F_98996689A198"/>
			<feature collapsed="true" name="F_A1BD487648BB"/>
			<feature collapsed="true" name="I_3401006977__F_C7E5A566DFFA"/>
			<feature collapsed="true" name="F_8C5EA8F4241A"/>
			<feature collapsed="true" name="F_F8F2D28CFC79"/>
			<feature collapsed="true" name="I_3576635582__F_35341A5FC8B8"/>
			<feature collapsed="true" name="N_2733546001__F_9D8D42719228"/>
			<feature collapsed="true" name="F_EBC6898AEFC1"/>
			<feature collapsed="true" name="F_59668F9A4A33"/>
			<feature collapsed="true" name="F_5D4CAC478E33"/>
			<feature collapsed="true" name="F_DED597264011"/>
			<feature collapsed="true" name="F_1F255049E465"/>
			<feature collapsed="true" name="F_2CA7881C35A5"/>
			<feature collapsed="true" name="F_0E085D9CE9A7"/>
			<feature collapsed="true" name="F_E58B58A2D580"/>
			<feature collapsed="true" name="F_3AEF2AA73094"/>
			<feature collapsed="true" name="F_2C22C98B746E"/>
			<feature collapsed="true" name="I_822969976__F_26F91BBF7E3C"/>
			<feature collapsed="true" name="F_56319C3CFF49"/>
			<feature collapsed="true" name="F_FF038A3E5166"/>
			<feature collapsed="true" name="F_34037A14064C"/>
			<feature collapsed="true" name="I_4233457008__F_CA7EC5FCFD84"/>
			<feature collapsed="true" name="F_8BCC7BE53D96"/>
			<feature collapsed="true" name="F_2BA3A7CD42D2"/>
			<feature collapsed="true" name="I_2301321452__F_230660E60343"/>
			<feature collapsed="true" name="F_55122A29D50A"/>
			<feature collapsed="true" name="F_9152E3EC3CE3"/>
			<feature collapsed="true" name="I_4220861113__F_0361040F9521"/>
			<feature collapsed="true" name="I_2358381103__F_A3F21B938EB7"/>
			<feature collapsed="true" name="F_052DC475B7C9"/>
			<feature collapsed="true" name="F_A9AB1B753101"/>
			<feature collapsed="true" name="I_2251131231__F_13D90726944B"/>
			<feature collapsed="true" name="I_234791632__F_7A5831589A20"/>
			<feature collapsed="true" name="F_496DEEFF47BF"/>
			<feature collapsed="true" name="I_4270227228__F_9AB5EF4B3119"/>
			<feature collapsed="true" name="I_1277587716__F_9D7BA12F9C41"/>
			<feature collapsed="true" name="I_2952277350__F_3820EA58097D"/>
			<feature collapsed="true" name="F_82462A9674D6"/>
			<feature collapsed="true" name="I_3820794208__F_D7299B53936D"/>
			<feature collapsed="true" name="F_775BA0F7EA61"/>
			<feature collapsed="true" name="I_2063176262__F_30013311E576"/>
			<feature collapsed="true" name="I_3121573016__F_96B78B5CFDB0"/>
			<feature collapsed="true" name="F_708287FA6339"/>
			<feature collapsed="true" name="F_1905ABAC35AC"/>
			<feature collapsed="true" name="F_E726F1ECB8F0"/>
			<feature collapsed="true" name="F_5893A43A88D2"/>
			<feature collapsed="true" name="I_3850046033__F_20C730D02A5A"/>
			<feature collapsed="true" name="I_106205099__F_1F5BE94445AA"/>
			<feature collapsed="true" name="I_2909159638__F_A6BCE18F3AD1"/>
			<feature collapsed="true" name="I_59350957__F_6B1A6FACD812"/>
			<feature collapsed="true" name="I_400939561__F_DAEA47CD3689"/>
			<feature collapsed="true" name="I_3734118231__F_C159FF40885B"/>
			<feature collapsed="true" name="I_3631096653__F_C15B0360516A"/>
			<feature collapsed="true" name="I_2979189149__F_69B6BED1436E"/>
			<feature collapsed="true" name="F_089A54A017FE"/>
			<feature collapsed="true" name="I_1033659125__F_0CBFDA4B639D"/>
			<feature collapsed="true" name="F_B35F906F55B8"/>
			<feature collapsed="true" name="F_D301A881B9D5"/>
			<feature collapsed="true" name="F_982DF14C49C0"/>
			<feature collapsed="true" name="I_4089027955__F_E5F15C38DD53"/>
			<feature collapsed="true" name="I_2886867580__F_5915690A5C91"/>
			<feature collapsed="true" name="F_3E61D7F7EE03"/>
			<feature collapsed="true" name="F_D542C6B0E804"/>
			<feature collapsed="true" name="F_6551B33CD68F"/>
			<feature collapsed="true" name="F_8F6EB6FF090C"/>
			<feature collapsed="true" name="I_1263252765__F_D8C981B99922"/>
			<feature collapsed="true" name="F_6D79178DDD4F"/>
			<feature collapsed="true" name="I_2367118432__F_D016E005C2FD"/>
			<feature collapsed="true" name="F_F03A6DB09A0D"/>
			<feature collapsed="true" name="F_D0B25C31B002"/>
			<feature collapsed="true" name="F_3BAF0E5680A1"/>
			<feature collapsed="true" name="F_E8885F30BA3C"/>
			<feature collapsed="true" name="I_3127812206__F_CF6117CAFB5F"/>
			<feature collapsed="true" name="F_4B179328F068"/>
			<feature collapsed="true" name="I_4152228758__F_72CD738339FB"/>
			<feature collapsed="true" name="F_8B9C35990302"/>
			<feature collapsed="true" name="F_51BCA3CF1EA7"/>
			<feature collapsed="true" name="F_B4410AFDAF22"/>
			<feature collapsed="true" name="F_97DCE806A1CA"/>
			<feature collapsed="true" name="F_4E9E61FB6A62"/>
			<feature collapsed="true" name="F_60F5D91741D4"/>
			<feature collapsed="true" name="N_3567789813__F_E5496058ADD0"/>
			<feature collapsed="true" name="F_DDEACAA59D1E"/>
			<feature collapsed="true" name="F_DF9C4AC05A3F"/>
			<feature collapsed="true" name="I_1853139500__F_97EAC4EF6BB1"/>
			<feature collapsed="true" name="F_739C654FB367"/>
			<feature collapsed="true" name="F_D581BB6A9053"/>
			<feature collapsed="true" name="F_336DC70C579A"/>
			<feature collapsed="true" name="I_1604104369__F_1EF65138F552"/>
			<feature collapsed="true" name="F_CFE7FD2C186F"/>
			<feature collapsed="true" name="F_C7C73A7859DF"/>
			<feature collapsed="true" name="I_400939561__F_A6F88BFA908C"/>
			<feature collapsed="true" name="F_F2C4D089D798"/>
			<feature collapsed="true" name="F_7AE7220A385F"/>
			<feature collapsed="true" name="F_925454E8393E"/>
			<feature collapsed="true" name="N_2056103036__F_7D034A641B16"/>
			<feature collapsed="true" name="F_04451E45A53E"/>
			<feature collapsed="true" name="F_FBFC87325974"/>
			<feature collapsed="true" name="I_3563733296__F_39406F61DAE3"/>
			<feature collapsed="true" name="F_31E77E081DA1"/>
			<feature collapsed="true" name="F_7D0DCE7DA7A9"/>
			<feature collapsed="true" name="F_B9E67E940617"/>
			<feature collapsed="true" name="I_3514666687__F_B936B65987C4"/>
			<feature collapsed="true" name="F_989FF3A0D80F"/>
			<feature collapsed="true" name="I_2006459854__F_D2AD521BD1CB"/>
			<feature collapsed="true" name="I_427006650__F_12D1950F71AF"/>
			<feature collapsed="true" name="F_C294E7B2D450"/>
			<feature collapsed="true" name="F_491B5B403498"/>
			<feature collapsed="true" name="I_2952277350__F_7508725CE7CD"/>
			<feature collapsed="true" name="F_A8121961A7EF"/>
			<feature collapsed="true" name="F_D46F7E98C7D5"/>
			<feature collapsed="true" name="I_2604283598__F_6BD8E89386D2"/>
			<feature collapsed="true" name="I_3994531770__F_9171FDEFE560"/>
			<feature collapsed="true" name="F_824FCC36DFA8"/>
			<feature collapsed="true" name="F_6955FF7EA402"/>
			<feature collapsed="true" name="I_2266435353__F_E6EFDBD15C41"/>
			<feature collapsed="true" name="I_4152228758__F_26BD34B3FC5D"/>
			<feature collapsed="true" name="F_01FF588E7763"/>
			<feature collapsed="true" name="I_4192975621__F_75A160CC2623"/>
			<feature collapsed="true" name="F_6B3FAD4117F4"/>
			<feature collapsed="true" name="F_E018524AFFD4"/>
			<feature collapsed="true" name="F_CCCB270FE46C"/>
			<feature collapsed="true" name="I_2155531008__F_6A78F013C0BC"/>
			<feature collapsed="true" name="F_13333FCFD00D"/>
			<feature collapsed="true" name="F_EB3B70077EE5"/>
			<feature collapsed="true" name="I_4245959061__F_F6608110D4B6"/>
			<feature collapsed="true" name="I_2063176262__F_0EB2AD4A0A22"/>
			<feature collapsed="true" name="F_3AB7EF4398FA"/>
			<feature collapsed="true" name="I_1679646767__F_6BF6AB6DE586"/>
			<feature collapsed="true" name="I_2348797494__F_2882DBB9AF22"/>
			<feature collapsed="true" name="I_400939561__F_099DB31230F4"/>
			<feature collapsed="true" name="F_2B7FD7228DDE"/>
			<feature collapsed="true" name="I_3925651565__F_DA4C03050286"/>
			<feature collapsed="true" name="F_236C665107E7"/>
			<feature collapsed="true" name="F_E5B53E4B007C"/>
			<feature collapsed="true" name="F_3304F73393F3"/>
			<feature collapsed="true" name="F_03AEAF0ACA61"/>
			<feature collapsed="true" name="F_38CA124EBE11"/>
			<feature collapsed="true" name="F_EF86730DE20D"/>
			<feature collapsed="true" name="F_14CCBE94F2A7"/>
			<feature collapsed="true" name="I_320491705__F_6F05940CB693"/>
			<feature collapsed="true" name="F_DFDF56F3AA44"/>
			<feature collapsed="true" name="F_3FF8472A95B5"/>
			<feature collapsed="true" name="F_67CB687D99B8"/>
			<feature collapsed="true" name="I_2828396927__F_520328597072"/>
			<feature collapsed="true" name="I_1737436838__F_01CC57A2C6EA"/>
			<feature collapsed="true" name="F_11E6A5732D30"/>
			<feature collapsed="true" name="I_2828396927__F_FA50A0A67A34"/>
			<feature collapsed="true" name="F_12234A07DD5F"/>
			<feature collapsed="true" name="I_992035218__F_9CBDC8A20121"/>
			<feature collapsed="true" name="F_61593EA6EC06"/>
			<feature collapsed="true" name="I_59350957__F_3CF489E1A7DF"/>
			<feature collapsed="true" name="F_30B03DCBDB08"/>
			<feature collapsed="true" name="I_1399638445__F_E22D1D7520DA"/>
			<feature collapsed="true" name="F_BDF25EFA44BB"/>
			<feature collapsed="true" name="F_79D5E5D38D9E"/>
			<feature collapsed="true" name="F_DFF9CA9B3A84"/>
			<feature collapsed="true" name="I_1053382121__F_C682D0DC56C3"/>
			<feature collapsed="true" name="F_CD43AB96C497"/>
			<feature collapsed="true" name="F_D519ADF06E81"/>
			<feature collapsed="true" name="F_8991B92E766E"/>
			<feature collapsed="true" name="I_2397866899__F_CCDC757DC950"/>
			<feature collapsed="true" name="F_92E27FD4B96D"/>
			<feature collapsed="true" name="I_4010943745__F_57306E54921E"/>
			<feature collapsed="true" name="I_1737436838__F_65F911D48469"/>
			<feature collapsed="true" name="F_8417BB14FD70"/>
			<feature collapsed="true" name="I_1109162832__F_35DE57D8E733"/>
			<feature collapsed="true" name="I_4245959061__F_69531E0F4018"/>
			<feature collapsed="true" name="I_912278113__F_CF0FA80C461F"/>
			<feature collapsed="true" name="I_565643391__F_32DE8AA9390D"/>
			<feature collapsed="true" name="F_347FF2E3B2E8"/>
			<feature collapsed="true" name="F_6161B18E0447"/>
			<feature collapsed="true" name="I_3640598000__F_23EE7B0FA4F9"/>
			<feature collapsed="true" name="F_7C42BF391C11"/>
			<feature collapsed="true" name="F_AADE819790D9"/>
			<feature collapsed="true" name="F_F245DD4BC679"/>
			<feature collapsed="true" name="F_F9645C737C45"/>
			<feature collapsed="true" name="I_143591321__F_6A80243810FB"/>
			<feature collapsed="true" name="F_6738C75E8134"/>
			<feature collapsed="true" name="F_1FF271B0F18F"/>
			<feature collapsed="true" name="I_921795804__F_32AE1E1E6F2A"/>
			<feature collapsed="true" name="I_2280760300__F_60ABC745C36D"/>
			<feature collapsed="true" name="F_4CA4D1636FDE"/>
			<feature collapsed="true" name="I_3930492887__F_E7DA2E412E8B"/>
			<feature collapsed="true" name="I_3285439548__F_A9B4EA6D5184"/>
			<feature collapsed="true" name="I_427006650__F_A63B896866D7"/>
			<feature collapsed="true" name="I_3331711243__F_5E9B384ABD26"/>
			<feature collapsed="true" name="F_28CA582D3D7B"/>
			<feature collapsed="true" name="I_1399768260__F_0B4C2472A284"/>
			<feature collapsed="true" name="I_59350957__F_79B723CFBACF"/>
			<feature collapsed="true" name="I_1226502174__F_6A3E6654B602"/>
			<feature collapsed="true" name="F_45DF2BE75B2C"/>
			<feature collapsed="true" name="F_1F1D3DF9A584"/>
			<feature collapsed="true" name="I_2720534568__F_680E45D3CF2A"/>
			<feature collapsed="true" name="F_6A9FDEC4A712"/>
			<feature collapsed="true" name="F_FA360757275C"/>
			<feature collapsed="true" name="F_83FB3183339D"/>
			<feature collapsed="true" name="I_1184598099__F_6D2090E295AC"/>
			<feature collapsed="true" name="I_3527599271__F_F5A44B255063"/>
			<feature collapsed="true" name="F_9AF7532651D9"/>
			<feature collapsed="true" name="N_1452633298__F_322D2626635D"/>
			<feature collapsed="true" name="F_9691D4172EA5"/>
			<feature collapsed="true" name="I_587611426__F_F67D6775D2FD"/>
			<feature collapsed="true" name="F_B8F9AC993966"/>
			<feature collapsed="true" name="I_2131317224__F_8D2979526C34"/>
			<feature collapsed="true" name="F_A8233DC6F861"/>
			<feature collapsed="true" name="F_B291FAED7E32"/>
			<feature collapsed="true" name="I_3453680536__F_4DC8A3F88A02"/>
			<feature collapsed="true" name="F_C01E0E392C2C"/>
			<feature collapsed="true" name="I_2499277674__F_8EBBB616E785"/>
			<feature collapsed="true" name="F_81D18F0C63B0"/>
			<feature collapsed="true" name="F_49B6E7C0DF18"/>
			<feature collapsed="true" name="I_1899544075__F_F66187C06D28"/>
			<feature collapsed="true" name="I_1679646767__F_AB47D8D81956"/>
			<feature collapsed="true" name="F_A58156FCE84F"/>
			<feature collapsed="true" name="I_1679646767__F_B9E94AF1E215"/>
			<feature collapsed="true" name="I_601135796__F_79D09B8103B0"/>
			<feature collapsed="true" name="I_2152483749__F_DF909E0A1A63"/>
			<feature collapsed="true" name="F_A26E60EDCF2B"/>
			<feature collapsed="true" name="F_765CC3A3F104"/>
			<feature collapsed="true" name="F_50E9CC2F4554"/>
			<feature collapsed="true" name="F_D58B10D7A590"/>
			<feature collapsed="true" name="F_76ADEAAD15A4"/>
			<feature collapsed="true" name="F_D99FAB8569DD"/>
			<feature collapsed="true" name="F_2FDDC8F6CA23"/>
			<feature collapsed="true" name="I_3331711243__F_F0C6ADDE1BB9"/>
			<feature collapsed="true" name="F_64EF89EB0040"/>
			<feature collapsed="true" name="F_81C6057048CC"/>
			<feature collapsed="true" name="I_1625483967__F_2FAA29A25C66"/>
			<feature collapsed="true" name="F_A23FAA8A8416"/>
			<feature collapsed="true" name="F_ED65482133C8"/>
			<feature collapsed="true" name="F_1A1D81C2A9C0"/>
			<feature collapsed="true" name="F_37597A7454EE"/>
			<feature collapsed="true" name="I_4245959061__F_EC8102166044"/>
			<feature collapsed="true" name="F_A9028CEE105F"/>
			<feature collapsed="true" name="F_C9404034D7AA"/>
			<feature collapsed="true" name="I_800341904__F_B71BD5275749"/>
			<feature collapsed="true" name="I_890981318__F_24065BB24345"/>
			<feature collapsed="true" name="F_5BBCA14E9B0E"/>
			<feature collapsed="true" name="F_E58B2B482FF1"/>
			<feature collapsed="true" name="I_3930492887__F_015A9D887903"/>
			<feature collapsed="true" name="F_318F7F8EE99F"/>
			<feature collapsed="true" name="I_2779010647__F_9AADB37157C8"/>
			<feature collapsed="true" name="F_8B4EAC3892D6"/>
			<feature collapsed="true" name="I_1011647883__F_646B934D297B"/>
			<feature collapsed="true" name="F_EE8CFA204378"/>
			<feature collapsed="true" name="F_B4375B4ACF52"/>
			<feature collapsed="true" name="I_1670684041__F_65F386C95547"/>
			<feature collapsed="true" name="I_482527710__F_9E880C357F6E"/>
			<feature collapsed="true" name="I_3331711243__F_4F862775E22B"/>
			<feature collapsed="true" name="F_1CC399F94C5E"/>
			<feature collapsed="true" name="I_277356080__F_9AC4B5CDC220"/>
			<feature collapsed="true" name="I_2638331713__F_D8541E9095B7"/>
			<feature collapsed="true" name="F_6A24FF0C06BE"/>
			<feature collapsed="true" name="F_150388D57FE5"/>
			<feature collapsed="true" name="F_9E01B082DA87"/>
			<feature collapsed="true" name="I_3900694808__F_088FED5126D5"/>
			<feature collapsed="true" name="I_1072301142__F_F7D79E32C24E"/>
			<feature collapsed="true" name="F_8FC02746398E"/>
			<feature collapsed="true" name="I_2828396927__F_5290D467963E"/>
			<feature collapsed="true" name="F_0C1DCB8D2F7C"/>
			<feature collapsed="true" name="F_9CDDEFF1AC99"/>
			<feature collapsed="true" name="N_3567789813__F_5799929BD5AD"/>
			<feature collapsed="true" name="I_1175107310__F_98D706E16045"/>
			<feature collapsed="true" name="F_B64690EEA761"/>
			<feature collapsed="true" name="N_117144788__F_4545BA5091E9"/>
			<feature collapsed="true" name="I_400939561__F_94F04B193F20"/>
			<feature collapsed="true" name="F_8B3FA8A831B8"/>
			<feature collapsed="true" name="I_2828396927__F_218829687B1C"/>
			<feature collapsed="true" name="F_490FDD971A3F"/>
			<feature collapsed="true" name="F_D6A001FDFEE9"/>
			<feature collapsed="true" name="F_BDE9EE406377"/>
			<feature collapsed="true" name="F_A6D96E06A819"/>
			<feature collapsed="true" name="F_83DC588EB264"/>
			<feature collapsed="true" name="I_3387607761__F_FCEA65A891F3"/>
			<feature collapsed="true" name="I_143591321__F_DCDD9DB73ACA"/>
			<feature collapsed="true" name="F_E01206CF487A"/>
			<feature collapsed="true" name="I_2306953098__F_505C0EB787A5"/>
			<feature collapsed="true" name="F_D845FA3F04C2"/>
			<feature collapsed="true" name="I_3824206844__F_D3DD9CD5C393"/>
			<feature collapsed="true" name="I_921795804__F_E4B72FFA3BC9"/>
			<feature collapsed="true" name="F_32F2A323FCC9"/>
			<feature collapsed="true" name="F_D77E0B23282F"/>
			<feature collapsed="true" name="F_74E9EDD66C82"/>
			<feature collapsed="true" name="I_1737436838__F_0007B7BF7F35"/>
			<feature collapsed="true" name="I_4192975621__F_B7CD825B1183"/>
			<feature collapsed="true" name="F_AC2CE9617023"/>
			<feature collapsed="true" name="I_804668478__F_A2E32B3E6C0C"/>
			<feature collapsed="true" name="I_1763274293__F_1E905D8EBFA4"/>
			<feature collapsed="true" name="F_BE739FA54E3A"/>
			<feature collapsed="true" name="F_FF5611743062"/>
			<feature collapsed="true" name="F_15EFD6E2DC2D"/>
			<feature collapsed="true" name="F_02C27124E8CA"/>
			<feature collapsed="true" name="I_3527599271__F_BD9932EC18DE"/>
			<feature collapsed="true" name="I_1277587716__F_1AA797891277"/>
			<feature collapsed="true" name="F_7FE12E15F0F2"/>
			<feature collapsed="true" name="I_2942899163__F_55395E95039F"/>
			<feature collapsed="true" name="I_3551268544__F_70B4BA2040D5"/>
			<feature collapsed="true" name="N_2056103036__F_6C699C8BDC34"/>
			<feature collapsed="true" name="F_2BD02A33D1D7"/>
			<feature collapsed="true" name="F_BB651017E2D3"/>
			<feature collapsed="true" name="I_122007309__F_2BD3188997CD"/>
			<feature collapsed="true" name="F_34E45E349B1B"/>
			<feature collapsed="true" name="F_907A96E9971B"/>
			<feature collapsed="true" name="F_966BE294CB66"/>
			<feature collapsed="true" name="I_3177359489__F_B8335ED03A4C"/>
			<feature collapsed="true" name="N_3567789813__F_133C67C36232"/>
			<feature collapsed="true" name="I_3539898544__F_7A329A5008EE"/>
			<feature collapsed="true" name="F_B0B4FE049174"/>
			<feature collapsed="true" name="N_1552566376__F_AAC42F8F0527"/>
			<feature collapsed="true" name="I_4244176544__F_A68B956F48D2"/>
			<feature collapsed="true" name="I_4245959061__F_3D553ADEA6D5"/>
			<feature collapsed="true" name="F_20E5630C6D89"/>
			<feature collapsed="true" name="F_400AA7D309A2"/>
			<feature collapsed="true" name="I_4192975621__F_A0C9AA064000"/>
			<feature collapsed="true" name="I_3824206844__F_4FA9E1A56DDF"/>
			<feature collapsed="true" name="F_3F2CF6642E28"/>
			<feature collapsed="true" name="I_1252351866__F_E831B0AEFB14"/>
			<feature collapsed="true" name="F_4ED01DA67D48"/>
			<feature collapsed="true" name="F_87A6E2F8F8DE"/>
			<feature collapsed="true" name="F_3207D8C640CE"/>
			<feature collapsed="true" name="I_1955508027__F_847AA426C6FF"/>
			<feature collapsed="true" name="I_2499277674__F_58441BC3D5BA"/>
			<feature collapsed="true" name="F_DC66EEF2B06C"/>
			<feature collapsed="true" name="I_3285439548__F_956A9E8D6DD4"/>
			<feature collapsed="true" name="F_5C2E15399E16"/>
			<feature collapsed="true" name="F_330EA68C3A89"/>
			<feature collapsed="true" name="I_1454389481__F_DC75AA634754"/>
			<feature collapsed="true" name="F_27D54F1BF355"/>
			<feature collapsed="true" name="I_2673729041__F_FD5652D6F92D"/>
			<feature collapsed="true" name="N_3006296966__F_887EFC4FB3A0"/>
			<feature collapsed="true" name="I_1955508027__F_7BF4360E51F3"/>
			<feature collapsed="true" name="I_2772816945__F_75D7433D6C82"/>
			<feature collapsed="true" name="F_16A687FFC0B8"/>
			<feature collapsed="true" name="F_716B6C222717"/>
			<feature collapsed="true" name="I_277356080__F_6EC359445DE1"/>
			<feature collapsed="true" name="I_1654418179__F_233BA73880DC"/>
			<feature collapsed="true" name="I_1654418179__F_89E32B51A0D4"/>
			<feature collapsed="true" name="I_320491705__F_414575B92A93"/>
			<feature collapsed="true" name="F_498CB99E1C96"/>
			<feature collapsed="true" name="I_2771360831__F_A76072D3A08F"/>
			<feature collapsed="true" name="F_67BE00AC9962"/>
			<feature collapsed="true" name="F_BBC2ABEE7C5A"/>
			<feature collapsed="true" name="F_466576092406"/>
			<feature collapsed="true" name="I_3858759762__F_B7319793C9FE"/>
			<feature collapsed="true" name="I_804668478__F_CFCB8D7B85BB"/>
			<feature collapsed="true" name="F_51D973A02FFE"/>
			<feature collapsed="true" name="F_F14A7176416A"/>
			<feature collapsed="true" name="F_8258165B80A3"/>
			<feature collapsed="true" name="F_C0480197156A"/>
			<feature collapsed="true" name="F_57C49AAE5619"/>
			<feature collapsed="true" name="I_804668478__F_41CE338F1E29"/>
			<feature collapsed="true" name="F_8909F56DDAB1"/>
			<feature collapsed="true" name="I_362503061__F_F923E86311DC"/>
			<feature collapsed="true" name="I_3569470169__F_6A66A3842521"/>
			<feature collapsed="true" name="I_4244176544__F_96E6FCB2EC0F"/>
			<feature collapsed="true" name="F_57584443E625"/>
			<feature collapsed="true" name="I_189205934__F_DCFD947DAF0A"/>
			<feature collapsed="true" name="I_504227063__F_552F42E9C4EA"/>
			<feature collapsed="true" name="F_34D16C18CB42"/>
			<feature collapsed="true" name="F_9FA7504EE04B"/>
			<feature collapsed="true" name="F_0FBBBD42F0B2"/>
			<feature collapsed="true" name="I_2433167556__F_E604C9DAC831"/>
			<feature collapsed="true" name="F_95E46AD146DD"/>
			<feature collapsed="true" name="F_C4107E2DE884"/>
			<feature collapsed="true" name="F_9AA1C2A48EF0"/>
			<feature collapsed="true" name="N_3567789813__F_BB0982758D41"/>
			<feature collapsed="true" name="F_C16BFEF10D54"/>
			<feature collapsed="true" name="F_CA70586DF76D"/>
			<feature collapsed="true" name="N_2056103036__F_360D6496FCD3"/>
			<feature collapsed="true" name="F_53E0E77243FE"/>
			<feature collapsed="true" name="F_7C5CEC09D8EC"/>
			<feature collapsed="true" name="I_2762686038__F_D6E1EEDBEAFE"/>
			<feature collapsed="true" name="F_5A704823D11E"/>
			<feature collapsed="true" name="F_17B90C03424E"/>
			<feature collapsed="true" name="I_1895162327__F_4000A23BF2BF"/>
			<feature collapsed="true" name="I_3663818816__F_6FB600AA7989"/>
			<feature collapsed="true" name="F_99F5BDAE6580"/>
			<feature collapsed="true" name="F_EBCD78F79A1F"/>
			<feature collapsed="true" name="I_3135097614__F_23F5D47BD877"/>
			<feature collapsed="true" name="F_31090E25AF15"/>
			<feature collapsed="true" name="F_66D0090C7FD4"/>
			<feature collapsed="true" name="I_1737436838__F_DC74C2DBC4CD"/>
			<feature collapsed="true" name="I_3254265106__F_460CAFFC9954"/>
			<feature collapsed="true" name="I_1263252765__F_AAB95DC2A0CC"/>
			<feature collapsed="true" name="I_1625483967__F_11D1E38BBFF3"/>
			<feature collapsed="true" name="F_FB2465BABE54"/>
			<feature collapsed="true" name="F_6EBF873F8699"/>
			<feature collapsed="true" name="F_BA5EAD81D108"/>
			<feature collapsed="true" name="F_8B427DBE2CEF"/>
			<feature collapsed="true" name="I_362503061__F_C27A60B001F0"/>
			<feature collapsed="true" name="I_2266435353__F_1DC302D001C4"/>
			<feature collapsed="true" name="I_234791632__F_BA4C211089EF"/>
			<feature collapsed="true" name="I_2155531008__F_4DBF57DB6205"/>
			<feature collapsed="true" name="I_277356080__F_A72FB2BBDA35"/>
			<feature collapsed="true" name="F_333653DB1EE2"/>
			<feature collapsed="true" name="F_B23ED46E2FBB"/>
			<feature collapsed="true" name="F_FF33846E943E"/>
			<feature collapsed="true" name="F_9099534752EE"/>
			<feature collapsed="true" name="I_4152228758__F_858A4167AA82"/>
			<feature collapsed="true" name="I_3822313576__F_B97F08F96B02"/>
			<feature collapsed="true" name="F_E67DAE5DFBA1"/>
			<feature collapsed="true" name="I_1184598099__F_052E1CFB974C"/>
			<feature collapsed="true" name="F_12B67C0FF0A7"/>
			<feature collapsed="true" name="F_16116CEBD7C5"/>
			<feature collapsed="true" name="I_1277587716__F_F1E6EB167188"/>
			<feature collapsed="true" name="I_1615189106__F_92ED6A226358"/>
			<feature collapsed="true" name="F_9E9F0BE6C4AC"/>
			<feature collapsed="true" name="I_362503061__F_C92421B41CCB"/>
			<feature collapsed="true" name="F_207F08389454"/>
			<feature collapsed="true" name="I_3262149947__F_BDBCE73DFEC9"/>
			<feature collapsed="true" name="F_65883ED4C8AF"/>
			<feature collapsed="true" name="F_48C369FD525A"/>
			<feature collapsed="true" name="F_1F04E04E7A52"/>
			<feature collapsed="true" name="I_832354501__F_315E1D8B0940"/>
			<feature collapsed="true" name="N_3567789813__F_D9BAB7B884BA"/>
			<feature collapsed="true" name="I_346834671__F_B02EE2BD39A0"/>
			<feature collapsed="true" name="F_27CEAB8954AB"/>
			<feature collapsed="true" name="I_1399638445__F_A7B8C360C7EB"/>
			<feature collapsed="true" name="F_70BE22526021"/>
			<feature collapsed="true" name="I_427006650__F_A21425D31DB3"/>
			<feature collapsed="true" name="I_2575240668__F_718778E8A555"/>
			<feature collapsed="true" name="I_2063176262__F_0135BE0F06D2"/>
			<feature collapsed="true" name="I_3066166072__F_F9AF162FD745"/>
			<feature collapsed="true" name="I_1263252765__F_5795F2ADA59B"/>
			<feature collapsed="true" name="F_5D7528A16462"/>
			<feature collapsed="true" name="F_28030336A57F"/>
			<feature collapsed="true" name="F_634FFBCE0CD5"/>
			<feature collapsed="true" name="I_3727437343__F_D4E603729A36"/>
			<feature collapsed="true" name="I_3001728219__F_D381AF8A5E44"/>
			<feature collapsed="true" name="F_8549C9D7956B"/>
			<feature collapsed="true" name="F_00550586C7C8"/>
			<feature collapsed="true" name="F_E55E32F8CA16"/>
			<feature collapsed="true" name="I_2397866899__F_4A838B01FB6B"/>
			<feature collapsed="true" name="F_95EECCF76C7D"/>
			<feature collapsed="true" name="F_BD70D5B9FF68"/>
			<feature collapsed="true" name="F_2A1D273F0C6E"/>
			<feature collapsed="true" name="F_B4C5C5497F03"/>
			<feature collapsed="true" name="I_2772816945__F_40201379AA63"/>
			<feature collapsed="true" name="I_1955508027__F_9DA9FCD87443"/>
			<feature collapsed="true" name="I_1604104369__F_D91D01A92F31"/>
			<feature collapsed="true" name="F_A7552080DC6F"/>
			<feature collapsed="true" name="I_318152588__F_8F9933BD43E1"/>
			<feature collapsed="true" name="F_09F49F67BADF"/>
			<feature collapsed="true" name="I_1710337818__F_8F3B0591971C"/>
			<feature collapsed="true" name="I_277356080__F_6DBF2DDC8D3A"/>
			<feature collapsed="true" name="F_0F69220FC089"/>
			<feature collapsed="true" name="F_C53E2548944B"/>
			<feature collapsed="true" name="I_4027596687__F_0425825CB5A9"/>
		</struct>
		<constraints/>
	</layout>
