<?xml version="1.0" encoding="UTF-8" standalone="no"?>
	<featureModel>
		<properties/>
		<struct>
			<and mandatory="true" name="F_7361F0992277">
				<description>
					
				</description>
				<feature name="F_3AB9DF39ECFD">
					<description>
						
					</description>
				</feature>
				<feature name="F_19C8CFFEAF0E">
					<description>
						
					</description>
				</feature>
			</and>
		</struct>
		<constraints/>
		<calculations Auto="true" Constraints="true" Features="true" Redundant="true" Tautology="true"/>
		<comments/>
		<featureOrder userDefined="false"/>
	</featureModel>
