<?xml version="1.0" encoding="UTF-8" standalone="no"?>
	<featureModel>
		<properties/>
		<struct>
			<and mandatory="true" name="N_2733546001__F_9D8D42719228">
				<description>
					
				</description>
				<feature name="F_A37FE828B667">
					<description>
						
					</description>
				</feature>
				<feature name="F_35297E0EBFF6">
					<description>
						
					</description>
				</feature>
			</and>
		</struct>
		<constraints/>
		<calculations Auto="true" Constraints="true" Features="true" Redundant="true" Tautology="true"/>
		<comments/>
		<featureOrder userDefined="false"/>
	</featureModel>
