<?xml version="1.0" encoding="UTF-8" standalone="no"?>
<layout chosenLayoutAlgorithm="4" horizontalLayout="false" showCollapsedConstraints="false">
    <struct>
        <feature collapsed="true" name="F_1e8NfC1TiPwku9RyBcFa6l2HDC3JGVaS"/>
        <feature collapsed="true" name="F_Mb0zXCvarAxu8GwochcT0YHZj1txz0Nn"/>
        <feature collapsed="true" name="F_SGedZc+3wW/8gtLA3Tcdb4/9rv0AygC1"/>
        <feature collapsed="true" name="F_uVJ5A+mVjRXxRk2Md5pHJhIN+OrATLHL"/>
        <feature collapsed="true" name="F_wYWdbos3zROnIGNdu335sBaN/PW255AC"/>
        <feature collapsed="true" name="F_uXJo4G99/tefCbhYx8vuChkVHOvQTlvp"/>
        <feature collapsed="true" name="F_PIBbe8mJjp9xS37qIs/8bc8DIgX1eyZl"/>
        <feature collapsed="true" name="F_TahYT1ii6fDx4mYL7R6IzhQGD8MBOZy5"/>
        <feature collapsed="true" name="F_eKLlvdck8q46rkBCm7EBEPdhZe+a1aJq"/>
        <feature collapsed="true" name="F_ecNWWoXuGjbOjflKwmwdy5kfHBfbBv7S"/>
        <feature collapsed="true" name="F_oaaw/o22DF9f2hYhXM57dB7Rpez1Eetv"/>
        <feature collapsed="true" name="F_tPiesZBAggqJxtGelq53ZbC9WuQEwUjk"/>
        <feature collapsed="true" name="F_t/rlwtvW8pJNtIKgQ4ImltL6Jwb71q1E"/>
        <feature collapsed="true" name="F_sS211ZUWbk1ikjFW/fisdQFZnVXFnGuQ"/>
        <feature collapsed="true" name="F_q43sekgGyrU1KsNAO56YyBUV7LvRB9Gm"/>
        <feature collapsed="true" name="F_d46WpVbUQrqxJB8fEDadHM4JqZRvXcVn"/>
        <feature collapsed="true" name="F_c8xFtecqz6GKeGmYsnWQzq39Qf62Zi7L"/>
        <feature collapsed="true" name="F_QYFaOfj2cmEjOJVN9yFNR3I2JG1bwuYA"/>
        <feature collapsed="true" name="F_g1XIbMHvpuutUa328mBwC66oOM/H5Md/"/>
        <feature collapsed="true" name="F_4daiK7KZ69jd6sOl4l8nnltdGubaqReN"/>
        <feature collapsed="true" name="F_cBnA3WvyNNkD9uiJPYCoG7TLlmVpg2a8"/>
        <feature collapsed="true" name="F_HTv96IMLxNPK5dKtWbwX7uvS9rvROjny"/>
        <feature collapsed="true" name="F_rNZkY7t+Whh9sLnP+WjetQouqx+g/FeS"/>
        <feature collapsed="true" name="F_6aQMDA++Q9jfpw9F66NjizmG1QTJHolT"/>
        <feature collapsed="true" name="F_MADpyQ87JOopn14a8Ij8j16IW6CHT5id"/>
        <feature collapsed="true" name="F_yGIoifoS1Pw69ToDll9/uq9pw/DgtUZX"/>
        <feature collapsed="true" name="F_laiL9UtJcnGd5iyOk0AaEeIKHfTuDR5g"/>
        <feature collapsed="true" name="F_gQG/4RzYkQ/uVCyGmku+puohfsy1jlo2"/>
        <feature collapsed="true" name="F_g/uvCEvrJYOdnNnI/GM3GOM5XKxfeBg8"/>
        <feature collapsed="true" name="F_jRHB1tPJFMtNzpiql7IiRLCOhFRFjU1v"/>
        <feature collapsed="true" name="F_y0wLPcHONBSQlk3vhRElX17rgtszYvrR"/>
        <feature collapsed="true" name="F_0GEKcfkmEXfNl+aBB+0clT4qSaqmAKdQ"/>
        <feature collapsed="true" name="F_Y6IijMBKIFZn9xajWIhtvf642S3xspGC"/>
        <feature collapsed="true" name="F_i0fMjUHEUGa9TZFrXKuPQQJKKw5Km9af"/>
        <feature collapsed="true" name="F_5XxaCaC2aV55SqR705OPbbaGSw98NGNv"/>
        <feature collapsed="true" name="F_tDnevLProQNuW4z0Jiom0dcmTa9Evf7s"/>
        <feature collapsed="true" name="F_rfObjYtDeOunZSaJiN9ixEXHtznFJNXm"/>
        <feature collapsed="true" name="F_ldeX1MjJnNqNE1EoQudBLBBF9oQRyVsD"/>
        <feature collapsed="true" name="F_NIogPFG1AifY3R/BvBuxQE4p0HuToJvo"/>
        <feature collapsed="true" name="F_fz5mxdufdqv9HUgGMvglafb9gANhNIvt"/>
        <feature collapsed="true" name="F_e5YegGsGIX949mRXJUHC7qdONzT2ch0e"/>
        <feature collapsed="true" name="F_pYmwtII6wNHrcWRw/uNopv+aGrZ9KeE/"/>
        <feature collapsed="true" name="F_ZHIsR2eN4W3u/pPIwBoJKssuzl4KRLI5"/>
        <feature collapsed="true" name="F_hzeBmJOqTWAdIt9QpvgCGSEVHm3K6JEw"/>
        <feature collapsed="true" name="F_14PF3Eowjjahq/eMxAJmrpYyB6l176Wk"/>
        <feature collapsed="true" name="F_vbGIWS4HLmVJJs6UtABShF3u7RXiZV8O"/>
        <feature collapsed="true" name="F_3X0FkX8lClzC+WN92D2kvcJgy8fl5HFJ"/>
        <feature collapsed="true" name="F_hxWM93xnptsnhuWx5iEI8COzxcV5sg2F"/>
        <feature collapsed="true" name="F_E0ejOix5wWGZvzguWCfyjjqUqdhxS3bg"/>
        <feature collapsed="true" name="F_0fApdeI/UOqMTM8oOyD03miYTtgD/0fW"/>
        <feature collapsed="true" name="F_QBdXnIgdKW8OKEQk9zWDhMJNidvEPaHQ"/>
        <feature collapsed="true" name="F_Z3fk2vzdo9Z71Q+PB1qnrOPG4C45RHB3"/>
        <feature collapsed="true" name="F_Q5aKmKEvQyZWY6T6Jwh0ym2V6zV/dxlQ"/>
        <feature collapsed="true" name="F_ecXL0V2+T0n1Xb1pEeYmqGo8w8PWkPLB"/>
        <feature collapsed="true" name="F_K8DbZtFgUSs9wIjTWKjuaMtJ5dexTjVx"/>
        <feature collapsed="true" name="F_KIji96rta+IB0QBL+ACavXB0HUbn/6Pp"/>
        <feature collapsed="true" name="F_BcI0QtzGBWGq10smNeKHgRDwMBOKvVYW"/>
        <feature collapsed="true" name="F_v7za7Q20481MIxnLeVYE0b6WSRMp645W"/>
        <feature collapsed="true" name="F_sUABZKLIp+HMPYMOpkOG5qoUewQrgd9j"/>
        <feature collapsed="true" name="F_3n+xjjWOldiEzDA4iabzuRPLltGTeQqH"/>
        <feature collapsed="true" name="F_nSPRm/4i/UX8RwGHkAtarcbydC/tIwP7"/>
        <feature collapsed="true" name="F_eAgNd/wG2cTLhjtMTDWAW+gxgrTSN/Hv"/>
        <feature collapsed="true" name="F_034CdzwIf4nI97zOGpisQ0IKYeD9qhym"/>
        <feature collapsed="true" name="F_RHiVl4KRqmJAzp05CF5TrNlCTs6hQFXZ"/>
        <feature collapsed="true" name="F_NZB0AQtJKwP0MvJoF7VitxlJz81XPc56"/>
        <feature collapsed="true" name="F_XA2Kgc4APFLVlHw3wVvjHD2C59bDT0E/"/>
        <feature collapsed="true" name="F_mnEaGLpYCtgMJScIv5wQ0gQbM2DxluoB"/>
        <feature collapsed="true" name="F_tvW5mYOvlcp9bFhcH11dJ++sVKEeM05y"/>
        <feature collapsed="true" name="F_tgIKw7bRotbI6/8jF0nFeQfo8BWssZQC"/>
        <feature collapsed="true" name="F_HyKStxsMGoNAdIIqgQanPs4qBqjB148Y"/>
        <feature collapsed="true" name="F_m5PPo+Wj4p8gJS61wNLVRqHRawh1IwPE"/>
        <feature collapsed="true" name="F_tXo4lna+xMRWt+cVilwVCsdYMYqMz4H0"/>
        <feature collapsed="true" name="F_SlUejCV87exJlltNbRWgpN0b3wwuTrgp"/>
        <feature collapsed="true" name="F_CLGb7z9TJETj5sVYqcNd/rAgd+js453H"/>
        <feature collapsed="true" name="F_VPefx3Q0+4kIweFNvDrVnOMvzKcidNlU"/>
        <feature collapsed="true" name="F_VAWm8xUSgLqiQp6yXcjw94bL0ka7ovyr"/>
        <feature collapsed="true" name="F_YcGipCJ7o6CUbqn1S5rA9N1C34O9pbw4"/>
        <feature collapsed="true" name="F_93YFawzpAekDmN+EJweC7w6klB1TMjmp"/>
        <feature collapsed="true" name="F_ycRW/IRFfAUGGDJwP3naSA464e8rSPTM"/>
        <feature collapsed="true" name="F_ptX3ptQ5whQZOadnkC9rjRRGJUnH12TV"/>
        <feature collapsed="true" name="F_He4VcZRUo9yYBWixnLV22xcZnqn1zruE"/>
        <feature collapsed="true" name="F_CZRNVAEcT/Pne8U3edlpYbpYaHPYSC6S"/>
        <feature collapsed="true" name="F_tMu8yLYTMGRJ2Yw6U9v+ZdfywDSvO8YP"/>
        <feature collapsed="true" name="F_U23t3b2uSfeRHbpfDturD0X6KJvgjR/C"/>
        <feature collapsed="true" name="F_++v13YLEgeBcPrPwj6SY7d9VjuZb5oN9"/>
        <feature collapsed="true" name="F_YYbH9ZBDxO9HzJUMItSN0Mu6wi8wQ/gj"/>
        <feature collapsed="true" name="F_WRTv+97F7IZAkTv8e7Sso/KvOv1SRgMu"/>
        <feature collapsed="true" name="F_ua0D7Bxzalu7G79zHcSvG+vT5HaD919e"/>
        <feature collapsed="true" name="F_UEKubnTkZrHfGmLLUeW+Oh1OqivVYTVb"/>
        <feature collapsed="true" name="F_4hxWtoFns8aek3puNu2kfFXBsEOIqp6L"/>
        <feature collapsed="true" name="F_ai/ymS8a0lm6wYEEUw7qXvkfapnCxiG3"/>
        <feature collapsed="true" name="F_KJmyyNTslVaem5ksCY+KYa8DFmvOhkMl"/>
        <feature collapsed="true" name="F_dG7yRWj/6Nx5w5We/MZ3TapxmAP6gnod"/>
        <feature collapsed="true" name="F_7r8goOEH79aERI3pdVVTQA/s+Rb6flmd"/>
        <feature collapsed="true" name="F_1ljeprYfNEOiUX/BAHQHO0cG6LBKwh/K"/>
        <feature collapsed="true" name="F_Zf0fMsGK3tCMlmPyYdZFGhtly3leWj5W"/>
        <feature collapsed="true" name="F_hFaWRlPFMybVY7eRoqTZN9ebV7nNJTjJ"/>
        <feature collapsed="true" name="F_h+YFaQiRXeB6IAke2qI6mQMpSjAA3y/o"/>
        <feature collapsed="true" name="F_pToE60L30CHFBZnVAkRBFn1jkuH92SZy"/>
        <feature collapsed="true" name="F_0rsCauBrI2vH2kyFoMsfq3HOb32vikNg"/>
        <feature collapsed="true" name="F_Jc+VNXu+8ZR3ycCtpH1NS8gUGLm+NLbj"/>
        <feature collapsed="true" name="F_QWENadMdTq9EPE+YucFXiemaf4SpYreT"/>
        <feature collapsed="true" name="F_rShgqEcFN3onjb12YB/dHngdKS6pYlKY"/>
        <feature collapsed="true" name="F_6qVIyXYSsd0OWb8FKLpZ2J736FNVmzHJ"/>
        <feature collapsed="true" name="F_0hcf11ITvsaSTuSRzt7JFBMust3gJeun"/>
        <feature collapsed="true" name="F_rb/DR41gAIVqGiYE+JSUXQTHAcsgy2MO"/>
        <feature collapsed="true" name="F_b3TpW20w09NPZ1LI46a/3hB9SoA0V2DH"/>
        <feature collapsed="true" name="F_9QuYBdgpmGwYS6DYIBCZv6VqpxrVEL6z"/>
        <feature collapsed="true" name="F_Zau2pnN/suqpe51TOmWBsluHlXCGqbc0"/>
        <feature collapsed="true" name="F_5JAafSb6woj4G8yTQWC7N1m8FOMcJAi7"/>
        <feature collapsed="true" name="F_EUZa3EUE8XPvNRZuH10TswfTV4uAugPx"/>
        <feature collapsed="true" name="F_pjE9ks96vMpX0Ru8AUTHiSZOJPbp+0Ww"/>
        <feature collapsed="true" name="F_8fSwYrfSec+U6Rp6Zajoa1tWWj0kQMLS"/>
        <feature collapsed="true" name="F_yX7OiRNoxesgnCRlrVvtd5nJkpFobGwz"/>
        <feature collapsed="true" name="F_C099VYzK5GcEH2Ev9W3aJJEuZ6S+AAQc"/>
        <feature collapsed="true" name="F_Qz7B3WrygloYZ+qO8kexA7ozcszp/9ng"/>
        <feature collapsed="true" name="F_uMEUoPLnC1S1D7LhTHHE3Wik3JsPJT6Z"/>
        <feature collapsed="true" name="F_nv7qocT2wYvS4I2qwZfmd1drx0qtwafp"/>
        <feature collapsed="true" name="F_V/m4xl1H3NzOuECmk1r0YW47FuydZytT"/>
        <feature collapsed="true" name="F_08eyXMZEjjKDhAypwEIZsdpPGL+WjctR"/>
        <feature collapsed="true" name="F_rDn+/aP6e1P9k+sB5d22mZWPJ6yhAzd5"/>
        <feature collapsed="true" name="F_lgci9rQfZar3KgcL4lr3rgbiIWUEMbJ2"/>
        <feature collapsed="true" name="F_F9skW+3WrC/w+IRAE4QGSQ5sVUvzYoEB"/>
        <feature collapsed="true" name="F_yD3E0xh3nfjZtRl0IFRnTj1jU/B80wWl"/>
        <feature collapsed="true" name="F_tVi5ZfK7GVawNaIXFLFqpJ8Glmf71ISB"/>
        <feature collapsed="true" name="F_P7WO9aik40HOEMGCEYlddZMyDnmaeOco"/>
        <feature collapsed="true" name="F_9uKo5SbBGk/Mud5x4etiQcB0GQfOhyEh"/>
        <feature collapsed="true" name="F_FH88Tj7p46ILZ+AJ1s+ZSR9PaUGIUNDw"/>
        <feature collapsed="true" name="F_IPfHDi0s6Fol3vwKy7d6TKq14bp7LoXh"/>
        <feature collapsed="true" name="F_TTuutYO9kO90yTMArScXs8zN8jAuUrYN"/>
        <feature collapsed="true" name="F_KmG4qxPv+32YcT7bwgJspVYm1n5EsduY"/>
        <feature collapsed="true" name="F_QVkXYOWpMxB/zX1kRjw9GDxmi3mZDkjg"/>
        <feature collapsed="true" name="F_LPZnn4xSkxcVngbP/l43mzYIVHpFKXx6"/>
        <feature collapsed="true" name="F_BjjeqtrbN7/IQhx9b9m5q1xZyAdKSGfL"/>
        <feature collapsed="true" name="F_4HaX/pJ2qPQNOIsAQpoW5C7gSebdyfaa"/>
        <feature collapsed="true" name="F_P3zBiaiwoUbXiObsMNYsqmuo59QBlrb3"/>
        <feature collapsed="true" name="F_aWxI07K/R8tp24YqAcBzDxK/ws7Q9lgA"/>
        <feature collapsed="true" name="F_Cp426hV4SZGCSwSHuk5aYuIe5jmeluPQ"/>
        <feature collapsed="true" name="F_izYPCrwOWhIu3wGzEDYHInQLd8U+LxMI"/>
        <feature collapsed="true" name="F_Iw9llUh7xVq3QBA82MA+LB9gURpscyPk"/>
        <feature collapsed="true" name="F_7VrD0/tiQKJ4zwqsbKWfIGhwltVa7Oqd"/>
        <feature collapsed="true" name="F_7WJcQxhapCOueEnM4N+1CdbG4pRywTyz"/>
        <feature collapsed="true" name="F_t93moWPvC7/6EQOfspFgexRgUadhc9a+"/>
        <feature collapsed="true" name="F_uljLsAk8OW7VikeMApOQrDQXi6zC40fp"/>
        <feature collapsed="true" name="F_LqKFqRWG1Cmbr2GLz0nsa8EpBu7SSZg6"/>
        <feature collapsed="true" name="F_6IHIGtPrclUUPpFrP+n5yyRXpPrH8a/z"/>
        <feature collapsed="true" name="F_yaeDe6bcuc/06sLW7g5JZZ/MlkVpUn1d"/>
        <feature collapsed="true" name="F_qTMCSGRMHLZlzKtfyqtQBUgOy3M/lUpe"/>
        <feature collapsed="true" name="F_kiMPxAxnN1PEDebDPNlSXkvF4/tNZYYj"/>
        <feature collapsed="true" name="F_Y7EpeImrXSk3wkVDbAQFsOGlTvjiOADR"/>
        <feature collapsed="true" name="F_oYipFN4ysGTC6WUICzd5hed3RE2e2gC8"/>
        <feature collapsed="true" name="F_YA3Fjm3IWJ2M7Drgd7PgZeSb2xVFJ9Sb"/>
        <feature collapsed="true" name="F_UvC4eN6rwVn/hOAgUVQ75M75iq4IpuX9"/>
        <feature collapsed="true" name="F_nUbFXN+WIYJ4Cf3cyQThUmlmUV/OfKRu"/>
        <feature collapsed="true" name="F_MsgNJQI+pksiPMX4bdfCienw9julU6Jp"/>
        <feature collapsed="true" name="F_j88b3NWPX61Uk6aur5LRK77XkkejujUV"/>
        <feature collapsed="true" name="F_hVsMTsiyK4RROGEeCU+KS0/68HTwHOYx"/>
        <feature collapsed="true" name="F_8v1ftmUqgmFWGgGGHNYv0zv7RI4WcTL1"/>
        <feature collapsed="true" name="F_1dbzvoSVNLs0szkJRIS1wypFEFxpKum7"/>
        <feature collapsed="true" name="F_Agb1T7rPrJ64GsMUvbuVGxy/L2HekK2W"/>
        <feature collapsed="true" name="F_wCb7z/QGeAgQbo6Tr8ojlMXMPuMXVtNx"/>
        <feature collapsed="true" name="F_U3iyyvmgcAE/7BsMtZiopPzK4k/KTMfA"/>
        <feature collapsed="true" name="F_4t3wCC+cu3bde9fst9nk21wjq1QWRtxE"/>
        <feature collapsed="true" name="F_zcrT0/JL5PrWBLoucptYlCDzApQ1wCA7"/>
        <feature collapsed="true" name="F_AaBi+QCYfg3dylOfAdjx21j7EasxIWYT"/>
        <feature collapsed="true" name="F_sUZ6najyyPRkI5dW74lSLaoOs3rJWc7j"/>
        <feature collapsed="true" name="F_0P3pw8li80tO3qbbzGRJSpzxk6wtiUKW"/>
        <feature collapsed="true" name="F_mBJZsCkAmUkfEm8qac5+IbnVlwE9JkCN"/>
        <feature collapsed="true" name="F_dwW7g9T7Sqrs8Yx+UOps30RNPWSOrv2u"/>
        <feature collapsed="true" name="F_B+WRijSdU8R7wBiWE1ITF4cYBOOe7X7n"/>
        <feature collapsed="true" name="F_+JztlU8W5XkI3li+hBrydZ6M3AYj91I+"/>
        <feature collapsed="true" name="F_9rLdf3bVmk9gNUZF6CVgM2J+1qFFKAo9"/>
        <feature collapsed="true" name="F_4leXs48VOd3y5ijQCNvnDIKTwsc9EMGW"/>
        <feature collapsed="true" name="F_zg+pTGGGcqMOiSRKZgp0ZatPOFrPPe1m"/>
        <feature collapsed="true" name="F_XVU5LrH34c6w9+w6JzWMSXx24u+8smLI"/>
    </struct>
    <constraints/>
</layout>
