<?xml version="1.0" encoding="UTF-8" standalone="no"?>
<configuration>
    <feature automatic="selected" name="F_JT4Lptbg6GTzfB2qbryL7WKLNLug/05h"/>
    <feature automatic="selected" name="F_gkEltCN+VBzJqxo9MlvUSx5R/5jKcIoq"/>
    <feature automatic="selected" name="F_KJmyyNTslVaem5ksCY+KYa8DFmvOhkMl"/>
    <feature manual="selected" name="F_zah8FNwXyUhTbNEtIP4aSEzQdDIC5D8U"/>
    <feature automatic="unselected" name="F_0rsCauBrI2vH2kyFoMsfq3HOb32vikNg"/>
    <feature automatic="unselected" name="F_eqilJeueSQCXGqIq1Jmo+72MmPiMkwwN"/>
    <feature automatic="unselected" name="F_qOZRXZQJJjetaxQGC7q2xDegzl/oWPBT"/>
    <feature automatic="unselected" name="F_vBmIdr1ae3e7zm4bCWFz3lpiKfjuDpDX"/>
    <feature automatic="unselected" name="F_b3TjqYwBcWeznPwKeSggVd0/rSovzzPY"/>
    <feature automatic="unselected" name="F_tXo4lna+xMRWt+cVilwVCsdYMYqMz4H0"/>
    <feature automatic="unselected" name="F_uNbHBqORmBpw77fGN7pvNRnVvbnhpGAr"/>
    <feature automatic="unselected" name="F_GqR2+rVeQwXQTlns3kAr1n9GvSBHu+yS"/>
    <feature automatic="unselected" name="F_BKO970RbkByaqbEWOR9v+ESd2JdnHc7t"/>
    <feature automatic="unselected" name="F_piEbYyxWT21bzs5YjwV5d0iQXCkWiN0L"/>
    <feature automatic="unselected" name="F_9QuYBdgpmGwYS6DYIBCZv6VqpxrVEL6z"/>
    <feature automatic="unselected" name="F_TTFj+TBNEZ/1XPr1sTqfSouDA1NtVz14"/>
    <feature automatic="unselected" name="F_EwnDaTVL13V7kE1h3A3XHvWYj7VnZAtx"/>
    <feature automatic="unselected" name="F_aXby9iM1Un9GFX5i3HQGoI3i4A16PHm6"/>
    <feature automatic="unselected" name="F_/5CSugGS5fdFIdMOWYQXRm/znNRLKXJc"/>
    <feature automatic="unselected" name="F_/PfxYiY0mCoMZQqEN+dHk/2Siw8Ua0Wg"/>
    <feature automatic="unselected" name="F_wEdFlRoGc3TVvb4UOSwCikemuVNjQbkt"/>
    <feature automatic="unselected" name="F_fzYZn51YBaK3QjQSpIz5TzzToy/oeH7V"/>
    <feature automatic="unselected" name="F_QVkXYOWpMxB/zX1kRjw9GDxmi3mZDkjg"/>
    <feature automatic="unselected" name="F_isML1D/sQQJmOcCAuDbNQv783Dch+PS9"/>
    <feature automatic="unselected" name="F_+iyn9GOqB64DKgVJfJJwCJwLqDbg/01m"/>
    <feature automatic="unselected" name="F_bfYkth5zJ9LLGmptXLqQpb0s43JAp8J0"/>
    <feature automatic="unselected" name="F_GwCkAPXHr6oh6h6Jfcb9pihphEObA8Xr"/>
    <feature automatic="unselected" name="F_7r8goOEH79aERI3pdVVTQA/s+Rb6flmd"/>
    <feature automatic="unselected" name="F_yHHPfuI7yVn/2nAr7js4D7kdNNwZ9nmw"/>
    <feature automatic="unselected" name="F_bVLch/Pg4A94fugjWbrj72oNUZLW1gxX"/>
    <feature automatic="unselected" name="F_HU+tnu5lpN6d3ouUJmlx7/2l4WhoQ/WY"/>
    <feature automatic="unselected" name="F_UlT+nkZ09V3GlCmXv3sj4/bKmfycxlUX"/>
    <feature automatic="selected" name="F_SlZNCAn46uPrI0WOcYGFUisBOqVKxfS4"/>
    <feature manual="selected" name="F_59+df9FcKVDmhwfSGgRjm8dlsTVAA0bS"/>
    <feature automatic="unselected" name="F_OVMcs3tzEKGIf8I7eOs+m04t0nPwyAKy"/>
    <feature automatic="selected" name="F_LRTUclLrrtd7SXjyxU9e/2th5ajpTmDL"/>
    <feature automatic="selected" name="F_6aQMDA++Q9jfpw9F66NjizmG1QTJHolT"/>
    <feature manual="selected" name="F_M8O6ICKdrLVt/XHRlpqXwVP4NTiaO7BE"/>
    <feature automatic="unselected" name="F_da2U6TULf1cuMBu3u8rwyihSt7jPo05A"/>
    <feature automatic="unselected" name="F_27cg20RMgwP5PlZtzOLtQvMTV+5Z/o1T"/>
    <feature automatic="unselected" name="F_AxocsKXEl0LyjQ++K9/QkliHzt2xvqOj"/>
    <feature automatic="unselected" name="F_63eeYAr+YiKsgfMlLw6LyVak++XCUx4+"/>
    <feature automatic="unselected" name="F_ix63yBeFIEBKnGkpBReQ6afAB9lMg+h3"/>
    <feature automatic="selected" name="F_oaaw/o22DF9f2hYhXM57dB7Rpez1Eetv"/>
    <feature manual="selected" name="F_TahYT1ii6fDx4mYL7R6IzhQGD8MBOZy5"/>
    <feature automatic="unselected" name="F_bHH7hLuDQosq+AZHC/L8c5rZVgFoO1yR"/>
    <feature automatic="selected" name="F_aYBKyjMZRpDiT8qpjYhRRVS08CQvPMbX"/>
    <feature automatic="unselected" name="F_97k4wTQ2FHgEkgwutQRJkHRZhoeTni3c"/>
    <feature automatic="unselected" name="F_XTbSnqsL+ABNwGwZKE3z5B4hnCQ9uPIL"/>
    <feature automatic="unselected" name="F_zONxzU86LeQnEQV20h3FCa/12GC7NGzJ"/>
    <feature automatic="selected" name="F_ptX3ptQ5whQZOadnkC9rjRRGJUnH12TV"/>
    <feature automatic="unselected" name="F_3X0FkX8lClzC+WN92D2kvcJgy8fl5HFJ"/>
    <feature automatic="unselected" name="F_SGedZc+3wW/8gtLA3Tcdb4/9rv0AygC1"/>
    <feature automatic="unselected" name="F_CNRzr6IMrzYHsSt3HrP3SNEr8MxFgE9B"/>
    <feature automatic="unselected" name="F_hjPj2V+MoNm6ZyFiRMTQDIe8Sqol1oMQ"/>
    <feature automatic="unselected" name="F_Y+yAqpANyKB8SBF3VzvFRiPpQIpnMxMr"/>
    <feature automatic="unselected" name="F_AtfEDJkBn0QpwIN6Ywe+VmaCDI5oqa/k"/>
    <feature automatic="unselected" name="F_KMHjV1vBpgaboZXD0JqUsKU2SHzNwfj3"/>
    <feature automatic="unselected" name="F_Jpz8E6qE0yuP6R+uyiyFWrUgLZUZ3i8k"/>
    <feature automatic="unselected" name="F_MA4Kf1gSwbZTj0EfBY3j0c7gccduijm3"/>
    <feature automatic="unselected" name="F_a35J6CZ/Rahc5KillLC8fLMVsd3BnLQ1"/>
    <feature automatic="unselected" name="F_+aaTsPojzvf7RUcbfhTwaD4Xk67YJU0Z"/>
    <feature automatic="unselected" name="F_yaeDe6bcuc/06sLW7g5JZZ/MlkVpUn1d"/>
    <feature automatic="unselected" name="F_n4p+Vzi2nxqZeITJKltA6qyv124dN2/0"/>
    <feature automatic="unselected" name="F_AFVaLF1WnY4n7Py8npxgt3y6uyGX6W3R"/>
    <feature automatic="unselected" name="F_ykbAki/rQXJa0cKDVZqM4Oe/z1EQ9Uqe"/>
    <feature automatic="unselected" name="F_/AxojXNiG2rXLe6Gnj5XFrrF6xsOBLmx"/>
    <feature automatic="unselected" name="F_e99nHMGzOFcuHV8LmWOxkUn5OpzkvBrS"/>
    <feature automatic="unselected" name="F_QHGWSkhqdZ++BH3qwMp3qGQgFhK62iKv"/>
    <feature automatic="unselected" name="F_DRU9xGIj5j0UMJbqROxJffvhADSiN9He"/>
    <feature automatic="unselected" name="F_U3iyyvmgcAE/7BsMtZiopPzK4k/KTMfA"/>
    <feature automatic="unselected" name="F_T0obdGYu+dREPcQ3VWwApkDkW5mIHohm"/>
    <feature automatic="unselected" name="F_5KghHv1tg8t+TIA8GKazGdKn/SwU+ims"/>
    <feature automatic="unselected" name="F_PJ3wcx5ka3Jy1LPe4Yl7XCJYrBduqjXc"/>
    <feature automatic="unselected" name="F_zcrT0/JL5PrWBLoucptYlCDzApQ1wCA7"/>
    <feature automatic="unselected" name="F_goxfwEubWjnoxBi7uXfhjv8+1qdnTx6M"/>
    <feature automatic="unselected" name="F_PSG/JNdLVWa7PFsLlK+UaIBMqcPst9Iz"/>
    <feature automatic="unselected" name="F_HLNWVjSIXoeDpAOazTPDvkxxE05mhs8s"/>
    <feature automatic="unselected" name="F_rNZkY7t+Whh9sLnP+WjetQouqx+g/FeS"/>
    <feature automatic="unselected" name="F_0P3pw8li80tO3qbbzGRJSpzxk6wtiUKW"/>
    <feature automatic="unselected" name="F_DRBiFHTifRKgxDI9gSxgnI/pIiPjc8ru"/>
    <feature automatic="unselected" name="F_hP/J63HBbM8MG3DPEFGMtgQIvTana54H"/>
    <feature automatic="unselected" name="F_0IifFkqQn/mJccY1rgbveO9to6RvF/cx"/>
    <feature automatic="unselected" name="F_1e8NfC1TiPwku9RyBcFa6l2HDC3JGVaS"/>
    <feature automatic="unselected" name="F_bC3uhztEMBvaIKCoucDkHuJpGbjDT7nm"/>
    <feature automatic="unselected" name="F_MHIKQ1pu7XUIT1z89X7f99KqDCmcUlMx"/>
    <feature automatic="unselected" name="F_8fSwYrfSec+U6Rp6Zajoa1tWWj0kQMLS"/>
    <feature automatic="unselected" name="F_+QjU57Z1MRm0vO/ruOznfP1K13U/ljev"/>
    <feature automatic="selected" name="F_Iw9llUh7xVq3QBA82MA+LB9gURpscyPk"/>
    <feature automatic="selected" name="F_cbye7ZYMtMF4AqLKYtEDq3kXjmUpHHqe"/>
    <feature automatic="unselected" name="F_L3U2vZXv3330ziDwiLkSolecOW8+X4e1"/>
    <feature automatic="unselected" name="F_kahHUaOHRB3noBDeYGxGr49z21twRoWr"/>
    <feature automatic="unselected" name="F_IpQYUVuU/6M04KPmgv5w7P6EHsHUgeCw"/>
    <feature automatic="unselected" name="F_IKBaCZkhqR873ydn98irb62Uce8AtLov"/>
    <feature automatic="unselected" name="F_Mx17yla0jlhjzCABAPe/xgNtZZHSGHcl"/>
    <feature automatic="unselected" name="F_/0KFWRmTdEoNb1jFtvQCHT68JM4EV661"/>
    <feature automatic="unselected" name="F_je5LfPP71HJq07R6/PekW5g1SdaUgHcH"/>
    <feature automatic="unselected" name="F_4U30tJk85NjdKyNNlb0s54c5fQ4j5lJ+"/>
    <feature automatic="unselected" name="F_GB40keNLZqjKhL4HxXOcYq8seB84Bb+F"/>
    <feature automatic="unselected" name="F_XYkRfm6D6FReiwMieP2gA9ZqA1/m0oXs"/>
    <feature automatic="unselected" name="F_3EUEicw4h3/ZMbNVZGjR5Mb74LIe/RGh"/>
    <feature automatic="unselected" name="F_MXipY/+JrRWziuKzbvP3WRjY9F1LY/SI"/>
    <feature automatic="unselected" name="F_2ShELK86yaTG37RoxfBEW4s2GmPN6k0Y"/>
    <feature automatic="unselected" name="F_FtHMPygjZOi9rhr9UuJadj42A7rWY+RW"/>
    <feature automatic="selected" name="F_YYbH9ZBDxO9HzJUMItSN0Mu6wi8wQ/gj"/>
    <feature automatic="selected" name="F_u3NLZKSnTX9Z/VjGpL11jvNyjgSw8Z+x"/>
    <feature automatic="unselected" name="F_K8DbZtFgUSs9wIjTWKjuaMtJ5dexTjVx"/>
    <feature automatic="unselected" name="F_C099VYzK5GcEH2Ev9W3aJJEuZ6S+AAQc"/>
    <feature automatic="unselected" name="F_5Wt1GLcN9ZXR12Ywk1iK0J4JOrunogoq"/>
    <feature automatic="unselected" name="F_hK/3d+kJrbl/+ymLl4B2FA8SVnrFQ/ap"/>
    <feature automatic="unselected" name="F_ChtPhR+fLEFq6RChht5CWzZsEhjA3HsG"/>
    <feature automatic="unselected" name="F_bUkvh+4c33rD22ISEi1KC87FRD4+8bG4"/>
    <feature automatic="unselected" name="F_U5Lzvw4wTRAbqIxD2EziadrZZBZr4Xs/"/>
    <feature automatic="unselected" name="F_5w20X1Mhjfr7N6kc7Jwix+fCwrrW3ptb"/>
    <feature automatic="unselected" name="F_E0ejOix5wWGZvzguWCfyjjqUqdhxS3bg"/>
    <feature automatic="unselected" name="F_L7n49KvzmRxN5UEpnqXWnCM7FRTu0HMp"/>
    <feature automatic="unselected" name="F_PvkPn7tRDyUhER4OxpsndnWaAkzW4lQ4"/>
    <feature automatic="unselected" name="F_EUZa3EUE8XPvNRZuH10TswfTV4uAugPx"/>
    <feature automatic="unselected" name="F_MTSI4zrK3wFW7nq+r+STHQ6r1Zk8jRLY"/>
    <feature automatic="unselected" name="F_Jc+VNXu+8ZR3ycCtpH1NS8gUGLm+NLbj"/>
    <feature automatic="unselected" name="F_1NsAegideb9PH4VPjX7I4LrF1MLTW642"/>
    <feature automatic="unselected" name="F_jUGvRmWx5Q8dSpgSHLR8KAFcVUXAPy9i"/>
    <feature automatic="unselected" name="F_dG7yRWj/6Nx5w5We/MZ3TapxmAP6gnod"/>
    <feature automatic="unselected" name="F_0QmLFzSg9vW996NvH8yZu37o6pX/AV/K"/>
    <feature automatic="unselected" name="F_tvW5mYOvlcp9bFhcH11dJ++sVKEeM05y"/>
    <feature automatic="unselected" name="F_mHqCgvrJ4Z6zNfPSM2bPVfm1SQPEP0Fq"/>
    <feature automatic="unselected" name="F_J4G72EPMXgRftY7tyN9TeLDHu6JtaCzx"/>
    <feature automatic="selected" name="F_eKLlvdck8q46rkBCm7EBEPdhZe+a1aJq"/>
    <feature automatic="selected" name="F_76Lv1XCbajPPGtj/caBSuyZ2ff2PMEwp"/>
    <feature automatic="unselected" name="F_JovRMh0Ch1KE/r51PDLr9AAOvUTnEf1f"/>
    <feature automatic="selected" name="F_uljLsAk8OW7VikeMApOQrDQXi6zC40fp"/>
    <feature automatic="unselected" name="F_VPefx3Q0+4kIweFNvDrVnOMvzKcidNlU"/>
    <feature automatic="unselected" name="F_6IHIGtPrclUUPpFrP+n5yyRXpPrH8a/z"/>
    <feature automatic="unselected" name="F_F+k9RyBmpvVayqyoxuHXcMbiZORkwKBE"/>
    <feature automatic="unselected" name="F_U/HZDskT4W/y+L8vVwv4MCHUpACyLLMN"/>
    <feature automatic="unselected" name="F_a8KCF3K63DhsrLO3fW/SDSgphfdX3KjH"/>
    <feature automatic="unselected" name="F_/RBkD0fnAz6pcfT5tUSEUGEyfMr1G1rE"/>
    <feature automatic="unselected" name="F_sZE2EIn+iKIxLutVyqEQUeOwUoBt/FVD"/>
    <feature automatic="unselected" name="F_WRTv+97F7IZAkTv8e7Sso/KvOv1SRgMu"/>
    <feature automatic="unselected" name="F_6XntdYuCkWYY2gDIjY+aK29tUq+8e8y8"/>
    <feature automatic="unselected" name="F_Ba/+OkVPjb9cNWrKcX7hvSFpy7/FgQ/w"/>
    <feature automatic="unselected" name="F_SQUS8gFZgxy/omTWeHYnecFDT5vjZEjB"/>
    <feature automatic="unselected" name="F_hJNBdoDJ+oNlS7Q1RVtlYQ069nvtxy7V"/>
    <feature automatic="unselected" name="F_DL413wKdV72o0S4wVyF3blat7zQrZEkK"/>
    <feature automatic="unselected" name="F_EYDTJEMBR/twt9w+5brkm1Xga7GmOBXi"/>
    <feature automatic="unselected" name="F_mBJZsCkAmUkfEm8qac5+IbnVlwE9JkCN"/>
    <feature automatic="unselected" name="F_bo9I/xqvmCkYWHW2P16SZ+FvqIGc7KKb"/>
    <feature automatic="unselected" name="F_uuwbr2LAdT3ixase2/LcW6an7b1BkWCl"/>
    <feature automatic="unselected" name="F_A/XTJgQ3lwUTkQo0SJCmBD+tquS6920S"/>
    <feature automatic="unselected" name="F_l/Go70r8a+oNDeoim7CUv+2oxyMu3yKu"/>
    <feature automatic="unselected" name="F_9j1z7OfZn6fFETFY2f+Pj3oCesYOaGhc"/>
    <feature automatic="unselected" name="F_03GpBxG61jdyj1wkcXQfQxmleOMwyRHu"/>
    <feature automatic="unselected" name="F_/R/L83l+nY78xhswOBtyX+cgMEgj5r2j"/>
    <feature automatic="unselected" name="F_MM2cDp5KnOCDwjDZKnV+8aYdfUqbwA71"/>
    <feature automatic="unselected" name="F_FthJSnP5/UyZGhi3OU28PyD3dWbKoF6T"/>
    <feature automatic="unselected" name="F_xVBo09ujH04BTJGBUs1ENBkeBSr6QnrO"/>
    <feature automatic="unselected" name="F_6xfdwaGi9GVgLs3x1N6CZ72ad/xW3bGJ"/>
    <feature automatic="unselected" name="F_lenFQUglomofciAVwtz+ya6UWyQClVf6"/>
    <feature automatic="unselected" name="F_xCGioBkRd1DblpqtSOUM3AK8056LpM4a"/>
    <feature automatic="unselected" name="F_9rLdf3bVmk9gNUZF6CVgM2J+1qFFKAo9"/>
    <feature automatic="unselected" name="F_am2UI/P8fVIzJTBUVzHaDgTdY4TURvSe"/>
    <feature automatic="unselected" name="F_Fy9PCzjoUt3vI/peXDr88HanON9Plh6y"/>
    <feature automatic="selected" name="F_sUZ6najyyPRkI5dW74lSLaoOs3rJWc7j"/>
    <feature automatic="unselected" name="F_sqK5UHw/xxMcgaQ56fqIqWvWQWDHiZmp"/>
    <feature automatic="selected" name="F_2UKr4gIr3cHYqFxh2ilSb/yXhqJOgxOQ"/>
    <feature automatic="unselected" name="F_hVsMTsiyK4RROGEeCU+KS0/68HTwHOYx"/>
    <feature automatic="unselected" name="F_14PF3Eowjjahq/eMxAJmrpYyB6l176Wk"/>
    <feature automatic="unselected" name="F_L5ihjWvwO+wI6sSBHNWDZhr5ai8ZGvxl"/>
    <feature automatic="unselected" name="F_hv3teeHwtla9zQG7Mdq6ci/Bn5YZklwI"/>
    <feature automatic="unselected" name="F_MvPglu1pL04Me2qre1fLAodUtaeNILdT"/>
    <feature automatic="unselected" name="F_U23t3b2uSfeRHbpfDturD0X6KJvgjR/C"/>
    <feature automatic="unselected" name="F_bPxVydiksHcW66AW5+njQtCRxBZJDXiN"/>
    <feature automatic="unselected" name="F_SRmAhRLSAdv/oRPW/+40q8/4AvsAMAJu"/>
    <feature automatic="unselected" name="F_4hxWtoFns8aek3puNu2kfFXBsEOIqp6L"/>
    <feature automatic="unselected" name="F_3q/Ci2HRoD6ZgP0ql//xc4+l5wd10hha"/>
    <feature automatic="unselected" name="F_Lo9u9pIJbcamBqzNgm5eWDXmUIvG4s8Q"/>
    <feature automatic="selected" name="F_9gMej/CWNsrHG2vJ/ue92XuOWcUfk7RW"/>
    <feature automatic="selected" name="F_tPiesZBAggqJxtGelq53ZbC9WuQEwUjk"/>
    <feature automatic="selected" manual="selected" name="F_rfObjYtDeOunZSaJiN9ixEXHtznFJNXm"/>
    <feature automatic="selected" name="F_9uKo5SbBGk/Mud5x4etiQcB0GQfOhyEh"/>
    <feature manual="selected" name="F_OKE9EHK1DqJRBe1yiVXcD6hQNatm8Z15"/>
    <feature automatic="selected" name="F_4daiK7KZ69jd6sOl4l8nnltdGubaqReN"/>
    <feature automatic="unselected" name="F_ib61DlCzdnapkAg//YYx0b1ZoKCYM68t"/>
    <feature automatic="unselected" name="F_lEf+cj/7EPJqOcXIcMCP8aCE321UAxZs"/>
    <feature automatic="unselected" name="F_UqQwHWp9wYizQyJAE78IarxX41fFzAFb"/>
    <feature automatic="unselected" name="F_3GOGpjeMCol6kjefRjc9PBIGcGsh2Sos"/>
    <feature automatic="selected" name="F_e2g5WmouOQcQcq7Z+ACYEPrqDaas8Jq0"/>
    <feature automatic="selected" name="F_FHCdHQiPHIcPs6/sBv+XNZGkov25OHLb"/>
    <feature automatic="selected" name="F_881MGC0zz07ShR+3Z6pm0Mc/3eQv6R3F"/>
    <feature automatic="unselected" name="F_yX7OiRNoxesgnCRlrVvtd5nJkpFobGwz"/>
    <feature automatic="unselected" name="F_q2n9kZVUEBAuWdn6x3x5TyR2k8RbunoM"/>
    <feature automatic="unselected" name="F_tyh2aPJKIlBBauaSuVjhrxYvbVHnOK9a"/>
    <feature automatic="unselected" name="F_94qJcxqaMnGpVg2lPaKsKYvfCq2hJ8JS"/>
    <feature automatic="unselected" name="F_ufxqkyRFZZ2pdyWVh2X+tUuDpC1LhdhJ"/>
    <feature automatic="unselected" name="F_j+cZUX3qFX4499tmnvpDD04rlfsm9qzf"/>
    <feature automatic="selected" name="F_jRHB1tPJFMtNzpiql7IiRLCOhFRFjU1v"/>
    <feature automatic="selected" name="F_7VrD0/tiQKJ4zwqsbKWfIGhwltVa7Oqd"/>
    <feature automatic="unselected" name="F_1y60dTD7v2w/p1OW02qFT3MaEZbjK9kD"/>
    <feature automatic="selected" name="F_cIK7I9sPf5nUyNnDZw2bVA404uHU8B4/"/>
    <feature automatic="unselected" name="F_7SQWKknsdE8zG0HygW9blkyfL4QY9X3U"/>
    <feature automatic="unselected" name="F_wKyNrRTfBb9t3BDk3bN/NEwt4OCIPEeG"/>
    <feature automatic="unselected" name="F_+nijJx3IQ6qR9IWr+Vqv9NKglA/NkxW/"/>
    <feature automatic="unselected" name="F_ZtAyf8SEJOAQSMvPp6UvPzpHDfKxAgsM"/>
    <feature automatic="selected" name="F_c8xFtecqz6GKeGmYsnWQzq39Qf62Zi7L"/>
    <feature automatic="unselected" name="F_B2CRBWdAo8aG53jpiVzTIlhb6bKV1nJF"/>
    <feature automatic="selected" name="F_CY9RmNOHs4Scw57aCFdxmcCzqDiER50J"/>
    <feature automatic="selected" name="F_5JAafSb6woj4G8yTQWC7N1m8FOMcJAi7"/>
    <feature automatic="unselected" name="F_W0BQeMrmJWSiTR1IiQ4x1UZ8D425qZOG"/>
    <feature automatic="unselected" name="F_16OhMSudYiG42r9tVSO3kY3ql3O6o+v4"/>
    <feature automatic="selected" name="F_8JDoqzqzFogBfDLhHFITJ094R2g5KY26"/>
    <feature automatic="unselected" name="F_UvC4eN6rwVn/hOAgUVQ75M75iq4IpuX9"/>
    <feature automatic="unselected" name="F_CLGb7z9TJETj5sVYqcNd/rAgd+js453H"/>
    <feature automatic="unselected" name="F_FH88Tj7p46ILZ+AJ1s+ZSR9PaUGIUNDw"/>
    <feature automatic="unselected" name="F_7fJXOHo8lIsNBbsYPlpxUXBXN6hJKUej"/>
    <feature automatic="unselected" name="F_PEhLlA2SYXuCMOhtpn3fx2o8ZddJkHMw"/>
    <feature automatic="unselected" name="F_6wvYnt6g160ibss6Xi+uOpJdMh8imUCT"/>
    <feature automatic="unselected" name="F_VXqEyZLX30d57s+LWEodBfJ64sAuyAaW"/>
    <feature automatic="unselected" name="F_LqKFqRWG1Cmbr2GLz0nsa8EpBu7SSZg6"/>
    <feature automatic="unselected" name="F_CNCDmgroBIHWO5opmqicYUZwCzmfwlSK"/>
    <feature automatic="unselected" name="F_I+lH2qQKPj4Dxd585waBE2Vh8kV4XHiL"/>
    <feature automatic="unselected" name="F_uMEUoPLnC1S1D7LhTHHE3Wik3JsPJT6Z"/>
    <feature automatic="unselected" name="F_guuTgAWK1NBr6OiabDgLPCqsYZvKyTJE"/>
    <feature automatic="unselected" name="F_08eyXMZEjjKDhAypwEIZsdpPGL+WjctR"/>
    <feature automatic="unselected" name="F_U0ride0Jflj9HaABvgSoxPu7/AIlWoIy"/>
    <feature automatic="unselected" name="F_CpgAt6RApq4JfyuRvW/L6n+x4inwDuYO"/>
    <feature automatic="selected" name="F_wCb7z/QGeAgQbo6Tr8ojlMXMPuMXVtNx"/>
    <feature automatic="unselected" name="F_yD3E0xh3nfjZtRl0IFRnTj1jU/B80wWl"/>
    <feature automatic="unselected" name="F_NIogPFG1AifY3R/BvBuxQE4p0HuToJvo"/>
    <feature automatic="unselected" name="F_KmG4qxPv+32YcT7bwgJspVYm1n5EsduY"/>
    <feature automatic="unselected" name="F_1ljeprYfNEOiUX/BAHQHO0cG6LBKwh/K"/>
    <feature automatic="unselected" name="F_KwJai8M4uId1IfD+zHcQlQsWFDnakoGW"/>
    <feature automatic="unselected" name="F_cZvrdqUxihvXrZrR/VfF+x78l5Em0X0E"/>
    <feature automatic="unselected" name="F_5Es44ADBGINCp/Ds0yO29Dl1B/zWs0EV"/>
    <feature automatic="unselected" name="F_ucNmSVIg3QgbtD6tFiAI8ZuQoGOCxCNO"/>
    <feature automatic="unselected" name="F_LhlVcmBFjLKX370Tvz/Yk1pddjkEwxSu"/>
    <feature automatic="unselected" name="F_RaP6leZD5lUCG8AsMmtEgVEkNAWSy+x6"/>
    <feature automatic="unselected" name="F_bXMJ2wPaDcXoOgsu8oOe/N2Pd/SMvUcc"/>
    <feature automatic="unselected" name="F_ylvbePza1o8ySLCLHdfT7XF3S9M3xECn"/>
    <feature automatic="unselected" name="F_nv7qocT2wYvS4I2qwZfmd1drx0qtwafp"/>
    <feature automatic="unselected" name="F_lq24TwXjoSU2+TMmaDdq2R4bBCuIU6bw"/>
    <feature automatic="unselected" name="F_xZdJOwQUAC5x4mWyXWYcHtZ43KQxQzph"/>
    <feature automatic="unselected" name="F_82bLhQ4T7EN5Ay2uEeJXedMH5j+hgK4H"/>
    <feature automatic="unselected" name="F_Lh1SuFFA3Akeax5vOAvyPeNZHByIs7uc"/>
    <feature automatic="unselected" name="F_o1ZvuE5+ga/lQS6BEn0iIqvS+3V8GgEi"/>
    <feature automatic="unselected" name="F_aFhQBEMJtWcXQPsXnV3iz76a1oLy/WZ9"/>
    <feature automatic="unselected" name="F_b3euzUFLb1QefEKWFnTVuE9pmv+fw2qQ"/>
    <feature automatic="unselected" name="F_oZc7gCtN2qRlpT/o39GgAB8h6XsjXJqI"/>
    <feature automatic="unselected" name="F_YTMogeLEILCAdK2JMySkoHjtAFmZacft"/>
    <feature automatic="unselected" name="F_eaRS5OIKlvo9yOh163INdKciUoBrSn2l"/>
    <feature automatic="unselected" name="F_ZRMXTBftmxCCyFkmiPHFFcbVaatP/e1g"/>
    <feature automatic="unselected" name="F_icFUVl1G/ck30F7AEWDQthlpOMI4YD+U"/>
    <feature automatic="unselected" name="F_nLcwTic1pyHxUO1rPINwANm2wEvGGm5V"/>
    <feature automatic="unselected" name="F_QnkcWxl8dvohd6LWDh0HHKVPfnbKjScr"/>
    <feature automatic="unselected" name="F_ycRW/IRFfAUGGDJwP3naSA464e8rSPTM"/>
    <feature automatic="unselected" name="F_TTuutYO9kO90yTMArScXs8zN8jAuUrYN"/>
    <feature automatic="unselected" name="F_OtI4QiVH6bVYuSv0u8GpO/O71DGA7kZW"/>
    <feature automatic="unselected" name="F_Kj1f6OF9Eet8JcVQya8MMKgEpzTah29b"/>
    <feature automatic="unselected" name="F_VL9hq/yxFc8I4s5s8JkLkIT3YiM2/ieu"/>
    <feature automatic="unselected" name="F_U7nyDN3pSNzCOUflXrl0NbxQBp6Ib88A"/>
    <feature automatic="unselected" name="F_qfAjWPtbUQ99QFxxpHHK3tOL3u0E3and"/>
    <feature automatic="unselected" name="F_fTmCkOb0FSZE3K5Nyahy3UisN3h+JODB"/>
    <feature automatic="unselected" name="F_Y7EpeImrXSk3wkVDbAQFsOGlTvjiOADR"/>
    <feature automatic="unselected" name="F_BXe80aA+uxiUU5hSMeDqYnmYmDOr3+wC"/>
    <feature automatic="unselected" name="F_e3rfYJZNOVNV9D6CC0dJHydy1tEBokRe"/>
    <feature automatic="unselected" name="F_HOWeRf9kRHWHqsKYND62WVT9cn+FUcSg"/>
    <feature automatic="unselected" name="F_hQBXyLFLYuKckozLFW3wLb/qADb9a41L"/>
    <feature automatic="unselected" name="F_i8jb7NclyOv5ZZKPYBnMDp+d5vISs676"/>
    <feature automatic="unselected" name="F_p3N0I5IVPTTGWkpxCzJgIQdPt5kjwiv+"/>
    <feature automatic="unselected" name="F_5XxaCaC2aV55SqR705OPbbaGSw98NGNv"/>
    <feature automatic="unselected" name="F_t93moWPvC7/6EQOfspFgexRgUadhc9a+"/>
    <feature automatic="unselected" name="F_v2HmeL3lOXSoZRQsXQWkp2L2VwY5ECHY"/>
    <feature automatic="unselected" name="F_Z3fk2vzdo9Z71Q+PB1qnrOPG4C45RHB3"/>
    <feature automatic="unselected" name="F_VMrOR9d2GvB5GcA9cUCpVJ2CMTwL/z/7"/>
    <feature automatic="unselected" name="F_93YFawzpAekDmN+EJweC7w6klB1TMjmp"/>
    <feature automatic="unselected" name="F_i0fMjUHEUGa9TZFrXKuPQQJKKw5Km9af"/>
    <feature automatic="unselected" name="F_j88b3NWPX61Uk6aur5LRK77XkkejujUV"/>
    <feature automatic="unselected" name="F_tpCqJBYlQhXeEBj7jcxAf4rejyRPp0CE"/>
    <feature automatic="unselected" name="F_jHy2UwV7XRlKwOGA86cHksAZuUgoiMOC"/>
    <feature automatic="unselected" name="F_ua0D7Bxzalu7G79zHcSvG+vT5HaD919e"/>
    <feature automatic="unselected" name="F_Mb0zXCvarAxu8GwochcT0YHZj1txz0Nn"/>
    <feature automatic="unselected" name="F_Q323sWTzfuSY2pbMfT0cReS69e3y6xhx"/>
    <feature automatic="unselected" name="F_a9m5NvzkHrYcIgdXKIDILovl9vy4S87o"/>
    <feature automatic="unselected" name="F_BjjeqtrbN7/IQhx9b9m5q1xZyAdKSGfL"/>
    <feature automatic="unselected" name="F_Zau2pnN/suqpe51TOmWBsluHlXCGqbc0"/>
    <feature automatic="unselected" name="F_pvC1k3sj8LzkwUR7kvgs87cHS4y8npUi"/>
    <feature automatic="unselected" name="F_S8sZ1tesdylyo0K6Ea6QlNW4muaS+AEc"/>
    <feature automatic="unselected" name="F_QA/gl7NJIK7LdcWzAxfOKPbZgxzT756Z"/>
    <feature automatic="unselected" name="F_ApcqB37+NqKVV76DXKGm/UEkxEkEptfD"/>
    <feature automatic="unselected" name="F_5JPDhckT2kyyc+6sffBmKnYOhePOkuGL"/>
    <feature automatic="unselected" name="F_MMqiZM4mN0dEyOoTu95g8HgYp6Y5aJ+6"/>
    <feature automatic="unselected" name="F_+e7k65szH0RMGeICpv7jgFdanPbd2Jsf"/>
    <feature automatic="unselected" name="F_fC2Ltj5nfwP7Xj0hMyAbaW58VLZa8IPd"/>
    <feature automatic="unselected" name="F_4leXs48VOd3y5ijQCNvnDIKTwsc9EMGW"/>
    <feature automatic="unselected" name="F_HrXnfiLHDhhc8c/wJmYn6/6hxPHgEta1"/>
    <feature automatic="unselected" name="F_8pVlZ1HPL7qiGe96zxnKyiyZ1p0tjEFM"/>
    <feature automatic="unselected" name="F_kHjJv4X6fOHUk8UDJvJ55qKHg33xO7pW"/>
    <feature automatic="unselected" name="F_RNKj2KH7pmOEzMCCifwo4kBP5vn2FdPh"/>
    <feature automatic="unselected" name="F_H23wHmEvY9JLeHHEU/Bgc4XpUL9Af8eq"/>
    <feature automatic="unselected" name="F_/Pjguj4Y27DEKqYOwpu7f5Mv5Rbfv8XX"/>
    <feature automatic="unselected" name="F_RFwvGQIv7KwFETEV2b8FCcaB87qp0p6b"/>
    <feature automatic="unselected" name="F_lv6covZPRZ0VYYFdW6uM4oDeKogPvLgN"/>
    <feature automatic="unselected" name="F_3n+xjjWOldiEzDA4iabzuRPLltGTeQqH"/>
    <feature automatic="unselected" name="F_Vs3O0DeLsxKJPnKkBsViwxeT417BE1RH"/>
    <feature automatic="unselected" name="F_Po4xUSIkJtlr5eXJGMlKhJV4AtdOWG5b"/>
    <feature automatic="unselected" name="F_/+RbSnuGRJQWJ4lH1ZSbfQu4/T72WijW"/>
    <feature automatic="unselected" name="F_0F951wHr8/6Q9t8EgNPfXw9EdtGKXU48"/>
    <feature automatic="unselected" name="F_xjcfV3jnAvB3/ZqDTIXPIYQ9lOd0Dtat"/>
    <feature automatic="unselected" name="F_RXL4E3ijTAziecPLRAZ72k7UW3523Kwx"/>
    <feature automatic="unselected" name="F_CA/vQT2BJTlI2pTDTDxaOSEp1WHUT0tV"/>
    <feature automatic="unselected" name="F_ZFaX61e6gWiqA0DPO3jxIF4EcOBlCJo0"/>
    <feature automatic="unselected" name="F_BcI0QtzGBWGq10smNeKHgRDwMBOKvVYW"/>
    <feature automatic="unselected" name="F_5TTLeB06Uzb7xosVYni7aPOlysZAzql8"/>
    <feature automatic="unselected" name="F_uisLmQ/AuPu98fTy7nvRxIz2N+WuyuLO"/>
    <feature automatic="unselected" name="F_ruxjnKOZ/m7l/B8F8sJeNkNMYu7oi8ZS"/>
    <feature automatic="unselected" name="F_tA8fQNLlyVGNUYfBXMXfLAM57l8nH3Wv"/>
    <feature automatic="unselected" name="F_go1UmfZfr8manvT95483XBs1vUEDh8C2"/>
    <feature automatic="unselected" name="F_75xH45etZJoqLKtn9pSjiRf6E2jXBAUJ"/>
    <feature automatic="unselected" name="F_bT2KrOAQLMb1BT4UedyA6NbM1IsEYuqP"/>
    <feature automatic="unselected" name="F_nmkS8ebn8xb0hxxsdw0QqBXh9DDF1APH"/>
    <feature automatic="unselected" name="F_b3TpW20w09NPZ1LI46a/3hB9SoA0V2DH"/>
    <feature automatic="unselected" name="F_laiL9UtJcnGd5iyOk0AaEeIKHfTuDR5g"/>
    <feature automatic="unselected" name="F_XA2Kgc4APFLVlHw3wVvjHD2C59bDT0E/"/>
    <feature automatic="unselected" name="F_2sbTC8jtJofmH3xtT/0GJ8m+y+ggQUD0"/>
    <feature automatic="unselected" name="F_s+W6dgY+4mClPG6kaG44pxXZX7ccieZW"/>
    <feature automatic="unselected" name="F_w6p6y4ULCL4VdN79pFe2Yg2kOQgQ+HXH"/>
    <feature automatic="unselected" name="F_Ws5zVD6zzKt+hwPV5tEdF/orn5d5aWRa"/>
    <feature automatic="unselected" name="F_gJXzgaC4Uz8qgruZT0Pw8ElVe7ETvZBe"/>
    <feature automatic="unselected" name="F_9IQOFgx23fXasWBEZntwKbIpWDnK5ffT"/>
    <feature automatic="unselected" name="F_8pOXXpqCSpJcAOmRcWOvtsGxOWt29MsM"/>
    <feature automatic="unselected" name="F_x20/5wEt+lk8d1zcCziBHMbdNwdAxhhf"/>
    <feature automatic="unselected" name="F_1oYJKeU7VIC9kRQ9CHidG5NJSKuSd2Cx"/>
    <feature automatic="unselected" name="F_MB5QHlM1qJ/nwy24tmGx7WUPQpQT9Y+V"/>
    <feature automatic="unselected" name="F_ohNxwCYuSpYQr6J3XCZx1S9iOxBfLUdw"/>
    <feature automatic="unselected" name="F_lC5hx6/qmxpueP0wEuUW0JW+ma5EzNfk"/>
    <feature automatic="unselected" name="F_4l0gF9SLoYPwDiLMjE2kznS32qaaCbGH"/>
    <feature automatic="unselected" name="F_V106dZTwK233Y9oeZF4NHVOwqpVW4tJZ"/>
    <feature automatic="unselected" name="F_qaHns+9fkVosBvSsEdiNN8ydgySU+sLi"/>
    <feature automatic="unselected" name="F_ABOz2sFGoPMouV3vaPaeIQWUhhzJjBcC"/>
    <feature automatic="unselected" name="F_g9DA/PKvGtL3n4j1xDV4M0YMc61bfRXq"/>
    <feature automatic="unselected" name="F_2GK12Bc3EfubAsjOPiyVgHy/9ZlwRybj"/>
    <feature automatic="unselected" name="F_HjczZSl4tCnMa3dmVMq2nHTP9Hn6GmE2"/>
    <feature automatic="unselected" name="F_Pt80hns38xchmmF7i38+QCROzFoHhPjo"/>
    <feature automatic="unselected" name="F_IDpCtVu3ag2F4VZb6hKlsUgTcEDmlCE4"/>
    <feature automatic="unselected" name="F_srshlCmGXElJwVP2J9RfCJ5fZDzU8wIi"/>
    <feature automatic="unselected" name="F_EsjU0f1wPZKf3cKHijtXt7IE5xSgPYD+"/>
    <feature automatic="unselected" name="F_69Y5xU3Y2okEuKdgb1j5qxyx1BYtPoGc"/>
    <feature automatic="unselected" name="F_SlUejCV87exJlltNbRWgpN0b3wwuTrgp"/>
    <feature automatic="unselected" name="F_WSsLDahJ4RAiPg8pVvROd2jQv+W+AkhR"/>
    <feature automatic="unselected" name="F_showsI1SPETAiBqegTUfjw+qgV2BF6qf"/>
    <feature automatic="unselected" name="F_Ds/llJ8NxMj3HGG+8CUg3o+KNGvW5g0h"/>
    <feature automatic="unselected" name="F_i3adVAritI6QkSgdYZpt7iQqvbpZq3BK"/>
    <feature automatic="unselected" name="F_V6hDq+IIquTrjeBHeq/ZdgDweC/FvnTO"/>
    <feature automatic="unselected" name="F_EexGWI8JdPzE5bwtBI0FWtmEb7EVRpEM"/>
    <feature automatic="unselected" name="F_TcwKB8FNjbuz5PmTgidH7CtE9s6l3DnA"/>
    <feature automatic="unselected" name="F_8ZoX5nD1ja4SyLS6gP/vTbY+oxfJLoHj"/>
    <feature automatic="unselected" name="F_9TfRCIpmYnW+gbnXS2gt2AxCkPExx6re"/>
    <feature automatic="unselected" name="F_C+TeFfXX2T44cEkZZFfo3xQCMsW5xXD9"/>
    <feature automatic="unselected" name="F_MVPmlWE0mjnyYzUv7tbMUK17XJ4xyZ13"/>
    <feature automatic="unselected" name="F_v0E3tUh53sEBNnocGUHg+rZfJVjESD5y"/>
    <feature automatic="unselected" name="F_ZKDIX/6xrLWVaobHh9L/uyLsydNLHypB"/>
    <feature automatic="unselected" name="F_XKQdbeTCUPTIO57IrkqXDUUw8oQQ27R+"/>
    <feature automatic="unselected" name="F_PTT7H1kSGpGGZWwMo6RGgT85v/glnZ1W"/>
    <feature automatic="unselected" name="F_iRHTpweB1aSKHvw3HYolzU8RaR+pwRtg"/>
    <feature automatic="unselected" name="F_gl5rS0CGSfc2BAR0lIiqfHwPPMbgNoF4"/>
    <feature automatic="unselected" name="F_r9nZuUI328brYRt1yqVdwfByShzFqJwX"/>
    <feature automatic="unselected" name="F_2yh9bKLY8rXm/ovIVXZEPmTwFq8UEOq6"/>
    <feature automatic="unselected" name="F_JX2gz6dOSlblFjruRtb9SYPccdadfQoH"/>
    <feature automatic="unselected" name="F_rrf2Dn+F9R1f0j9jR951X5Biyadss7lE"/>
    <feature automatic="unselected" name="F_+OTtWj+wUoBSdcb17I+S9XiZWB7BgGrC"/>
    <feature automatic="unselected" name="F_enY7TvceWbyESzIa9JQuzWH/K6U/8Ly+"/>
    <feature automatic="unselected" name="F_wzlcPPvjfiamyc5ARpP9GsSr+sIDFQZg"/>
    <feature automatic="unselected" name="F_ecXL0V2+T0n1Xb1pEeYmqGo8w8PWkPLB"/>
    <feature automatic="unselected" name="F_8v1ftmUqgmFWGgGGHNYv0zv7RI4WcTL1"/>
    <feature automatic="unselected" name="F_gjaV9wcolJMsIGm86E8GA1fI1ovTOycx"/>
    <feature automatic="unselected" name="F_e5YegGsGIX949mRXJUHC7qdONzT2ch0e"/>
    <feature automatic="unselected" name="F_YA3Fjm3IWJ2M7Drgd7PgZeSb2xVFJ9Sb"/>
    <feature automatic="unselected" name="F_/d/wKM3je3sO4ONOpq+43uIsqQD6vM9t"/>
    <feature automatic="unselected" name="F_1YK1uV9asHJBMxrBQkoQHpCt809PguiS"/>
    <feature automatic="unselected" name="F_uqGir21wNpcAL8DdsenK6lNaWk9poC8U"/>
    <feature automatic="unselected" name="F_wJsEmFdrHzcbBtEw12UoiFqptjusn8CZ"/>
    <feature automatic="unselected" name="F_t0l6UWo+1gSKH6lcyDFcL3+thm2W98j1"/>
    <feature automatic="unselected" name="F_fSRwtHBmuTYrLdZf51Yx8vgsn5XQ7LRl"/>
    <feature automatic="unselected" name="F_YU3ly8b3AaqZy+EXj/gMaxEyiDmFTljk"/>
    <feature automatic="unselected" name="F_nVzvy+bGHPF6qecNeySiqsafT/HsOjOX"/>
    <feature automatic="unselected" name="F_ZLij4ZIFoTADGjMNrAXQbqP4Zax4qzvn"/>
    <feature automatic="unselected" name="F_t/rlwtvW8pJNtIKgQ4ImltL6Jwb71q1E"/>
    <feature automatic="unselected" name="F_MsgNJQI+pksiPMX4bdfCienw9julU6Jp"/>
    <feature automatic="unselected" name="F_xfBGHoDJLCMgkjNh0ja5Pi/av6N36pau"/>
    <feature automatic="unselected" name="F_ao6cDMhf8HfBSkWzcU3aAULUrVIS5cvS"/>
    <feature automatic="unselected" name="F_rWla71WBjvDu2InSKDwKi7rWohDfdtwk"/>
    <feature automatic="unselected" name="F_azNC+BYIlhJqUNNbtBa8CgVaTIkqjR+P"/>
    <feature automatic="unselected" name="F_vbGIWS4HLmVJJs6UtABShF3u7RXiZV8O"/>
    <feature automatic="unselected" name="F_pToE60L30CHFBZnVAkRBFn1jkuH92SZy"/>
    <feature automatic="unselected" name="F_bIjXpMWwXr3nh2uyOJqpyQpBMRdl4dmz"/>
    <feature automatic="unselected" name="F_qIQNPCJZXvgVSMjfxbJb0DmpMWR+vruI"/>
    <feature automatic="unselected" name="F_UnLk3P6nMHQf2UXsiwkHxeQxCkX7nN2V"/>
    <feature automatic="unselected" name="F_qtSe9M/ozJrDESmM+E6KAgJZdTNU3zdw"/>
    <feature automatic="unselected" name="F_93cp5snTVYqu3cK3MyDueL9qmXO46xnc"/>
    <feature automatic="unselected" name="F_U1mEsiIZH+nce9ytjl7DtcZTtJyKjQ+r"/>
    <feature automatic="unselected" name="F_VAWm8xUSgLqiQp6yXcjw94bL0ka7ovyr"/>
    <feature automatic="unselected" name="F_eX1qi/Ef1Bt24VqtXit1LhQOTzGWkMjY"/>
    <feature automatic="unselected" name="F_zJ3vrXWeJVFCDITPnuSUr7K7mm9j+pV5"/>
    <feature automatic="unselected" name="F_NATEUgcetQmE/2YJpmE7uILTJBWLyg3D"/>
    <feature automatic="unselected" name="F_wYWdbos3zROnIGNdu335sBaN/PW255AC"/>
    <feature automatic="unselected" name="F_cjiML657ShnVMs0GUVVdTtCnTTe8zuPk"/>
    <feature automatic="unselected" name="F_dUiB9vojG/aV5ULDnaczHntRzDMbgBci"/>
    <feature automatic="unselected" name="F_gBEt7dyw+lch1bEpyhEkjhQz66XGh1OS"/>
    <feature automatic="unselected" name="F_aIaIHSXOyUGznDOVzjsWGClUUOZ1OT6/"/>
    <feature automatic="unselected" name="F_vKD788pBb5vrnl6QGMJFd/+Bt4rHSOKr"/>
    <feature automatic="unselected" name="F_f2PJ99lTRHMsH42aODukeF6E9m17+WGC"/>
    <feature automatic="unselected" name="F_HTv96IMLxNPK5dKtWbwX7uvS9rvROjny"/>
    <feature automatic="unselected" name="F_wjC1ANPFh051HBfT3wll/jIEPBpNUx1c"/>
    <feature automatic="unselected" name="F_0N+esfsPb+j6zvY0LcGSqkBb3P2JRj1F"/>
    <feature automatic="unselected" name="F_J5XodMAgVX9k7+EI4hYQFZCUBys1P6wF"/>
    <feature automatic="unselected" name="F_rDn+/aP6e1P9k+sB5d22mZWPJ6yhAzd5"/>
    <feature automatic="unselected" name="F_nUbFXN+WIYJ4Cf3cyQThUmlmUV/OfKRu"/>
    <feature automatic="unselected" name="F_dVocOFH7iBp9zSpepY31wZfs4Cs+EMcu"/>
    <feature automatic="unselected" name="F_t7GLM/6mg8NYTFFQNLWkbyIJbQy6YuhY"/>
    <feature automatic="unselected" name="F_T+tcONj1B7/OzOtuqq90dDsqxdBK39Rc"/>
    <feature automatic="unselected" name="F_z68c/I4xLlbAfsbhkPPlWUM3kuJyIsM2"/>
    <feature automatic="unselected" name="F_tOoJ2bUYvPVafaNWNBaXLOHwzcqNQio8"/>
    <feature automatic="unselected" name="F_oITn9f1iQpfAJIJEVWYxRe1P8J7mTp0A"/>
    <feature automatic="unselected" name="F_OLr1EofsAUxh+ar6YqGdrmH8a3Hz4Rga"/>
    <feature automatic="unselected" name="F_Sxq472xP5L/mQt9y9R5jIFtO+plzaTtW"/>
    <feature automatic="unselected" name="F_PCgigGgbG7bcShCc2NUEO0N6eZWl+BuW"/>
    <feature automatic="unselected" name="F_S67raL6uXY0SZobV29QE0BiQNsUj24iJ"/>
    <feature automatic="unselected" name="F_5gG71ymlZAGOKuEWMBM4ndEjLr3YNHhX"/>
    <feature automatic="unselected" name="F_My0houxBv0R51w6MR2B8EP9j947IlOYd"/>
    <feature automatic="unselected" name="F_0Kja/BdT2bBcyJDJ9xYHHH8Y7PNhn9GE"/>
    <feature automatic="unselected" name="F_iFHBt/njujyTqxe2g5n5CAmDIEgiO1nX"/>
    <feature automatic="unselected" name="F_TJorAAnkNytvSwGnTt/eJW7cHXSYQ3h0"/>
    <feature automatic="unselected" name="F_qZaOZFTQdVcVTTfHwTCOoJFxt6GdaYYX"/>
    <feature automatic="unselected" name="F_IPfHDi0s6Fol3vwKy7d6TKq14bp7LoXh"/>
    <feature automatic="unselected" name="F_WeLD3BK7Wycud/vrbVAslRmg1F0wqTMx"/>
    <feature automatic="unselected" name="F_vBli1jg/JVOOGQ/jL2JlntJtFlT8cQPA"/>
    <feature automatic="unselected" name="F_PYbR/ahrgNQ03c2Y8Ltv1deq/ItXfo7T"/>
    <feature automatic="unselected" name="F_mBAO/GYaG8q1oSF2JLdQeIi/oIjHuCD8"/>
    <feature automatic="unselected" name="F_11PfUoOPw7OJPX8bHZxWZd1BTCQqNsHg"/>
    <feature automatic="unselected" name="F_ML+IsCR8Zxld2wjnqti672YnvFypokky"/>
    <feature automatic="unselected" name="F_bU9CEJhFgf21n58m3ii+oQ5qj3CEBMfW"/>
    <feature automatic="unselected" name="F_pcTWOnzxBIHNhGLhvTsH3RNBgxkynwn0"/>
    <feature automatic="unselected" name="F_W2V3p5u06+DdUNORY8FzKwx6d2sXIDC/"/>
    <feature automatic="unselected" name="F_vGuVeMnKCE/3DagOMMaGX04Ns6Sk5QHG"/>
    <feature automatic="unselected" name="F_0IEuSk2Poq3B1KwgvEg0tOSOo1kD15M8"/>
    <feature automatic="unselected" name="F_Ty8uUm9EMu5+TpWUbeQhE1MaRF4cH0jr"/>
    <feature automatic="unselected" name="F_7z+/z0eTGVoQa02/Or5xWwA9dD+ezzSa"/>
    <feature automatic="unselected" name="F_HxuY6/uTf3Fw0B+OJqrvw3ir1YrP1C/s"/>
    <feature automatic="unselected" name="F_QngFEEgNGuA3bBksmCx+i2BXgnE1rL65"/>
    <feature automatic="unselected" name="F_wCFyLzQlUQBdDhjo/Ufeq7Iz+fWIjIH8"/>
    <feature automatic="unselected" name="F_oYipFN4ysGTC6WUICzd5hed3RE2e2gC8"/>
    <feature automatic="unselected" name="F_h+YFaQiRXeB6IAke2qI6mQMpSjAA3y/o"/>
    <feature automatic="unselected" name="F_WqgOpNTVr9m71VCMFpJb/CvoTQK8ueQF"/>
    <feature automatic="unselected" name="F_IM4ZGGwJSfJTN+B/WM8rC/btnJBDd8l3"/>
    <feature automatic="unselected" name="F_+4g9sfx+DhNQrbPY+gaSZICdtF9/lX8a"/>
    <feature automatic="unselected" name="F_Ft4crtpH3H7jPET6bF+/BQz8O5IKNRpu"/>
    <feature automatic="unselected" name="F_bdtddel3MxQJC/T8hfXrr1oek3+wwGsw"/>
    <feature automatic="unselected" name="F_evAN8hy7skjsNInZEiNgFBcFt52DLKAL"/>
    <feature automatic="unselected" name="F_g1XIbMHvpuutUa328mBwC66oOM/H5Md/"/>
    <feature automatic="unselected" name="F_lF61YuCX79SRL4aB1kabTSYMi5bOTLIg"/>
    <feature automatic="unselected" name="F_qSTCzRRaeUgi9YCUz7SIHp+7lYT5iUR5"/>
    <feature automatic="unselected" name="F_h16aYf2oHorn1N/i9PAGb//LNEJebzRW"/>
    <feature automatic="unselected" name="F_78n6tg6SZ0JdG4YNbqX1n7d+eOg6lfam"/>
    <feature automatic="unselected" name="F_QAjQd0geOuj8hNAFSRAO5zBE0tNAAGzz"/>
    <feature automatic="unselected" name="F_qxsyGVv5epDHzyr2ApfHG5eDPvndQ00j"/>
    <feature automatic="unselected" name="F_PIBbe8mJjp9xS37qIs/8bc8DIgX1eyZl"/>
    <feature automatic="unselected" name="F_zvZsqqZouPuaw8VT0M5DYNQin2+4qHGn"/>
    <feature automatic="unselected" name="F_tdUG/80a1MxaEyt5w4t9Xcywb+YolHM5"/>
    <feature automatic="unselected" name="F_N7CW0+WR/h0r/80zH5jzQ3dOtr95WbUw"/>
    <feature automatic="unselected" name="F_puUQpZ0mKzN75NftIOAHJ6x1gh/uu4Gh"/>
    <feature automatic="unselected" name="F_ckeKqd1SICmvKVpZMfa16ULzGBPIzMuB"/>
    <feature automatic="unselected" name="F_8+73p2VMg+xXi1WBCBzYFq8sBr0YlKTd"/>
    <feature automatic="unselected" name="F_mnEaGLpYCtgMJScIv5wQ0gQbM2DxluoB"/>
    <feature automatic="unselected" name="F_Zf0fMsGK3tCMlmPyYdZFGhtly3leWj5W"/>
    <feature automatic="unselected" name="F_xjBmrKTeL6/VMbyC0tlFIC2/T0aPi3uC"/>
    <feature automatic="unselected" name="F_rVz283bdqUKflDL13TXH0b5xIcg+iRCR"/>
    <feature automatic="unselected" name="F_EE3xe3czHXv7oXT0fI8jwb5q0E920uCY"/>
    <feature automatic="unselected" name="F_qPQ48ldyXBRf0vrWdaafr5khjS+gFXXT"/>
    <feature automatic="unselected" name="F_zg+pTGGGcqMOiSRKZgp0ZatPOFrPPe1m"/>
    <feature automatic="unselected" name="F_izYPCrwOWhIu3wGzEDYHInQLd8U+LxMI"/>
    <feature automatic="unselected" name="F_0hcf11ITvsaSTuSRzt7JFBMust3gJeun"/>
    <feature automatic="unselected" name="F_U/MS2ZO8/q3AKDW6KARj211YpQIPEAV4"/>
    <feature automatic="unselected" name="F_+zERb1iQLjW2iPwfJlJJaZOhyrZR9smP"/>
    <feature automatic="unselected" name="F_64LcUtKf+OAvP+tPihjCJcKtR8byVT+S"/>
    <feature automatic="unselected" name="F_fzIORmPn7vf/va1RgVNuXZkHfgfLwHNL"/>
    <feature automatic="unselected" name="F_o4A8HFAJCrU0aALl7RAMURKA9pTSU1D9"/>
    <feature automatic="unselected" name="F_SKd0AboK8sPotIPU0k1MKko5cqwrALcr"/>
    <feature automatic="unselected" name="F_tgIKw7bRotbI6/8jF0nFeQfo8BWssZQC"/>
    <feature automatic="unselected" name="F_rY2XieYQOyI2Ihi6QmlBTAUDUowXimXQ"/>
    <feature automatic="unselected" name="F_E0/FBTlLa0QR6+/XIHfW5DZXIYKNcoWI"/>
    <feature automatic="unselected" name="F_YpzrUXrhSCgU4hQjj32ue4DesC20M1rG"/>
    <feature automatic="unselected" name="F_MADpyQ87JOopn14a8Ij8j16IW6CHT5id"/>
    <feature automatic="unselected" name="F_Xuc3zdZqOVk+pl26SkClAxDG76Chpgm2"/>
    <feature automatic="unselected" name="F_3ZIFfDfo0CEfGPaWGRsD6p+lS4dLowh4"/>
    <feature automatic="unselected" name="F_/wOZ/Y0HWGyr/elbj1SeGbGjxQ+sNEih"/>
    <feature automatic="unselected" name="F_rShgqEcFN3onjb12YB/dHngdKS6pYlKY"/>
    <feature automatic="unselected" name="F_pjE9ks96vMpX0Ru8AUTHiSZOJPbp+0Ww"/>
    <feature automatic="unselected" name="F_sWjqPnA8gMytHL6t6exu0+5GE7QVWXWK"/>
    <feature automatic="unselected" name="F_P4S9pzp71jkL3jEcg9NWKH4g3nDPRKZz"/>
    <feature automatic="unselected" name="F_CZRNVAEcT/Pne8U3edlpYbpYaHPYSC6S"/>
    <feature automatic="unselected" name="F_45JICI+v7Ldfqkr9TxTYbTzNlDmB1djS"/>
    <feature automatic="unselected" name="F_pu9NRCKUseOV/FMCuUUXiIuIRf4ZLjzD"/>
    <feature automatic="unselected" name="F_Ox5xfeQIv+4meUB6S84hl69LR27wmWIf"/>
    <feature automatic="unselected" name="F_2kXGKYT7DuVi/DNCuGCwVfAWBFBNccz+"/>
    <feature automatic="unselected" name="F_sIGFyt/cg3zHviy+/nMpaPIkeapXdjgu"/>
    <feature automatic="unselected" name="F_XlzVAoNCdF9Smqg6LDlsjjY3BnWNVONf"/>
    <feature automatic="unselected" name="F_S3mwYU5lDJhpEGJTHJAppv7WI/micIPe"/>
    <feature automatic="unselected" name="F_/Cg6qQt07S1O+7UC+iaJqwBI72zyFlw3"/>
    <feature automatic="unselected" name="F_yGIoifoS1Pw69ToDll9/uq9pw/DgtUZX"/>
    <feature automatic="unselected" name="F_KoKHSibe3kbl6I3urM/hrx2PI7CFV/83"/>
    <feature automatic="unselected" name="F_LPZnn4xSkxcVngbP/l43mzYIVHpFKXx6"/>
    <feature automatic="unselected" name="F_uVJ5A+mVjRXxRk2Md5pHJhIN+OrATLHL"/>
    <feature automatic="unselected" name="F_0GEKcfkmEXfNl+aBB+0clT4qSaqmAKdQ"/>
    <feature automatic="unselected" name="F_y0wLPcHONBSQlk3vhRElX17rgtszYvrR"/>
    <feature automatic="unselected" name="F_J+KFhxMro33N61ZAAPIzXnc8aQG4RfIl"/>
    <feature automatic="unselected" name="F_Wsc8ZHSJUd9DsARFe58EsMHi5LwyXLDH"/>
    <feature automatic="unselected" name="F_hM5O8snqR/Eiv8Tx4K6B/vgLRA74D1/L"/>
    <feature automatic="unselected" name="F_tDnevLProQNuW4z0Jiom0dcmTa9Evf7s"/>
    <feature automatic="unselected" name="F_d9eVOMZIXgHIAYPvpqO/TPSLnavPx/cN"/>
    <feature automatic="unselected" name="F_suH89GcwB+imrLIsPzYYw0R/usqjCwUw"/>
    <feature automatic="unselected" name="F_wko3WWnz+dUA/VKSDlHjVuWkbRsaEEu4"/>
    <feature automatic="unselected" name="F_B+WRijSdU8R7wBiWE1ITF4cYBOOe7X7n"/>
    <feature automatic="unselected" name="F_NZB0AQtJKwP0MvJoF7VitxlJz81XPc56"/>
    <feature automatic="unselected" name="F_+yaVSg6v6/O6B74amCjMjuxH1MDw4sFr"/>
    <feature automatic="unselected" name="F_Ym/NI2suWmbr+bPIamMOizItYtAwg/iY"/>
    <feature automatic="unselected" name="F_lPlfMJMx5b1GD80CDz7AWYtLBNRWouWy"/>
    <feature automatic="unselected" name="F_RnNltyeWBlMn1VRSb3xHMX1nE0ZuUVw+"/>
    <feature automatic="unselected" name="F_lAJDLNSuk+i0EMpe3ppXUxS2MFwNJd/s"/>
    <feature automatic="unselected" name="F_v+fD21QFGB9Ng93aRZ4NGsfHJkmb8Chx"/>
    <feature automatic="unselected" name="F_W784IpCmrd7NfaaYmGSPPxsqI31TkEzJ"/>
    <feature automatic="unselected" name="F_pY4jJpl3wRgWRF8O8eRn6wt500BG7gy2"/>
    <feature automatic="unselected" name="F_eAgNd/wG2cTLhjtMTDWAW+gxgrTSN/Hv"/>
    <feature automatic="unselected" name="F_7rLWzniahZLld2eUqml8RbKCERD/KdZ5"/>
    <feature automatic="unselected" name="F_Y1a1OZTWiE/GLszVtSEjeZmpZRryRVS5"/>
    <feature automatic="unselected" name="F_Tmw5ZZzvPwt3n3HyDKScgv7inbGULI3i"/>
    <feature automatic="unselected" name="F_75QlOLA1VDo70mFDLugDuAWWVYkia2m+"/>
    <feature automatic="unselected" name="F_d46WpVbUQrqxJB8fEDadHM4JqZRvXcVn"/>
    <feature automatic="unselected" name="F_G80STvciTN2J+WgdIDy/d88Y+bpgRgZX"/>
    <feature automatic="unselected" name="F_m5PPo+Wj4p8gJS61wNLVRqHRawh1IwPE"/>
    <feature automatic="unselected" name="F_JqSS+E1VObCqydGoA+Y5coPIzPS70QiZ"/>
    <feature automatic="unselected" name="F_sIuVod2gLE+EsoWCHYwtxq4ICnsW3Yzc"/>
    <feature automatic="unselected" name="F_+8pe3OhswElxG5hnlg6RgHuZWNQ9n1vB"/>
    <feature automatic="unselected" name="F_KkM7+4MVbDV2T769hn/Nnm6EmKpwOaZs"/>
    <feature automatic="unselected" name="F_/6Q9QfQ66uk3zAcXasboAMm1+Nn+y09I"/>
    <feature automatic="unselected" name="F_fupfjFHXg63jLEOHX/3t4OKiM8D0TB52"/>
    <feature automatic="unselected" name="F_CupguYOTYNEnvQTJA9jIyyjfk/5olTY+"/>
    <feature automatic="unselected" name="F_puI1WsWV49n0igOeYPuSLRliKM4en6J5"/>
    <feature automatic="unselected" name="F_g/uvCEvrJYOdnNnI/GM3GOM5XKxfeBg8"/>
    <feature automatic="unselected" name="F_7WJcQxhapCOueEnM4N+1CdbG4pRywTyz"/>
    <feature automatic="unselected" name="F_EmjvwV07UQPFWq9ftlFlxFeKVIAveOcF"/>
    <feature automatic="unselected" name="F_kuz3OFAaLZ/0i/oQkooLJwmt7sAnfJXY"/>
    <feature automatic="unselected" name="F_BGJuZQriJNPu0KTpcjzMMfTxSMU6n7c1"/>
    <feature automatic="unselected" name="F_3h7mxXpdN39BeiCzSLsgpMtreSSfll70"/>
    <feature automatic="unselected" name="F_nMB8CKPcLUz6pDh0iXvXgnK1qH7LV6Zq"/>
    <feature automatic="unselected" name="F_yy3injTI4zlqJtiGnN4uyij42ARF4RuF"/>
    <feature automatic="unselected" name="F_lqD6syYndTsIFe2koz9MgU3bZ/7R9Pbo"/>
    <feature automatic="unselected" name="F_P7WO9aik40HOEMGCEYlddZMyDnmaeOco"/>
    <feature automatic="unselected" name="F_ZHIsR2eN4W3u/pPIwBoJKssuzl4KRLI5"/>
    <feature automatic="unselected" name="F_nSPRm/4i/UX8RwGHkAtarcbydC/tIwP7"/>
    <feature automatic="unselected" name="F_P3zBiaiwoUbXiObsMNYsqmuo59QBlrb3"/>
    <feature automatic="unselected" name="F_zj1M4+BGVfiedohmnr91S7uEBBPmqBCz"/>
    <feature automatic="unselected" name="F_10/e6nYk1kwCFrrubfCXVRGpKyrA0T76"/>
    <feature automatic="unselected" name="F_ILc2QMRjoRZqm7LW2cF+sUw9w9G+ZVef"/>
    <feature automatic="unselected" name="F_lwETJ2jbxVMz04MqvpvBnP8tXdCtlpOV"/>
    <feature automatic="unselected" name="F_Tl15FXlvA9iur2pOoRp1A+cfJgdm6oLs"/>
    <feature automatic="unselected" name="F_1dbzvoSVNLs0szkJRIS1wypFEFxpKum7"/>
    <feature automatic="unselected" name="F_1rb+JdGjcReZgdJgzdW+XonOHmjA/quu"/>
    <feature automatic="unselected" name="F_3uQryZMGrf9Oxxn4i0UV0usP4hZb5d4z"/>
    <feature automatic="unselected" name="F_J9QmNOvlvoU/m6yAQVWkIIn2VByETx4o"/>
    <feature automatic="unselected" name="F_WeqS1m+jLGr8qe9JTY7S7ST8NbbbDktw"/>
    <feature automatic="unselected" name="F_3eRhlbN7HP3TVMv7Q9sBmpsY1vVYfwqo"/>
    <feature automatic="unselected" name="F_5Lgv6qT0pVcrH/Mavh2lqeq9x3QHYwOT"/>
    <feature automatic="unselected" name="F_tMu8yLYTMGRJ2Yw6U9v+ZdfywDSvO8YP"/>
    <feature automatic="unselected" name="F_u8lYe2i2dLujKDSXxDiHyV69c9nXJyXF"/>
    <feature automatic="unselected" name="F_6buTZqAd3hJoVA09d4oIeLY45xCbJE++"/>
    <feature automatic="unselected" name="F_gjfg6NH5ZvdUPOjw5bYrXWl5mfX6OSdq"/>
    <feature automatic="unselected" name="F_RinzTM1XfumPiHBztjKtITlEBNBiECf3"/>
    <feature automatic="unselected" name="F_ahZzcCWDmJpb8eGXUJ+j6v/bger41ijr"/>
    <feature automatic="unselected" name="F_q4SQeZklHdRFXaJFDoEoYYsNAVoj2h71"/>
    <feature automatic="unselected" name="F_sS211ZUWbk1ikjFW/fisdQFZnVXFnGuQ"/>
    <feature automatic="unselected" name="F_30rp7EpyswtP94S3yNXnVDPv2XkWGKCE"/>
    <feature automatic="unselected" name="F_wNow3kn80e7CDF+3mEFbbKycXKqDDJUh"/>
    <feature automatic="unselected" name="F_g+DmUj+xWzSiOmrHu9JhtQy7E61lWn+e"/>
    <feature automatic="unselected" name="F_wtkwz7Zgyl5T6h+lSI4dr1Z2Vx1xwjGy"/>
    <feature automatic="unselected" name="F_RJHwVbKV1RtvdhYuprmzJ68ltzgIlxn2"/>
    <feature automatic="unselected" name="F_xK/fVs275Ja7ZS+m09ddKwo6ZKIQrXI3"/>
    <feature automatic="unselected" name="F_rb/DR41gAIVqGiYE+JSUXQTHAcsgy2MO"/>
    <feature automatic="unselected" name="F_qfKLUxuGrTLCF/Y8KHBuTsqtTSWWtJ9D"/>
    <feature automatic="unselected" name="F_6Rr4dYZh7iqRWTsWIJ+KXFWMfbKyVWfa"/>
    <feature automatic="unselected" name="F_MrTWDL4xpYngJkys+etQ5WwdpMt7rzXT"/>
    <feature automatic="unselected" name="F_mjkgSWtO7LpoGzvpEj/nq9RUDZA9xnqn"/>
    <feature automatic="unselected" name="F_QYFaOfj2cmEjOJVN9yFNR3I2JG1bwuYA"/>
    <feature automatic="unselected" name="F_dwW7g9T7Sqrs8Yx+UOps30RNPWSOrv2u"/>
    <feature automatic="unselected" name="F_q43sekgGyrU1KsNAO56YyBUV7LvRB9Gm"/>
    <feature automatic="unselected" name="F_Agb1T7rPrJ64GsMUvbuVGxy/L2HekK2W"/>
    <feature automatic="unselected" name="F_4nCwRhxoo2scNQua2ExLTnZB0NLNzVyT"/>
    <feature automatic="unselected" name="F_G0YXKe/xFG5hzTdn71drCB/69oh5Cfzp"/>
    <feature automatic="unselected" name="F_vbnBZOqixQUjg+JE7JaMD2u8rAj9v6Fe"/>
    <feature automatic="unselected" name="F_ai/ymS8a0lm6wYEEUw7qXvkfapnCxiG3"/>
    <feature automatic="unselected" name="F_WCCnJy6LxwIBUgqRxWk4bkarkplWyHGd"/>
    <feature automatic="unselected" name="F_GPbU0Fmv2/Og3Vy4BFM9TC6bOIfx9Jph"/>
    <feature automatic="unselected" name="F_6qw/u+NlRbWzrPRWXMBhs6LNdK7wzON8"/>
    <feature automatic="unselected" name="F_g7JMME9oliaXPH+lU75eWlhU289nBHSl"/>
    <feature automatic="unselected" name="F_OUiR2CCm3Fuk8fOfqBM8OF/RZCG/Jjw4"/>
    <feature automatic="unselected" name="F_TpE/BaQcl5jXrwSHQ9XfMi3/nHVtfBSL"/>
    <feature automatic="unselected" name="F_Xcswtlqs4BVDvfSsc/SY1RBD4Ij9FWOj"/>
    <feature automatic="unselected" name="F_HyKStxsMGoNAdIIqgQanPs4qBqjB148Y"/>
    <feature automatic="unselected" name="F_Rsm/ygTDE700U62X/SXiDOUagO6mHCz3"/>
    <feature automatic="unselected" name="F_YL2I4jJNmsZr5rlnbWtwstnIpM8qZlZy"/>
    <feature automatic="unselected" name="F_6ijsPsVFDAgQ1hPx/yqz2mWhiNCR+QxU"/>
    <feature automatic="unselected" name="F_qTMCSGRMHLZlzKtfyqtQBUgOy3M/lUpe"/>
    <feature automatic="unselected" name="F_rUhzvjrXsj2heJyLJsrf+OQbYe2bJ7pp"/>
    <feature automatic="unselected" name="F_uMblHzsgWh2+P+nEkeIkHGGw4ZDWefMo"/>
    <feature automatic="unselected" name="F_XVddWlhjViFr/n4tB6XMqzQcluhvTALB"/>
    <feature automatic="unselected" name="F_v7za7Q20481MIxnLeVYE0b6WSRMp645W"/>
    <feature automatic="unselected" name="F_3pswupNm3u4GdKsWh5UVFZT1WDmt3IGQ"/>
    <feature automatic="unselected" name="F_0Q1cPIMpcsKmgRGPQAoSTFL1BO8VDhT7"/>
    <feature automatic="selected" name="F_hxWM93xnptsnhuWx5iEI8COzxcV5sg2F"/>
    <feature automatic="selected" name="F_QBdXnIgdKW8OKEQk9zWDhMJNidvEPaHQ"/>
    <feature automatic="unselected" name="F_aWxI07K/R8tp24YqAcBzDxK/ws7Q9lgA"/>
    <feature automatic="unselected" name="F_6qVIyXYSsd0OWb8FKLpZ2J736FNVmzHJ"/>
    <feature automatic="unselected" name="F_kS5fIfzAj3jxTvYn4UiOfXzW66kKjt05"/>
    <feature automatic="unselected" name="F_pYmwtII6wNHrcWRw/uNopv+aGrZ9KeE/"/>
    <feature automatic="unselected" name="F_miZh0kR1oa6F8OKTrKj4odh7GJ43lOe/"/>
    <feature automatic="unselected" name="F_XVU5LrH34c6w9+w6JzWMSXx24u+8smLI"/>
    <feature automatic="unselected" name="F_PYBkDxeqqxkn3j2dZ7QBGw0AgYb+hzRb"/>
    <feature automatic="unselected" name="F_e6MoQu9c18ImG3D0b4Uwdy5D546xUDyi"/>
    <feature automatic="unselected" name="F_AY05swaWKIHk1+1ey66SsfadXgo0xjhK"/>
    <feature automatic="unselected" name="F_Cp426hV4SZGCSwSHuk5aYuIe5jmeluPQ"/>
    <feature automatic="unselected" name="F_961Cmfrg17W5DncOWmqj16+C+SC9VZhw"/>
    <feature automatic="unselected" name="F_034CdzwIf4nI97zOGpisQ0IKYeD9qhym"/>
    <feature automatic="unselected" name="F_kiMPxAxnN1PEDebDPNlSXkvF4/tNZYYj"/>
    <feature automatic="unselected" name="F_sojcJllwoiIL59yIr1n9FHc2FtIYlZtU"/>
    <feature automatic="unselected" name="F_+aAbsDRxghlsZlV6tvZFfIckcwXTq8aF"/>
    <feature automatic="selected" name="F_wNdweUipo3TvlKJZ4Cy1n9dppNMlPsha"/>
    <feature automatic="selected" name="F_kf0OmjX0fNhMkt+EqJEPFgfg3w+4L3zv"/>
    <feature automatic="selected" name="F_elvJ09okOVW4Erw4HTrtNM7KyNDLeSrW"/>
</configuration>
