<?xml version="1.0" encoding="UTF-8" standalone="no"?>
	<layout chosenLayoutAlgorithm="1" horizontalLayout="true">
		<struct>
			<feature collapsed="true" name="CYGPKG_DEVS_FLASH_INTEL_28FXXX"/>
			<feature collapsed="true" name="CYGSEM_NET_TFTPD_MULTITHREADED"/>
			<feature collapsed="true" name="CYGPKG_UITRON_SEMAS_ARE_INITIALIZED"/>
			<feature collapsed="true" name="CYGPKG_ISO_POSIX_FCNTL"/>
			<feature collapsed="true" name="CYGPKG_BLOCK_LIB"/>
			<feature collapsed="true" name="CYGPKG_UITRON_MBOXES"/>
			<feature collapsed="true" name="CYGPKG_NET_THREAD"/>
			<feature collapsed="true" name="CYGPKG_UITRON_VERSION_PRNO"/>
			<feature collapsed="true" name="CYGPKG_MEMALLOC_ALLOCATOR_VARIABLE"/>
			<feature collapsed="true" name="CYGPKG_ISOINFRA_OPTIONS"/>
			<feature collapsed="true" name="CYGPKG_INFRA"/>
			<feature collapsed="true" name="CYGSEM_HAL_ENABLE_DCACHE_ON_STARTUP"/>
			<feature collapsed="true" name="CYGPKG_IO_SERIAL_DEVICES"/>
			<feature collapsed="true" name="CYGPKG_ISO_STRING"/>
			<feature collapsed="true" name="CYGPKG_LIBC_STDIO_OPEN"/>
			<feature collapsed="true" name="CYGPKG_ISO_SEMAPHORES"/>
			<feature collapsed="true" name="CYGNUM_HAL_RTC_CONSTANTS"/>
			<feature collapsed="true" name="CYGBLD_HAL_LINKER_GROUPED_LIBS"/>
			<feature collapsed="true" name="CYGPKG_FS_RAM"/>
			<feature collapsed="true" name="CYGHWR_NET_DRIVER_ETH1_SETUP_OPTIONS"/>
			<feature collapsed="true" name="CYGPKG_HAL_COMMON_INTERRUPTS"/>
			<feature collapsed="true" name="CYGHWR_NET_DRIVER_ETH0_BOOTP"/>
			<feature collapsed="true" name="CYGPKG_MEMALLOC_MALLOC_ALLOCATORS"/>
			<feature collapsed="true" name="CYGSEM_KERNEL_SCHED_ASR_SUPPORT"/>
			<feature collapsed="true" name="CYGPKG_POSIX_MAIN_THREAD"/>
			<feature collapsed="true" name="CYGPKG_HAL_POWERPC_TS6_OPTIONS"/>
			<feature collapsed="true" name="CYGPKG_LIBC_STDLIB_OPTIONS"/>
			<feature collapsed="true" name="CYGPKG_MEMALLOC_ALLOCATOR_FIXED"/>
			<feature collapsed="true" name="CYGPKG_SNMPLIB_FILESYSTEM_SUPPORT"/>
			<feature collapsed="true" name="CYGPKG_UITRON_FLAGS_CREATE_DELETE"/>
			<feature collapsed="true" name="CYGOPT_FS_JFFS2_COMPRESS"/>
			<feature collapsed="true" name="CYGPKG_POSIX"/>
			<feature collapsed="true" name="CYGDBG_HAL_DIAG_TO_DEBUG_CHAN"/>
			<feature collapsed="true" name="CYGPKG_ISO_SIGNAL"/>
			<feature collapsed="true" name="CYGIMP_KERNEL_INTERRUPTS_DSRS_LIST"/>
			<feature collapsed="true" name="CYGPKG_ISO_MQUEUE"/>
			<feature collapsed="true" name="CYGPKG_NS_DNS_DOMAINNAME"/>
			<feature collapsed="true" name="CYGPKG_LIBC_STRING"/>
			<feature collapsed="true" name="CYGPKG_ISO_UNISTD"/>
			<feature collapsed="true" name="CYGPKG_PPP_NEGOTIATE_OPTIONS"/>
			<feature collapsed="true" name="CYGPKG_UITRON_VERSION"/>
			<feature collapsed="true" name="CYGPKG_IO_FLASH_BLOCK_DEVICE_LEGACY"/>
			<feature collapsed="true" name="CYGNUM_VNC_SERVER_USE_CORRE_ENCODING"/>
			<feature collapsed="true" name="CYGPKG_UITRON"/>
			<feature collapsed="true" name="CYGPKG_IO_SERIAL_TERMIOS"/>
			<feature collapsed="true" name="CYGPKG_NET_DHCP"/>
			<feature collapsed="true" name="CYGPKG_HTTPD"/>
			<feature collapsed="true" name="CYGPKG_NET_IPV6_ROUTING"/>
			<feature collapsed="true" name="CYGNUM_IO_FLASH_BLOCK_CFG_STATIC_1_alt"/>
			<feature collapsed="true" name="CYGIMP_UITRON_STRICT_CONFORMANCE_alt"/>
			<feature collapsed="true" name="CYGPKG_VNC_SERVER_DISPLAY_OPTIONS"/>
			<feature collapsed="true" name="CYGPKG_UITRON_MEMPOOLFIXED"/>
			<feature collapsed="true" name="CYGHWR_NET_DRIVER_ETH0_ADDRS"/>
			<feature collapsed="true" name="CYGOPT_IO_SERIAL_FLOW_CONTROL_SOFTWARE"/>
			<feature collapsed="true" name="CYGPKG_KERNEL_INTERRUPTS"/>
			<feature collapsed="true" name="CYGPKG_POSIX_PTHREAD_FEATURES"/>
			<feature collapsed="true" name="CYGIMP_KERNEL_INTERRUPTS_DSRS_LIST_alt"/>
			<feature collapsed="true" name="CYGHWR_NET_DRIVER_ETH0_SETUP_OPTIONS"/>
			<feature collapsed="true" name="CYGPKG_INFRA_DEBUG"/>
			<feature collapsed="true" name="CYGPKG_KERNEL_SYNCH"/>
			<feature collapsed="true" name="CYGPKG_ERROR_OPTIONS"/>
			<feature collapsed="true" name="CYGNUM_IO_FLASH_BLOCK_CFG_STATIC_2_alt"/>
			<feature collapsed="true" name="CYGTST_ROMFS_BUILD_TESTS"/>
			<feature collapsed="true" name="CYGFUN_KERNEL_THREADS_STACK_MEASUREMENT"/>
			<feature collapsed="true" name="CYGPKG_ISO_DLFCN"/>
			<feature collapsed="true" name="CYGPKG_IO_FILEIO"/>
			<feature collapsed="true" name="CYGPKG_LIBC_STARTUP_OPTIONS"/>
			<feature collapsed="true" name="CYGPKG_IO_SERIAL_OPTIONS"/>
			<feature collapsed="true" name="CYGPKG_MEMALLOC"/>
			<feature collapsed="true" name="CYGPKG_IO_SERIAL_POWERPC_QUICC2_SCC_SCC1"/>
			<feature collapsed="true" name="CYGDBG_KERNEL_INSTRUMENT_MSGS"/>
			<feature collapsed="true" name="CYGSEM_LIBM_COMPAT_IEEE_ONLY_alt"/>
			<feature collapsed="true" name="CYGPKG_PPP_OPTIONS"/>
			<feature collapsed="true" name="CYGPKG_IO_SERIAL_POWERPC_QUICC2_SCC_SCC2"/>
			<feature collapsed="true" name="CYGPKG_IO_FLASH_OPTIONS"/>
			<feature collapsed="true" name="CYGPKG_ISO_ERRNO"/>
			<feature collapsed="true" name="CYGSEM_HAL_VIRTUAL_VECTOR_SUPPORT"/>
			<feature collapsed="true" name="CYGSEM_LIBC_STDIO_WANT_BUFFERED_IO"/>
			<feature collapsed="true" name="CYGPKG_UITRON_TASKS_CREATE_DELETE"/>
			<feature collapsed="true" name="CYGPKG_FS_ROM"/>
			<feature collapsed="true" name="CYGDBG_IO_ETH_DRIVERS_DEBUG"/>
			<feature collapsed="true" name="CYGPKG_LIBC_I18N_LOCALES"/>
			<feature collapsed="true" name="CYGIMP_MEMALLOC_MALLOC_VARIABLE_SIMPLE_alt"/>
			<feature collapsed="true" name="CYGVAR_KERNEL_THREADS_DATA"/>
			<feature collapsed="true" name="CYGPKG_FS_RAM_SIMPLE"/>
			<feature collapsed="true" name="CYGPKG_ISO_CTYPE_H"/>
			<feature collapsed="true" name="CYGDBG_USE_TRACING"/>
			<feature collapsed="true" name="CYGPKG_VNC_SERVER_BUILD_MOUSE_DRIVER"/>
			<feature collapsed="true" name="CYGSEM_KERNEL_SCHED_MLQUEUE"/>
			<feature collapsed="true" name="CYGPKG_LIBC_I18N_OPTIONS"/>
			<feature collapsed="true" name="CYGPKG_LIBC"/>
			<feature collapsed="true" name="CYGPKG_LIBM"/>
			<feature collapsed="true" name="CYGNUM_KERNEL_THREADS_DATA_ALL"/>
			<feature collapsed="true" name="CYGPKG_IO_DISK_OPTIONS"/>
			<feature collapsed="true" name="CYGHWR_NET_DRIVER_ETH1_ADDRS"/>
			<feature collapsed="true" name="CYGPKG_LIBC_STDIO_FLOATING_POINT"/>
			<feature collapsed="true" name="CYGPKG_KERNEL_THREADS"/>
			<feature collapsed="true" name="CYGNUM_LIBM_COMPATIBILITY"/>
			<feature collapsed="true" name="CYGPKG_UITRON_MEMPOOLVAR"/>
			<feature collapsed="true" name="CYGPKG_MEMALLOC_ALLOCATOR_SEPMETA"/>
			<feature collapsed="true" name="CYGPKG_VNC_SERVER_BUILD_KEYBOARD_DRIVER"/>
			<feature collapsed="true" name="CYGPKG_POSIX_PTHREAD_MUTEX"/>
			<feature collapsed="true" name="CYGPKG_NET_INET"/>
			<feature collapsed="true" name="CYGPKG_FS_RAM_BLOCKS_ARRAY"/>
			<feature collapsed="true" name="CYGPKG_IO_ETH_DRIVERS_OPTIONS"/>
			<feature collapsed="true" name="CYGPKG_DEVS_ETH_POWERPC_QUICC2_OPTIONS"/>
			<feature collapsed="true" name="CYGPKG_IO_FLASH_BLOCK_DEVICE_2"/>
			<feature collapsed="true" name="CYGPKG_IO_FLASH_BLOCK_DEVICE_1"/>
			<feature collapsed="true" name="CYGPKG_POWER_THREAD"/>
			<feature collapsed="true" name="CYGPKG_KERNEL_API"/>
			<feature collapsed="true" name="CYGPKG_UITRON_SEMAS_CREATE_DELETE"/>
			<feature collapsed="true" name="CYGPKG_POWER"/>
			<feature collapsed="true" name="CYGPKG_IO_ETH_DRIVERS"/>
			<feature collapsed="true" name="CYGPKG_ISO_PTHREAD"/>
			<feature collapsed="true" name="CYGSEM_KERNEL_SCHED_MLQUEUE_alt"/>
			<feature collapsed="true" name="CYGPKG_LIBM_THREAD_SAFETY"/>
			<feature collapsed="true" name="CYGPKG_KERNEL_COUNTERS"/>
			<feature collapsed="true" name="CYGPKG_UITRON_FLAGS"/>
			<feature collapsed="true" name="CYGPKG_ISO_STDIO"/>
			<feature collapsed="true" name="CYGPKG_SNMPAGENT_SYSTEM_MIB"/>
			<feature collapsed="true" name="CYGPKG_FS_FAT"/>
			<feature collapsed="true" name="CYGPKG_SNMPAGENT"/>
			<feature collapsed="true" name="CYGPKG_LIBC_I18N"/>
			<feature collapsed="true" name="CYGPKG_ISOINFRA"/>
			<feature collapsed="true" name="CYGPKG_IO_DISK"/>
			<feature collapsed="true" name="CYGPKG_IO_WALLCLOCK_OPTIONS"/>
			<feature collapsed="true" name="CYGPKG_LIBC_STRING_STRTOK"/>
			<feature collapsed="true" name="CYGPKG_PPP_CHAT"/>
			<feature collapsed="true" name="CYGPKG_HAL_COMMON"/>
			<feature collapsed="true" name="CYGHWR_NET_DRIVER_ETH1_BOOTP"/>
			<feature collapsed="true" name="CYGPKG_ERROR"/>
			<feature collapsed="true" name="CYGIMP_KERNEL_COUNTERS_SINGLE_LIST_alt"/>
			<feature collapsed="true" name="CYGPKG_LIBC_STARTUP"/>
			<feature collapsed="true" name="CYGPKG_POSIX_PTHREAD_VALUES"/>
			<feature collapsed="true" name="CYGPKG_LINUX_COMPAT"/>
			<feature collapsed="true" name="CYGPKG_ISO_LIMITS"/>
			<feature collapsed="true" name="CYGPKG_UITRON_SEMAS"/>
			<feature collapsed="true" name="CYGPKG_SNMPAGENT_TESTS"/>
			<feature collapsed="true" name="CYGPKG_NET_BUILD_TESTS"/>
			<feature collapsed="true" name="CYGPKG_IO_FLASH_TESTS"/>
			<feature collapsed="true" name="CYGPKG_KERNEL"/>
			<feature collapsed="true" name="CYGPKG_NET_FREEBSD_STACK"/>
			<feature collapsed="true" name="CYGIMP_KERNEL_INTERRUPTS_DSRS_TABLE"/>
			<feature collapsed="true" name="CYGPKG_NET_FTPCLIENT"/>
			<feature collapsed="true" name="CYGPKG_LIBC_SETJMP"/>
			<feature collapsed="true" name="CYGPKG_DEVS_DISK_TESTING"/>
			<feature collapsed="true" name="CYGPKG_PPP_WORKAROUNDS"/>
			<feature collapsed="true" name="CYGPKG_LIBC_STDIO"/>
			<feature collapsed="true" name="CYGPKG_DEVS_ETH_POWERPC_QUICC2"/>
			<feature collapsed="true" name="CYGPKG_POSIX_UTSNAME"/>
			<feature collapsed="true" name="CYGPKG_ERROR_ERRNO"/>
			<feature collapsed="true" name="CYGPKG_LIBC_TIME"/>
			<feature collapsed="true" name="CYGPKG_HAL_COMMON_CONTEXT"/>
			<feature collapsed="true" name="CYGNUM_KERNEL_SCHED_PRIORITIES"/>
			<feature collapsed="true" name="CYGIMP_KERNEL_INTERRUPTS_DSRS"/>
			<feature collapsed="true" name="CYGPKG_MEMALLOC_ALLOCATOR_DLMALLOC"/>
			<feature collapsed="true" name="CYGPKG_IO_SERIAL_POWERPC_QUICC2_SCC_OPTIONS"/>
			<feature collapsed="true" name="CYGIMP_LIBC_RAND_SIMPLEST_alt"/>
			<feature collapsed="true" name="CYGPKG_IO_FLASH"/>
			<feature collapsed="true" name="CYGHWR_NET_DRIVER_ETH0_MANUAL_alt"/>
			<feature collapsed="true" name="CYGNUM_IO_FLASH_BLOCK_CFG_STATIC_ABSOLUTE_1"/>
			<feature collapsed="true" name="CYGSEM_KERNEL_SCHED_TIMESLICE"/>
			<feature collapsed="true" name="CYGHWR_MEMORY_LAYOUT"/>
			<feature collapsed="true" name="CYGNUM_IO_FLASH_BLOCK_CFG_STATIC_ABSOLUTE_2"/>
			<feature collapsed="true" name="CYGPKG_KERNEL_OPTIONS"/>
			<feature collapsed="true" name="CYGPKG_LIBC_STRING_OPTIONS"/>
			<feature collapsed="true" name="CYGPKG_POWER_OPTIONS"/>
			<feature collapsed="true" name="CYGPKG_MEMALLOC_ALLOCATORS"/>
			<feature collapsed="true" name="CYGPKG_HAL_POWERPC_MPC8260"/>
			<feature collapsed="true" name="CYGFUN_LIBC_ATEXIT"/>
			<feature collapsed="true" name="CYGPKG_UITRON_MBOXES_CREATE_DELETE"/>
			<feature collapsed="true" name="CYGOPT_NET_IPV6_ROUTING_THREAD"/>
			<feature collapsed="true" name="CYGPKG_UITRON_MEMPOOLFIXED_CREATE_DELETE"/>
			<feature collapsed="true" name="CYGPKG_PPP_COMPRESSION"/>
			<feature collapsed="true" name="CYGPKG_LIBC_TIME_ZONES"/>
			<feature collapsed="true" name="CYGPKG_LIBC_STDIO_OPTIONS"/>
			<feature collapsed="true" name="CYGPKG_IO_FILEIO_INODE"/>
			<feature collapsed="true" name="CYGPKG_NS_DNS"/>
			<feature collapsed="true" name="CYGPKG_WALLCLOCK_EMULATE_alt"/>
			<feature collapsed="true" name="CYGPKG_NET_FTPCLIENT_OPTIONS"/>
			<feature collapsed="true" name="CYGPKG_MEMALLOC_OPTIONS"/>
			<feature collapsed="true" name="CYGPKG_NET_TFTPD_CLIENT_BIG_PACKET"/>
			<feature collapsed="true" name="CYGPKG_INFRA_OPTIONS"/>
			<feature collapsed="true" name="CYGPKG_HAL_POWERPC"/>
			<feature collapsed="true" name="CYGBLD_GLOBAL_OPTIONS"/>
			<feature collapsed="true" name="CYGPKG_IO_WATCHDOG_IMPLEMENTATION"/>
			<feature collapsed="true" name="CYGPKG_COMPRESS_ZLIB_OPTIONS"/>
			<feature collapsed="true" name="CYGIMP_LIBC_STDLIB_INLINES"/>
			<feature collapsed="true" name="CYGPKG_LIBC_STDLIB"/>
			<feature collapsed="true" name="CYGPKG_KERNEL_INSTRUMENT"/>
			<feature collapsed="true" name="CYGPKG_UITRON_ALARMS"/>
			<feature collapsed="true" name="CYGPKG_PPP_AUTH"/>
			<feature collapsed="true" name="CYGPKG_HAL_TESTS"/>
			<feature collapsed="true" name="CYGPKG_NET_FAST_THREAD"/>
			<feature collapsed="true" name="CYGPKG_UITRON_TASKS"/>
			<feature collapsed="true" name="CYGPKG_IO_SERIAL_TERMIOS_TERMIOS3"/>
			<feature collapsed="true" name="CYGPKG_IO_SERIAL_TERMIOS_TERMIOS1"/>
			<feature collapsed="true" name="CYGPKG_KERNEL_EXCEPTIONS"/>
			<feature collapsed="true" name="CYGPKG_IO_SERIAL_TERMIOS_TERMIOS2"/>
			<feature collapsed="true" name="CYGPKG_IO_SERIAL_TERMIOS_TERMIOS0"/>
			<feature collapsed="true" name="CYGPKG_ISO_STARTUP"/>
			<feature collapsed="true" name="CYGPKG_IO_FILE_SUPPORT"/>
			<feature collapsed="true" name="CYGPKG_IO_FLASH_BLOCK_DEVICE"/>
			<feature collapsed="true" name="CYGPKG_IO_ETH_DRIVERS_NET"/>
			<feature collapsed="true" name="CYGPKG_PPP_TESTS_AUTOMATE"/>
			<feature collapsed="true" name="CYGPKG_NET_SNTP_UNICAST"/>
			<feature collapsed="true" name="CYGPKG_KERNEL_DEBUG"/>
			<feature collapsed="true" name="CYGOPT_FS_JFFS2_GCTHREAD"/>
			<feature collapsed="true" name="CYGPKG_LIBC_TIME_INLINES"/>
			<feature collapsed="true" name="CYGOPT_NET_DHCP_OPTION_HOST_NAME"/>
			<feature collapsed="true" name="CYGPKG_NET_FAST_THREAD_TICKLE_DEVS"/>
			<feature collapsed="true" name="CYGPKG_UITRON_MEMPOOLVAR_CREATE_DELETE"/>
			<feature collapsed="true" name="CYGPKG_ISO_STDLIB"/>
			<feature collapsed="true" name="CYGPKG_HAL_ROM_MONITOR"/>
			<feature collapsed="true" name="CYGPKG_IO_ETH_DRIVERS_SIMULATED_FAILURES"/>
			<feature collapsed="true" name="CYGPKG_IO"/>
			<feature collapsed="true" name="CYGPKG_LIBC_RAND"/>
			<feature collapsed="true" name="CYGPKG_IO_SERIAL"/>
			<feature collapsed="true" name="CYGPKG_LIBM_COMPATIBILITY"/>
			<feature collapsed="true" name="CYGPKG_INFRA_TESTS"/>
			<feature collapsed="true" name="CYGPKG_HAL_CACHE_CONTROL"/>
			<feature collapsed="true" name="CYGPKG_COMPRESS_ZLIB"/>
			<feature collapsed="true" name="CYGPKG_IO_WATCHDOG_OPTIONS"/>
			<feature collapsed="true" name="CYGPKG_HTTPD_OPTIONS"/>
			<feature collapsed="true" name="CYGPKG_DEVS_FLASH_TS6"/>
			<feature collapsed="true" name="CYGPKG_ISO_NETDB"/>
			<feature collapsed="true" name="CYGPKG_ISO_SELECT"/>
			<feature collapsed="true" name="CYGFUN_KERNEL_THREADS_STACK_CHECKING"/>
			<feature collapsed="true" name="CYGPKG_SNMPLIB"/>
			<feature collapsed="true" name="CYGNUM_IO_FLASH_BLOCK_CFG_FIS_2"/>
			<feature collapsed="true" name="CYGPKG_IO_WALLCLOCK_IMPLEMENTATION"/>
			<feature collapsed="true" name="CYGNUM_IO_FLASH_BLOCK_CFG_FIS_1"/>
			<feature collapsed="true" name="CYGHWR_NET_DRIVER_ETH1_MANUAL_alt"/>
			<feature collapsed="true" name="CYGPKG_INFRA_STARTUP"/>
			<feature collapsed="true" name="CYGPKG_ISO_UTSNAME"/>
			<feature collapsed="true" name="CYGPKG_NS_DNS_DEFAULT"/>
			<feature collapsed="true" name="CYGPKG_ISO_TERMIOS"/>
			<feature collapsed="true" name="CYGPKG_UITRON_OPTIONS"/>
			<feature collapsed="true" name="CYGPKG_POSIX_MQUEUES"/>
			<feature collapsed="true" name="CYGSEM_KERNEL_SYNCH_MUTEX_PRIORITY_INVERSION_PROTOCOL_CEILING"/>
			<feature collapsed="true" name="CYGPKG_ISO_POSIX_TYPES"/>
			<feature collapsed="true" name="CYGPKG_HAL_POWERPC_OPTIONS"/>
			<feature collapsed="true" name="CYGPKG_NET_FREEBSD_INET"/>
			<feature collapsed="true" name="CYGPKG_VNC_SERVER_ENCODING_OPTIONS"/>
			<feature collapsed="true" name="CYGDBG_USE_ASSERTS"/>
			<feature collapsed="true" name="CYGPKG_FS_RAM_BLOCKS"/>
			<feature collapsed="true" name="CYGPKG_CRC"/>
			<feature collapsed="true" name="CYGPKG_REDBOOT_HAL_OPTIONS"/>
			<feature collapsed="true" name="CYGPKG_LIBC_SETJMP_OPTIONS"/>
			<feature collapsed="true" name="CYGPKG_NET_DEBUG"/>
			<feature collapsed="true" name="CYGPKG_ISO_LOCALE"/>
			<feature collapsed="true" name="CYGPKG_IO_WATCHDOG"/>
			<feature collapsed="true" name="CYG_HAL_STARTUP"/>
			<feature collapsed="true" name="CYGNUM_IO_FLASH_BLOCK_CFG_STATIC_1"/>
			<feature collapsed="true" name="CYGPKG_NET_TFTP"/>
			<feature collapsed="true" name="CYGNUM_IO_FLASH_BLOCK_CFG_STATIC_2"/>
			<feature collapsed="true" name="CYGPKG_NET"/>
			<feature collapsed="true" name="CYGPKG_HAL_DEBUG"/>
			<feature collapsed="true" name="CYGPKG_NS_DNS_OPTIONS"/>
			<feature collapsed="true" name="CYGPKG_NET_FREEBSD_STACK_OPTIONS"/>
			<feature collapsed="true" name="CYGPKG_SNMPAGENT_OPTIONS"/>
			<feature collapsed="true" name="CYGPKG_LIBC_TIME_OPTIONS"/>
			<feature collapsed="true" name="CYGPKG_IO_SERIAL_POWERPC_QUICC2_SCC"/>
			<feature collapsed="true" name="CYGPKG_IO_WALLCLOCK"/>
			<feature collapsed="true" name="CYGPKG_KERNEL_SCHED"/>
			<feature collapsed="true" name="CYGPKG_POSIX_SCHED"/>
			<feature collapsed="true" name="CYGPKG_UITRON_INTERRUPT_FUNCTIONS"/>
			<feature collapsed="true" name="CYGDBG_INFRA_DEBUG_TRACE_ASSERT_BUFFER"/>
			<feature collapsed="true" name="CYGPKG_FS_JFFS2"/>
			<feature collapsed="true" name="CYGPKG_ISO_SETJMP"/>
			<feature collapsed="true" name="CYGPKG_IO_SERIAL_TEST_SPECS"/>
			<feature collapsed="true" name="CYGPKG_CPULOAD"/>
			<feature collapsed="true" name="CYGPKG_NET_SNTP"/>
			<feature collapsed="true" name="CYGPKG_ISO_EXTRA_TYPES"/>
			<feature collapsed="true" name="CYGPKG_IO_SERIAL_TTY"/>
			<feature collapsed="true" name="CYGPKG_UITRON_CYCLICS"/>
			<feature collapsed="true" name="CYGPKG_IO_SERIAL_TTY_TTY1"/>
			<feature collapsed="true" name="CYGPKG_IO_SERIAL_TTY_TTY2"/>
			<feature collapsed="true" name="CYGPKG_IO_SERIAL_TTY_TTY3"/>
			<feature collapsed="true" name="CYGPKG_ISO_SCHED"/>
			<feature collapsed="true" name="CYGPKG_IO_SERIAL_TTY_TTY0"/>
			<feature collapsed="true" name="CYGIMP_KERNEL_COUNTERS_MULTI_LIST"/>
			<feature collapsed="true" name="CYGPKG_ISO_TIME"/>
			<feature collapsed="true" name="CYGPKG_NET_SNTP_OPTIONS"/>
			<feature collapsed="true" name="CYGSEM_KERNEL_SYNCH_MUTEX_PRIORITY_INVERSION_PROTOCOL"/>
			<feature collapsed="true" name="CYGPKG_LIBM_TRACE"/>
			<feature collapsed="true" name="CYGPKG_SNMPLIB_OPTIONS"/>
			<feature collapsed="true" name="CYGPKG_HAL_POWERPC_TS6"/>
			<feature collapsed="true" name="CYGPKG_NET_OPTIONS"/>
			<feature collapsed="true" name="CYGPKG_LIBM_OPTIONS"/>
			<feature collapsed="true" name="CYGPKG_IO_SERIAL_FLOW_CONTROL"/>
			<feature collapsed="true" name="CYGPKG_HAL"/>
			<feature collapsed="true" name="CYGSEM_LIBC_STARTUP_MAIN_THREAD"/>
			<feature collapsed="true" name="CYGPKG_LIBC_STARTUP_CONTEXT"/>
			<feature collapsed="true" name="CYGPKG_POSIX_PTHREAD"/>
			<feature collapsed="true" name="CYGPKG_VNC_SERVER"/>
			<feature collapsed="true" name="CYGPKG_KERNEL_THREADS_DESTRUCTORS"/>
			<feature collapsed="true" name="CYGPKG_PPP"/>
			<feature collapsed="true" name="CYGPKG_IO_ETH_DRIVERS_STAND_ALONE"/>
		</struct>
		<constraints/>
	</layout>
