<?xml version="1.0" encoding="UTF-8" standalone="no"?>
<layout chosenLayoutAlgorithm="4" horizontalLayout="false" showCollapsedConstraints="false">
    <struct>
        <feature collapsed="true" name="F_YYbH9ZBDxO9HzJUMItSN0Mu6wi8wQ/gj"/>
        <feature collapsed="true" name="F_ua0D7Bxzalu7G79zHcSvG+vT5HaD919e"/>
        <feature collapsed="true" name="F_ai/ymS8a0lm6wYEEUw7qXvkfapnCxiG3"/>
        <feature collapsed="true" name="F_dBh5fMlJD5JS2+KO+IdrxJYGCPE0+xy/"/>
        <feature collapsed="true" name="F_Mb0zXCvarAxu8GwochcT0YHZj1txz0Nn"/>
        <feature collapsed="true" name="F_uVJ5A+mVjRXxRk2Md5pHJhIN+OrATLHL"/>
        <feature collapsed="true" name="F_wYWdbos3zROnIGNdu335sBaN/PW255AC"/>
        <feature collapsed="true" name="F_ZB1pqCVk1gv7rHVN+tn0eN8BwwmljriD"/>
        <feature collapsed="true" name="F_8sQcP3FAObOXeH163iiYpY9RTXOdTk/5"/>
        <feature collapsed="true" name="F_YnWPRFM2INObVsegQaJX+5Z1b36xjk1P"/>
        <feature collapsed="true" name="F_PIBbe8mJjp9xS37qIs/8bc8DIgX1eyZl"/>
        <feature collapsed="true" name="F_XQwgWzAohf7+b7btijunWWILUXVTM17l"/>
        <feature collapsed="true" name="F_LqaWZKu4g3UG5l6IGHFN0EqLJ7+Kkqu7"/>
        <feature collapsed="true" name="F_1ljeprYfNEOiUX/BAHQHO0cG6LBKwh/K"/>
        <feature collapsed="true" name="F_Zf0fMsGK3tCMlmPyYdZFGhtly3leWj5W"/>
        <feature collapsed="true" name="F_vBr+6gUFW1dGdCV0YxO4b3xilIXlAQy7"/>
        <feature collapsed="true" name="F_h+YFaQiRXeB6IAke2qI6mQMpSjAA3y/o"/>
        <feature collapsed="true" name="F_pToE60L30CHFBZnVAkRBFn1jkuH92SZy"/>
        <feature collapsed="true" name="F_rShgqEcFN3onjb12YB/dHngdKS6pYlKY"/>
        <feature collapsed="true" name="F_0hcf11ITvsaSTuSRzt7JFBMust3gJeun"/>
        <feature collapsed="true" name="F_yYKMokjL/loi8IPzS1RcuIeH0hbsNO9R"/>
        <feature collapsed="true" name="F_rb/DR41gAIVqGiYE+JSUXQTHAcsgy2MO"/>
        <feature collapsed="true" name="F_Dx9i5d6frBK28KE0WK03eH2IXuhTNUOi"/>
        <feature collapsed="true" name="F_b3TpW20w09NPZ1LI46a/3hB9SoA0V2DH"/>
        <feature collapsed="true" name="F_t/rlwtvW8pJNtIKgQ4ImltL6Jwb71q1E"/>
        <feature collapsed="true" name="F_KXLUem1AGIdaWDaeiEVYMJG5BXauUuXU"/>
        <feature collapsed="true" name="F_sS211ZUWbk1ikjFW/fisdQFZnVXFnGuQ"/>
        <feature collapsed="true" name="F_q43sekgGyrU1KsNAO56YyBUV7LvRB9Gm"/>
        <feature collapsed="true" name="F_d46WpVbUQrqxJB8fEDadHM4JqZRvXcVn"/>
        <feature collapsed="true" name="F_QYFaOfj2cmEjOJVN9yFNR3I2JG1bwuYA"/>
        <feature collapsed="true" name="F_g1XIbMHvpuutUa328mBwC66oOM/H5Md/"/>
        <feature collapsed="true" name="F_OWR1EkZTtik7k0qLk0w9/ko7nw1gHOzk"/>
        <feature collapsed="true" name="F_Zau2pnN/suqpe51TOmWBsluHlXCGqbc0"/>
        <feature collapsed="true" name="F_8YrVmDUVsA2DF5wT2HeV/4G5llvOwEqC"/>
        <feature collapsed="true" name="F_GScOSUr3hrbdn9/rOgKnhUAxDLUyqXG5"/>
        <feature collapsed="true" name="F_pdNCr1Ee0rQABZnWFF1X2gRwEgVFolYB"/>
        <feature collapsed="true" name="F_pjE9ks96vMpX0Ru8AUTHiSZOJPbp+0Ww"/>
        <feature collapsed="true" name="F_HTv96IMLxNPK5dKtWbwX7uvS9rvROjny"/>
        <feature collapsed="true" name="F_6aQMDA++Q9jfpw9F66NjizmG1QTJHolT"/>
        <feature collapsed="true" name="F_MADpyQ87JOopn14a8Ij8j16IW6CHT5id"/>
        <feature collapsed="true" name="F_yGIoifoS1Pw69ToDll9/uq9pw/DgtUZX"/>
        <feature collapsed="true" name="F_laiL9UtJcnGd5iyOk0AaEeIKHfTuDR5g"/>
        <feature collapsed="true" name="F_g/uvCEvrJYOdnNnI/GM3GOM5XKxfeBg8"/>
        <feature collapsed="true" name="F_nv7qocT2wYvS4I2qwZfmd1drx0qtwafp"/>
        <feature collapsed="true" name="F_fxe31wqPbI9svgQ9ECulI3vAhzTpujUJ"/>
        <feature collapsed="true" name="F_y0wLPcHONBSQlk3vhRElX17rgtszYvrR"/>
        <feature collapsed="true" name="F_0GEKcfkmEXfNl+aBB+0clT4qSaqmAKdQ"/>
        <feature collapsed="true" name="F_u6oXgbdH77dhbi03w20OiXB65oGVoEE3"/>
        <feature collapsed="true" name="F_KCVM+5d+TjwNHjZYAQgsL31+XMfq9dCP"/>
        <feature collapsed="true" name="F_i0fMjUHEUGa9TZFrXKuPQQJKKw5Km9af"/>
        <feature collapsed="true" name="F_yD3E0xh3nfjZtRl0IFRnTj1jU/B80wWl"/>
        <feature collapsed="true" name="F_5XxaCaC2aV55SqR705OPbbaGSw98NGNv"/>
        <feature collapsed="true" name="F_tDnevLProQNuW4z0Jiom0dcmTa9Evf7s"/>
        <feature collapsed="true" name="F_P7WO9aik40HOEMGCEYlddZMyDnmaeOco"/>
        <feature collapsed="true" name="F_IPfHDi0s6Fol3vwKy7d6TKq14bp7LoXh"/>
        <feature collapsed="true" name="F_TTuutYO9kO90yTMArScXs8zN8jAuUrYN"/>
        <feature collapsed="true" name="F_NIogPFG1AifY3R/BvBuxQE4p0HuToJvo"/>
        <feature collapsed="true" name="F_KmG4qxPv+32YcT7bwgJspVYm1n5EsduY"/>
        <feature collapsed="true" name="F_LPZnn4xSkxcVngbP/l43mzYIVHpFKXx6"/>
        <feature collapsed="true" name="F_e5YegGsGIX949mRXJUHC7qdONzT2ch0e"/>
        <feature collapsed="true" name="F_BjjeqtrbN7/IQhx9b9m5q1xZyAdKSGfL"/>
        <feature collapsed="true" name="F_nQVsZx8e9hn6lo8FgHYlZ7pc7drQKPqy"/>
        <feature collapsed="true" name="F_P3zBiaiwoUbXiObsMNYsqmuo59QBlrb3"/>
        <feature collapsed="true" name="F_wLGQBdI/s79pqJg2MF1NpxTZQqQlMPOa"/>
        <feature collapsed="true" name="F_ZHIsR2eN4W3u/pPIwBoJKssuzl4KRLI5"/>
        <feature collapsed="true" name="F_820rSBb5QyKX0CaUHMbfE28wYLgMvdMB"/>
        <feature collapsed="true" name="F_izYPCrwOWhIu3wGzEDYHInQLd8U+LxMI"/>
        <feature collapsed="true" name="F_vbGIWS4HLmVJJs6UtABShF3u7RXiZV8O"/>
        <feature collapsed="true" name="F_7WJcQxhapCOueEnM4N+1CdbG4pRywTyz"/>
        <feature collapsed="true" name="F_TtYCiLLfEAP6kzTybrJuRGoRrHVcxfOw"/>
        <feature collapsed="true" name="F_t93moWPvC7/6EQOfspFgexRgUadhc9a+"/>
        <feature collapsed="true" name="F_5s0uBvPqcofo9JWXOQymR3brdwMviRL7"/>
        <feature collapsed="true" name="F_Z3fk2vzdo9Z71Q+PB1qnrOPG4C45RHB3"/>
        <feature collapsed="true" name="F_eEVa6Jht3RcqR35e5UPjOuHGPqJQvEhO"/>
        <feature collapsed="true" name="F_6IHIGtPrclUUPpFrP+n5yyRXpPrH8a/z"/>
        <feature collapsed="true" name="F_ecXL0V2+T0n1Xb1pEeYmqGo8w8PWkPLB"/>
        <feature collapsed="true" name="F_qTMCSGRMHLZlzKtfyqtQBUgOy3M/lUpe"/>
        <feature collapsed="true" name="F_K8DbZtFgUSs9wIjTWKjuaMtJ5dexTjVx"/>
        <feature collapsed="true" name="F_Y7EpeImrXSk3wkVDbAQFsOGlTvjiOADR"/>
        <feature collapsed="true" name="F_BcI0QtzGBWGq10smNeKHgRDwMBOKvVYW"/>
        <feature collapsed="true" name="F_v7za7Q20481MIxnLeVYE0b6WSRMp645W"/>
        <feature collapsed="true" name="F_MhuvagQIynWiOlNTyfyrf9H7qvlLql54"/>
        <feature collapsed="true" name="F_Tg757a0xEmB1+S4ckdX1UsTT6gliFbWQ"/>
        <feature collapsed="true" name="F_YA3Fjm3IWJ2M7Drgd7PgZeSb2xVFJ9Sb"/>
        <feature collapsed="true" name="F_3n+xjjWOldiEzDA4iabzuRPLltGTeQqH"/>
        <feature collapsed="true" name="F_nSPRm/4i/UX8RwGHkAtarcbydC/tIwP7"/>
        <feature collapsed="true" name="F_eAgNd/wG2cTLhjtMTDWAW+gxgrTSN/Hv"/>
        <feature collapsed="true" name="F_nUbFXN+WIYJ4Cf3cyQThUmlmUV/OfKRu"/>
        <feature collapsed="true" name="F_MsgNJQI+pksiPMX4bdfCienw9julU6Jp"/>
        <feature collapsed="true" name="F_j88b3NWPX61Uk6aur5LRK77XkkejujUV"/>
        <feature collapsed="true" name="F_CKQYjMSN2vGfTasaJbzLRsJDnh6QYEqz"/>
        <feature collapsed="true" name="F_NZB0AQtJKwP0MvJoF7VitxlJz81XPc56"/>
        <feature collapsed="true" name="F_JXw7oyYx5OCv6hKqEQhTChlBmqEDh+S7"/>
        <feature collapsed="true" name="F_XA2Kgc4APFLVlHw3wVvjHD2C59bDT0E/"/>
        <feature collapsed="true" name="F_1MvN8uhxEMLgwgFS22pUCta28l5SDaBg"/>
        <feature collapsed="true" name="F_8v1ftmUqgmFWGgGGHNYv0zv7RI4WcTL1"/>
        <feature collapsed="true" name="F_1dbzvoSVNLs0szkJRIS1wypFEFxpKum7"/>
        <feature collapsed="true" name="F_tgIKw7bRotbI6/8jF0nFeQfo8BWssZQC"/>
        <feature collapsed="true" name="F_Agb1T7rPrJ64GsMUvbuVGxy/L2HekK2W"/>
        <feature collapsed="true" name="F_HyKStxsMGoNAdIIqgQanPs4qBqjB148Y"/>
        <feature collapsed="true" name="F_m5PPo+Wj4p8gJS61wNLVRqHRawh1IwPE"/>
        <feature collapsed="true" name="F_RqUH/uKLQI5yHlRP1Cn7vn5ftQwAewb9"/>
        <feature collapsed="true" name="F_kK65Fgyt8nWkzKDPpW2/HsMR5mRz1Xxy"/>
        <feature collapsed="true" name="F_OuAE38V/E08MbfTCSymYRgpE2WipjutD"/>
        <feature collapsed="true" name="F_znJ9d57t7xD44z6km816HDBvL+cVq7mp"/>
        <feature collapsed="true" name="F_SlUejCV87exJlltNbRWgpN0b3wwuTrgp"/>
        <feature collapsed="true" name="F_dwW7g9T7Sqrs8Yx+UOps30RNPWSOrv2u"/>
        <feature collapsed="true" name="F_VPefx3Q0+4kIweFNvDrVnOMvzKcidNlU"/>
        <feature collapsed="true" name="F_VAWm8xUSgLqiQp6yXcjw94bL0ka7ovyr"/>
        <feature collapsed="true" name="F_B+WRijSdU8R7wBiWE1ITF4cYBOOe7X7n"/>
        <feature collapsed="true" name="F_93YFawzpAekDmN+EJweC7w6klB1TMjmp"/>
        <feature collapsed="true" name="F_4leXs48VOd3y5ijQCNvnDIKTwsc9EMGW"/>
        <feature collapsed="true" name="F_KA/GHxHm5SCThOzZbJ+ofak9DKX40ozb"/>
        <feature collapsed="true" name="F_ycRW/IRFfAUGGDJwP3naSA464e8rSPTM"/>
        <feature collapsed="true" name="F_ptX3ptQ5whQZOadnkC9rjRRGJUnH12TV"/>
        <feature collapsed="true" name="F_CZRNVAEcT/Pne8U3edlpYbpYaHPYSC6S"/>
        <feature collapsed="true" name="F_N5Lt8wPgLitlbRmG/712/LEYLZnIY+w2"/>
        <feature collapsed="true" name="F_zg+pTGGGcqMOiSRKZgp0ZatPOFrPPe1m"/>
        <feature collapsed="true" name="F_tMu8yLYTMGRJ2Yw6U9v+ZdfywDSvO8YP"/>
        <feature collapsed="true" name="F_/rtxGEYKdSUo7Xzw6VhroBRwm8xPT0kC"/>
    </struct>
    <constraints/>
</layout>
