<?xml version="1.0" encoding="UTF-8" standalone="no"?>
	<layout chosenLayoutAlgorithm="1" horizontalLayout="true">
		<struct>
			<feature collapsed="true" name="N_100300__F_100332"/>
			<feature collapsed="true" name="N_100300__F_100330"/>
			<feature collapsed="true" name="N_100618__F_100649"/>
			<feature collapsed="true" name="N_102383__I_103792_i_F_103952"/>
			<feature collapsed="true" name="N_100300__F_100336"/>
			<feature collapsed="true" name="N_100300__F_100323"/>
			<feature collapsed="true" name="N_102383__F_102384"/>
			<feature collapsed="true" name="N_102383__I_102642_i_F_102640"/>
			<feature collapsed="true" name="N_102383__I_103546_i_F_103547"/>
			<feature collapsed="true" name="N_102383__I_103546_i_F_103544"/>
			<feature collapsed="true" name="N_102383__I_102642_i_F_102643"/>
			<feature collapsed="true" name="N_102383__I_103792_i_F_103964"/>
			<feature collapsed="true" name="N_100300__F_100325"/>
			<feature collapsed="true" name="N_100300__F_100327"/>
			<feature collapsed="true" name="N_100300__F_100311"/>
			<feature collapsed="true" name="N_102383__I_103792_i_F_103931"/>
			<feature collapsed="true" name="N_100300__F_100314"/>
			<feature collapsed="true" name="N_104357__F_104463_xor"/>
			<feature collapsed="true" name="N_100300__F_100301"/>
			<feature collapsed="true" name="N_102383__I_102504_i_F_102502"/>
			<feature collapsed="true" name="N_102383__I_103792_i_F_103949"/>
			<feature collapsed="true" name="N_100618__F_100648"/>
			<feature collapsed="true" name="N_102026__F_102033_xor"/>
			<feature collapsed="true" name="N_102043__F_102311"/>
			<feature collapsed="true" name="N_102383__I_102504_i_F_102505"/>
			<feature collapsed="true" name="N_102383__I_103792_i_F_103940"/>
			<feature collapsed="true" name="N_100300__F_100308"/>
			<feature collapsed="true" name="N_100300__F_100303"/>
			<feature collapsed="true" name="N_100300__F_100302"/>
			<feature collapsed="true" name="N_100300__F_100305"/>
			<feature collapsed="true" name="N_100300__F_100304"/>
			<feature collapsed="true" name="N_102383__I_103792_i_F_103910"/>
			<feature collapsed="true" name="N_104700__F_104725"/>
			<feature collapsed="true" name="N_100618__F_100619"/>
			<feature collapsed="true" name="N_100618__F_100626"/>
			<feature collapsed="true" name="N_102043__F_102333"/>
			<feature collapsed="true" name="N_100618__F_100620"/>
			<feature collapsed="true" name="N_100618__F_100621"/>
			<feature collapsed="true" name="N_102383__I_103792_i_F_103922"/>
			<feature collapsed="true" name="N_100300__F_100350"/>
			<feature collapsed="true" name="N_100618__I_100652_i_F_100650"/>
			<feature collapsed="true" name="N_100300__F_100343"/>
			<feature collapsed="true" name="N_104700__F_104702"/>
			<feature collapsed="true" name="N_100300__F_100340"/>
			<feature collapsed="true" name="N_102043__F_102356"/>
			<feature collapsed="true" name="N_100300__F_100346"/>
			<feature collapsed="true" name="N_102383__I_103792_i_F_103901"/>
			<feature collapsed="true" name="N_104700__F_104701"/>
			<feature collapsed="true" name="N_100000__I_100877_i_F_100962"/>
			<feature collapsed="true" name="N_102385__F_102455"/>
			<feature collapsed="true" name="N_102385__F_102456"/>
			<feature collapsed="true" name="N_102385__F_102452"/>
			<feature collapsed="true" name="N_104536__I_104551_i_F_104552"/>
			<feature collapsed="true" name="N_102385__F_102446"/>
			<feature collapsed="true" name="N_104536__I_104551_i_F_104549"/>
			<feature collapsed="true" name="N_102385__F_102443"/>
			<feature collapsed="true" name="N_102383__F_102788"/>
			<feature collapsed="true" name="N_102383__F_102789"/>
			<feature collapsed="true" name="N_102043__I_102197_i_F_102195"/>
			<feature collapsed="true" name="N_102043__I_102197_i_F_102198"/>
			<feature collapsed="true" name="N_102385__F_102475"/>
			<feature collapsed="true" name="N_102383__F_102778"/>
			<feature collapsed="true" name="N_102043__I_102359_i_F_102357"/>
			<feature collapsed="true" name="N_100469__I_100473_i_F_100471"/>
			<feature collapsed="true" name="N_100353__F_100405"/>
			<feature collapsed="true" name="N_102385__F_102469"/>
			<feature collapsed="true" name="N_100353__F_100407"/>
			<feature collapsed="true" name="N_102385__F_102465"/>
			<feature collapsed="true" name="N_100353__F_100400"/>
			<feature collapsed="true" name="N_102383__I_103792_i_F_103994"/>
			<feature collapsed="true" name="N_102385__F_102489"/>
			<feature collapsed="true" name="N_102043__I_102136_i_F_102137"/>
			<feature collapsed="true" name="N_102043__I_102136_i_F_102134"/>
			<feature collapsed="true" name="N_102385__F_102483"/>
			<feature collapsed="true" name="N_102385__F_102480"/>
			<feature collapsed="true" name="N_102385__F_102490"/>
			<feature collapsed="true" name="N_100469__I_100494_i_F_100495"/>
			<feature collapsed="true" name="N_102383__I_103792_i_F_103979"/>
			<feature collapsed="true" name="N_102383__I_103792_i_F_103982"/>
			<feature collapsed="true" name="N_100469__I_100494_i_F_100492"/>
			<feature collapsed="true" name="N_102383__I_104038_i_F_104102"/>
			<feature collapsed="true" name="N_102383__I_103792_i_F_104003"/>
			<feature collapsed="true" name="N_100000__I_101405_i_F_101403"/>
			<feature collapsed="true" name="N_100000__I_101405_i_F_101406"/>
			<feature collapsed="true" name="N_100130__F_100160"/>
			<feature collapsed="true" name="N_100353__F_100456"/>
			<feature collapsed="true" name="N_100130__F_100161"/>
			<feature collapsed="true" name="N_100353__F_100454"/>
			<feature collapsed="true" name="N_102383__I_103300_i_F_103502"/>
			<feature collapsed="true" name="N_102383__I_103792_i_F_104012"/>
			<feature collapsed="true" name="N_100130__F_100153"/>
			<feature collapsed="true" name="N_102383__I_104038_i_F_104126"/>
			<feature collapsed="true" name="N_102383__I_104038_i_F_104123"/>
			<feature collapsed="true" name="N_100130__F_100146"/>
			<feature collapsed="true" name="N_100130__F_100148"/>
			<feature collapsed="true" name="N_102043__I_102240_i_F_102238"/>
			<feature collapsed="true" name="N_100130__F_100138"/>
			<feature collapsed="true" name="N_100130__F_100134"/>
			<feature collapsed="true" name="N_100130__F_100135"/>
			<feature collapsed="true" name="N_100130__F_100131"/>
			<feature collapsed="true" name="N_100130__F_100132"/>
			<feature collapsed="true" name="N_100130__F_100133"/>
			<feature collapsed="true" name="N_102383__I_103300_i_F_103538"/>
			<feature collapsed="true" name="N_102383__I_103300_i_F_103532"/>
			<feature collapsed="true" name="N_100002__I_100039_i_F_100037"/>
			<feature collapsed="true" name="N_100353__F_100413"/>
			<feature collapsed="true" name="N_100000__I_101405_i_F_101430"/>
			<feature collapsed="true" name="N_100000__I_101405_i_F_101436"/>
			<feature collapsed="true" name="N_100130__F_100196"/>
			<feature collapsed="true" name="N_102043__I_102184_i_F_102182"/>
			<feature collapsed="true" name="N_100000__I_101405_i_F_101439"/>
			<feature collapsed="true" name="N_100130__F_100192"/>
			<feature collapsed="true" name="N_102043__I_102184_i_F_102185"/>
			<feature collapsed="true" name="N_100353__F_100421"/>
			<feature collapsed="true" name="N_100353__F_100439"/>
			<feature collapsed="true" name="N_100000__I_101405_i_F_101421"/>
			<feature collapsed="true" name="N_100130__F_100187"/>
			<feature collapsed="true" name="N_100130__F_100188"/>
			<feature collapsed="true" name="N_102383__I_103300_i_F_103511"/>
			<feature collapsed="true" name="N_100130__F_100183"/>
			<feature collapsed="true" name="N_100576__F_100603"/>
			<feature collapsed="true" name="N_100353__F_100447"/>
			<feature collapsed="true" name="N_102383__I_102808_i_F_102845_xor"/>
			<feature collapsed="true" name="N_100130__F_100179"/>
			<feature collapsed="true" name="N_100000__I_101405_i_F_101415"/>
			<feature collapsed="true" name="N_100130__F_100174"/>
			<feature collapsed="true" name="N_100130__F_100175"/>
			<feature collapsed="true" name="N_102383__I_103300_i_F_103520"/>
			<feature collapsed="true" name="N_100130__F_100170"/>
			<feature collapsed="true" name="N_100353__F_100446"/>
			<feature collapsed="true" name="N_100130__F_100171"/>
			<feature collapsed="true" name="N_100353__F_100444"/>
			<feature collapsed="true" name="N_100130__F_100173"/>
			<feature collapsed="true" name="N_104334__F_104335"/>
			<feature collapsed="true" name="N_104334__F_104336"/>
			<feature collapsed="true" name="N_102383__I_104038_i_F_104186"/>
			<feature collapsed="true" name="N_101764__I_101859_i_F_101857"/>
			<feature collapsed="true" name="N_104334__F_104349"/>
			<feature collapsed="true" name="N_104334__F_104346"/>
			<feature collapsed="true" name="N_102383__I_104038_i_F_104177"/>
			<feature collapsed="true" name="N_104334__F_104342"/>
			<feature collapsed="true" name="N_104334__F_104343"/>
			<feature collapsed="true" name="N_100000__I_101405_i_F_101481"/>
			<feature collapsed="true" name="N_104357__F_104506"/>
			<feature collapsed="true" name="N_104357__F_104504"/>
			<feature collapsed="true" name="N_104357__F_104501"/>
			<feature collapsed="true" name="N_104334__F_104352"/>
			<feature collapsed="true" name="N_104357__F_104518"/>
			<feature collapsed="true" name="N_100000__I_101405_i_F_101463"/>
			<feature collapsed="true" name="N_104357__F_104515"/>
			<feature collapsed="true" name="N_104357__F_104514"/>
			<feature collapsed="true" name="N_104357__F_104510"/>
			<feature collapsed="true" name="N_102383__I_104038_i_F_104198"/>
			<feature collapsed="true" name="N_102383__I_104038_i_F_104195"/>
			<feature collapsed="true" name="N_101764__F_101784_xor"/>
			<feature collapsed="true" name="N_100000__I_101405_i_F_101454"/>
			<feature collapsed="true" name="N_104357__F_104521"/>
			<feature collapsed="true" name="N_104849__F_104850"/>
			<feature collapsed="true" name="N_102383__I_102642_i_F_102706"/>
			<feature collapsed="true" name="N_104536__I_104566_i_F_104567"/>
			<feature collapsed="true" name="N_102383__I_104038_i_F_104147"/>
			<feature collapsed="true" name="N_104536__I_104566_i_F_104564"/>
			<feature collapsed="true" name="N_102026__F_102033"/>
			<feature collapsed="true" name="N_100000__F_104855"/>
			<feature collapsed="true" name="N_102026__F_102038"/>
			<feature collapsed="true" name="N_100000__F_104854"/>
			<feature collapsed="true" name="N_102383__I_104038_i_F_104138"/>
			<feature collapsed="true" name="N_102026__F_102027"/>
			<feature collapsed="true" name="N_102026__F_102029"/>
			<feature collapsed="true" name="N_102383__I_104038_i_F_104168"/>
			<feature collapsed="true" name="N_102383__I_103792_i_F_104024"/>
			<feature collapsed="true" name="N_100618__F_100674"/>
			<feature collapsed="true" name="N_102383__I_103792_i_F_104030"/>
			<feature collapsed="true" name="N_102383__I_104038_i_F_104156"/>
			<feature collapsed="true" name="N_100000__F_100467"/>
			<feature collapsed="true" name="N_100000__F_100468"/>
			<feature collapsed="true" name="N_102383__F_102778_xor"/>
			<feature collapsed="true" name="N_100002__F_100113"/>
			<feature collapsed="true" name="N_100002__F_100114"/>
			<feature collapsed="true" name="N_100002__F_100110"/>
			<feature collapsed="true" name="N_100469__I_100608_i_F_100609"/>
			<feature collapsed="true" name="N_102383__I_103546_i_F_103655"/>
			<feature collapsed="true" name="N_104536__I_104611_i_F_104609"/>
			<feature collapsed="true" name="N_102383__I_103546_i_F_103664"/>
			<feature collapsed="true" name="N_100002__I_100045_i_F_100043"/>
			<feature collapsed="true" name="N_102043__I_102314_i_F_102312"/>
			<feature collapsed="true" name="N_100002__F_100106"/>
			<feature collapsed="true" name="N_102383__I_103546_i_F_103634"/>
			<feature collapsed="true" name="N_102383__I_103546_i_F_103631"/>
			<feature collapsed="true" name="N_104843__F_104844"/>
			<feature collapsed="true" name="N_102383__I_103546_i_F_103646"/>
			<feature collapsed="true" name="N_100618__F_100759"/>
			<feature collapsed="true" name="N_100469__I_100608_i_F_100606"/>
			<feature collapsed="true" name="N_102043__F_102044_or"/>
			<feature collapsed="true" name="N_104843__F_104845"/>
			<feature collapsed="true" name="N_102383__I_103546_i_F_103694"/>
			<feature collapsed="true" name="N_104649__I_104817_i_F_104827"/>
			<feature collapsed="true" name="N_100618__F_100732"/>
			<feature collapsed="true" name="N_102043__F_102208"/>
			<feature collapsed="true" name="N_102043__I_102286_i_F_102284"/>
			<feature collapsed="true" name="N_104649__I_104817_i_F_104830"/>
			<feature collapsed="true" name="N_104649__I_104817_i_F_104818"/>
			<feature collapsed="true" name="N_102383__I_102808_i_F_102908"/>
			<feature collapsed="true" name="N_104536__F_104537"/>
			<feature collapsed="true" name="N_102383__I_103546_i_F_103676"/>
			<feature collapsed="true" name="N_104536__F_104538"/>
			<feature collapsed="true" name="N_100618__F_100710"/>
			<feature collapsed="true" name="N_102383__I_103546_i_F_103685"/>
			<feature collapsed="true" name="N_104536__F_104546"/>
			<feature collapsed="true" name="N_102043__F_102230"/>
			<feature collapsed="true" name="N_102043__F_102237"/>
			<feature collapsed="true" name="N_100000__I_100976_i_F_101010"/>
			<feature collapsed="true" name="N_104649__F_104740"/>
			<feature collapsed="true" name="N_104649__F_104743"/>
			<feature collapsed="true" name="N_104649__F_104746"/>
			<feature collapsed="true" name="N_100576__F_100589"/>
			<feature collapsed="true" name="N_102383__I_103300_i_F_103457"/>
			<feature collapsed="true" name="N_100576__F_100588"/>
			<feature collapsed="true" name="N_102383__I_102808_i_F_102932"/>
			<feature collapsed="true" name="N_100618__I_100735_i_F_100733"/>
			<feature collapsed="true" name="N_104649__F_104750"/>
			<feature collapsed="true" name="N_100618__I_100823_i_F_100821"/>
			<feature collapsed="true" name="N_102383__I_103300_i_F_103460"/>
			<feature collapsed="true" name="N_102383__I_102808_i_F_102947"/>
			<feature collapsed="true" name="N_104649__F_104757"/>
			<feature collapsed="true" name="N_100576__F_100578"/>
			<feature collapsed="true" name="N_100576__F_100577"/>
			<feature collapsed="true" name="N_102383__I_103300_i_F_103439"/>
			<feature collapsed="true" name="N_102383__I_102808_i_F_102917"/>
			<feature collapsed="true" name="N_102383__I_102808_i_F_102914"/>
			<feature collapsed="true" name="N_104649__F_104727"/>
			<feature collapsed="true" name="N_104649__F_104728"/>
			<feature collapsed="true" name="N_104649__I_104817_i_F_104815"/>
			<feature collapsed="true" name="N_102383__I_103300_i_F_103430"/>
			<feature collapsed="true" name="N_100576__F_100592"/>
			<feature collapsed="true" name="N_102383__I_103054_i_F_103058"/>
			<feature collapsed="true" name="N_100000__I_100877_i_F_100875"/>
			<feature collapsed="true" name="N_102383__I_103300_i_F_103448"/>
			<feature collapsed="true" name="N_100576__F_100595"/>
			<feature collapsed="true" name="N_100000__I_100877_i_F_100878"/>
			<feature collapsed="true" name="N_104649__F_104731"/>
			<feature collapsed="true" name="N_104649__F_104732"/>
			<feature collapsed="true" name="N_100000__I_100976_i_F_101016"/>
			<feature collapsed="true" name="N_104649__F_104735"/>
			<feature collapsed="true" name="N_104649__F_104736"/>
			<feature collapsed="true" name="N_100576__F_100599"/>
			<feature collapsed="true" name="N_102383__I_103054_i_F_103052"/>
			<feature collapsed="true" name="N_102383__I_103054_i_F_103055"/>
			<feature collapsed="true" name="N_104649__F_104780"/>
			<feature collapsed="true" name="N_100300__F_100325_xor"/>
			<feature collapsed="true" name="N_102383__I_103546_i_F_103610"/>
			<feature collapsed="true" name="N_104649__F_104783"/>
			<feature collapsed="true" name="N_104649__F_104786"/>
			<feature collapsed="true" name="N_100000__I_101645_i_F_101646"/>
			<feature collapsed="true" name="N_102383__I_103300_i_F_103490"/>
			<feature collapsed="true" name="N_104649__F_104789"/>
			<feature collapsed="true" name="N_104357__F_104497"/>
			<feature collapsed="true" name="N_102383__I_102808_i_F_102974"/>
			<feature collapsed="true" name="N_104357__F_104496"/>
			<feature collapsed="true" name="N_104357__F_104493"/>
			<feature collapsed="true" name="N_104357__F_104492"/>
			<feature collapsed="true" name="N_100000__I_101645_i_F_101643"/>
			<feature collapsed="true" name="N_102383__I_103054_i_F_103067"/>
			<feature collapsed="true" name="N_104649__F_104790"/>
			<feature collapsed="true" name="N_104649__F_104791"/>
			<feature collapsed="true" name="N_104649__F_104794"/>
			<feature collapsed="true" name="N_100000__I_100976_i_F_101043"/>
			<feature collapsed="true" name="N_104649__F_104797"/>
			<feature collapsed="true" name="N_102383__I_102808_i_F_102986"/>
			<feature collapsed="true" name="N_102383__I_103054_i_F_103073"/>
			<feature collapsed="true" name="N_104649__F_104760"/>
			<feature collapsed="true" name="N_104649__F_104761"/>
			<feature collapsed="true" name="N_104649__F_104762"/>
			<feature collapsed="true" name="N_104649__F_104763"/>
			<feature collapsed="true" name="N_101764__I_101839_i_F_101837"/>
			<feature collapsed="true" name="N_102383__I_102808_i_F_102959"/>
			<feature collapsed="true" name="N_104649__F_104766"/>
			<feature collapsed="true" name="N_104649__F_104769"/>
			<feature collapsed="true" name="N_102383__I_103054_i_F_103082"/>
			<feature collapsed="true" name="N_100000__I_101645_i_F_101661"/>
			<feature collapsed="true" name="N_102383__I_103300_i_F_103472"/>
			<feature collapsed="true" name="N_100000__I_100976_i_F_101061"/>
			<feature collapsed="true" name="N_104649__F_104772"/>
			<feature collapsed="true" name="N_104649__F_104775"/>
			<feature collapsed="true" name="N_104649__F_104776"/>
			<feature collapsed="true" name="N_104649__F_104777"/>
			<feature collapsed="true" name="N_102383__I_103054_i_F_103091"/>
			<feature collapsed="true" name="N_100618__I_100793_i_F_100791"/>
			<feature collapsed="true" name="N_102383__I_103054_i_F_103094"/>
			<feature collapsed="true" name="N_102383__I_103300_i_F_103487"/>
			<feature collapsed="true" name="N_100000__I_101645_i_F_101655"/>
			<feature collapsed="true" name="N_104357__F_104459"/>
			<feature collapsed="true" name="N_100130__F_100289"/>
			<feature collapsed="true" name="N_104357__F_104456"/>
			<feature collapsed="true" name="N_104357__F_104455"/>
			<feature collapsed="true" name="N_100130__F_100286"/>
			<feature collapsed="true" name="N_104357__F_104450"/>
			<feature collapsed="true" name="N_100130__F_100282"/>
			<feature collapsed="true" name="N_100130__F_100283"/>
			<feature collapsed="true" name="N_100000__I_101645_i_F_101679"/>
			<feature collapsed="true" name="N_104357__F_104467"/>
			<feature collapsed="true" name="N_100130__F_100279"/>
			<feature collapsed="true" name="N_100000__I_101645_i_F_101670"/>
			<feature collapsed="true" name="N_104357__F_104463"/>
			<feature collapsed="true" name="N_100130__F_100275"/>
			<feature collapsed="true" name="N_104357__F_104460"/>
			<feature collapsed="true" name="N_100130__F_100271"/>
			<feature collapsed="true" name="N_100000__I_101645_i_F_101676"/>
			<feature collapsed="true" name="N_100130__F_100203_xor"/>
			<feature collapsed="true" name="N_104357__F_104479"/>
			<feature collapsed="true" name="N_100130__F_100268"/>
			<feature collapsed="true" name="N_104357__F_104477"/>
			<feature collapsed="true" name="N_104357__F_104476"/>
			<feature collapsed="true" name="N_100353__F_100354"/>
			<feature collapsed="true" name="N_100130__F_100265"/>
			<feature collapsed="true" name="N_100353__F_100358"/>
			<feature collapsed="true" name="N_100000__I_101405_i_F_101508"/>
			<feature collapsed="true" name="N_104357__F_104471"/>
			<feature collapsed="true" name="N_104357__F_104470"/>
			<feature collapsed="true" name="N_100353__F_100355"/>
			<feature collapsed="true" name="N_102383__I_102808_i_F_102998"/>
			<feature collapsed="true" name="N_100000__I_100877_i_F_100917"/>
			<feature collapsed="true" name="N_100000__I_100877_i_F_100911"/>
			<feature collapsed="true" name="N_104357__F_104489"/>
			<feature collapsed="true" name="N_104357__F_104486"/>
			<feature collapsed="true" name="N_100130__F_100253"/>
			<feature collapsed="true" name="N_100000__I_101645_i_F_101694"/>
			<feature collapsed="true" name="N_104357__F_104483"/>
			<feature collapsed="true" name="N_104357__F_104482"/>
			<feature collapsed="true" name="N_100353__F_100366"/>
			<feature collapsed="true" name="N_102383__I_103300_i_F_103418"/>
			<feature collapsed="true" name="N_102383__I_103054_i_F_103106"/>
			<feature collapsed="true" name="N_104357__F_104410"/>
			<feature collapsed="true" name="N_101764__I_101816_i_F_101814"/>
			<feature collapsed="true" name="N_102383__I_103054_i_F_103115"/>
			<feature collapsed="true" name="N_100000__F_102382"/>
			<feature collapsed="true" name="N_104357__F_104427"/>
			<feature collapsed="true" name="N_104649__F_104839"/>
			<feature collapsed="true" name="N_102383__I_103054_i_F_103124"/>
			<feature collapsed="true" name="N_100000__I_100877_i_F_100944"/>
			<feature collapsed="true" name="N_104649__F_104800"/>
			<feature collapsed="true" name="N_104649__F_104802"/>
			<feature collapsed="true" name="N_104357__F_104433"/>
			<feature collapsed="true" name="N_104649__F_104803"/>
			<feature collapsed="true" name="N_104649__F_104804"/>
			<feature collapsed="true" name="N_104649__F_104807"/>
			<feature collapsed="true" name="N_102383__I_103300_i_F_103409"/>
			<feature collapsed="true" name="N_102383__I_103054_i_F_103139"/>
			<feature collapsed="true" name="N_104649__F_104810"/>
			<feature collapsed="true" name="N_104357__F_104446"/>
			<feature collapsed="true" name="N_104649__F_104812"/>
			<feature collapsed="true" name="N_104649__F_104814"/>
			<feature collapsed="true" name="N_102383__I_103300_i_F_103400"/>
			<feature collapsed="true" name="N_104357__F_104441"/>
			<feature collapsed="true" name="N_100130__F_100297"/>
			<feature collapsed="true" name="N_100130__F_100208"/>
			<feature collapsed="true" name="N_100130__F_100200"/>
			<feature collapsed="true" name="N_100130__F_100202"/>
			<feature collapsed="true" name="N_100130__F_100203"/>
			<feature collapsed="true" name="N_104687__F_104694"/>
			<feature collapsed="true" name="N_104687__F_104691"/>
			<feature collapsed="true" name="N_104687__F_104688"/>
			<feature collapsed="true" name="N_102043__F_102259"/>
			<feature collapsed="true" name="N_102383__I_103546_i_F_103595"/>
			<feature collapsed="true" name="N_102383__I_103546_i_F_103592"/>
			<feature collapsed="true" name="N_102383__I_104038_i_F_104087"/>
			<feature collapsed="true" name="N_102383__I_104038_i_F_104084"/>
			<feature collapsed="true" name="N_104524__F_104533"/>
			<feature collapsed="true" name="N_100000__I_100976_i_F_100974"/>
			<feature collapsed="true" name="N_100000__I_100976_i_F_100977"/>
			<feature collapsed="true" name="N_104357__F_104409"/>
			<feature collapsed="true" name="N_104524__F_104525"/>
			<feature collapsed="true" name="N_104357__F_104408"/>
			<feature collapsed="true" name="N_104524__F_104529"/>
			<feature collapsed="true" name="N_104357__F_104401"/>
			<feature collapsed="true" name="N_100000__I_101525_i_F_101556_xor"/>
			<feature collapsed="true" name="N_101932__I_101967_i_F_101965"/>
			<feature collapsed="true" name="N_102043__I_102262_i_F_102260"/>
			<feature collapsed="true" name="N_102043__F_102283"/>
			<feature collapsed="true" name="N_100353__F_100370"/>
			<feature collapsed="true" name="N_100130__F_100239"/>
			<feature collapsed="true" name="N_100353__F_100380"/>
			<feature collapsed="true" name="N_100353__F_100386"/>
			<feature collapsed="true" name="N_100130__F_100226"/>
			<feature collapsed="true" name="N_100353__F_100390"/>
			<feature collapsed="true" name="N_100130__F_100229"/>
			<feature collapsed="true" name="N_100353__F_100394"/>
			<feature collapsed="true" name="N_100130__F_100225"/>
			<feature collapsed="true" name="N_100353__F_100391"/>
			<feature collapsed="true" name="N_100353__F_100397"/>
			<feature collapsed="true" name="N_100618__F_100790"/>
			<feature collapsed="true" name="N_102383__I_102808_i_F_103007"/>
			<feature collapsed="true" name="N_102383__I_104038_i_F_104039"/>
			<feature collapsed="true" name="N_102383__I_104038_i_F_104036"/>
			<feature collapsed="true" name="N_100130__F_100217"/>
			<feature collapsed="true" name="N_100130__F_100218"/>
			<feature collapsed="true" name="N_102385__F_102456_xor"/>
			<feature collapsed="true" name="N_100130__F_100212"/>
			<feature collapsed="true" name="N_104536__I_104611_i_F_104612"/>
			<feature collapsed="true" name="N_101932__F_101986"/>
			<feature collapsed="true" name="N_104536__F_104639"/>
			<feature collapsed="true" name="N_100000__I_101285_i_F_101295"/>
			<feature collapsed="true" name="N_101932__F_101987"/>
			<feature collapsed="true" name="N_102383__I_103546_i_F_103778"/>
			<feature collapsed="true" name="N_101764__F_101807"/>
			<feature collapsed="true" name="N_101764__F_101808"/>
			<feature collapsed="true" name="N_101764__F_101810"/>
			<feature collapsed="true" name="N_101764__F_101811"/>
			<feature collapsed="true" name="N_102383__I_103546_i_F_103784"/>
			<feature collapsed="true" name="N_104284__F_104290_xor"/>
			<feature collapsed="true" name="N_100618__I_100629_i_F_100627"/>
			<feature collapsed="true" name="N_100002__F_100014"/>
			<feature collapsed="true" name="N_100002__F_100013"/>
			<feature collapsed="true" name="N_100002__F_100012"/>
			<feature collapsed="true" name="N_102383__I_103546_i_F_103757"/>
			<feature collapsed="true" name="N_104649__F_104680"/>
			<feature collapsed="true" name="N_100618__F_100869"/>
			<feature collapsed="true" name="N_100002__F_100017"/>
			<feature collapsed="true" name="N_100002__F_100003"/>
			<feature collapsed="true" name="N_101764__F_101835"/>
			<feature collapsed="true" name="N_100002__F_100005"/>
			<feature collapsed="true" name="N_101764__F_101836"/>
			<feature collapsed="true" name="N_100002__F_100004"/>
			<feature collapsed="true" name="N_100000__I_101285_i_F_101286"/>
			<feature collapsed="true" name="N_100000__I_101285_i_F_101283"/>
			<feature collapsed="true" name="N_102383__I_103546_i_F_103766"/>
			<feature collapsed="true" name="N_101932__F_101990"/>
			<feature collapsed="true" name="N_101764__F_101846"/>
			<feature collapsed="true" name="N_101764__F_101856"/>
			<feature collapsed="true" name="N_101764__F_101867"/>
			<feature collapsed="true" name="N_101764__F_101866"/>
			<feature collapsed="true" name="N_104536__F_104537_or"/>
			<feature collapsed="true" name="N_100000__I_101645_i_F_101703"/>
			<feature collapsed="true" name="N_100000__F_102382_xor"/>
			<feature collapsed="true" name="N_101764__I_101870_i_F_101868"/>
			<feature collapsed="true" name="N_100618__F_100844"/>
			<feature collapsed="true" name="N_102383__I_103792_i_F_103790"/>
			<feature collapsed="true" name="N_102383__I_103792_i_F_103793"/>
			<feature collapsed="true" name="N_102383__I_103054_i_F_103142"/>
			<feature collapsed="true" name="N_102383__I_102808_i_F_102812"/>
			<feature collapsed="true" name="N_100000__I_101645_i_F_101721"/>
			<feature collapsed="true" name="N_102383__I_103300_i_F_103349"/>
			<feature collapsed="true" name="N_102383__I_103546_i_F_103703"/>
			<feature collapsed="true" name="N_102043__I_102211_i_F_102209"/>
			<feature collapsed="true" name="N_102383__I_102808_i_F_102827"/>
			<feature collapsed="true" name="N_102043__I_102088_i_F_102086"/>
			<feature collapsed="true" name="N_102383__I_103546_i_F_103706"/>
			<feature collapsed="true" name="N_100618__F_100820"/>
			<feature collapsed="true" name="N_102043__I_102088_i_F_102089"/>
			<feature collapsed="true" name="N_102383__I_102808_i_F_102821"/>
			<feature collapsed="true" name="N_102383__I_103300_i_F_103346"/>
			<feature collapsed="true" name="N_102383__I_103054_i_F_103154"/>
			<feature collapsed="true" name="N_100469__I_100542_i_F_100540"/>
			<feature collapsed="true" name="N_100000__I_101645_i_F_101748"/>
			<feature collapsed="true" name="N_102383__I_103054_i_F_103160"/>
			<feature collapsed="true" name="N_101764__I_101883_i_F_101881"/>
			<feature collapsed="true" name="N_102383__I_103054_i_F_103163"/>
			<feature collapsed="true" name="N_102385__F_102480_xor"/>
			<feature collapsed="true" name="N_100469__I_100542_i_F_100543"/>
			<feature collapsed="true" name="N_102383__I_102808_i_F_102806"/>
			<feature collapsed="true" name="N_104536__I_104626_i_F_104627"/>
			<feature collapsed="true" name="N_104536__I_104626_i_F_104624"/>
			<feature collapsed="true" name="N_102383__I_102808_i_F_102809"/>
			<feature collapsed="true" name="N_102383__I_103054_i_F_103178"/>
			<feature collapsed="true" name="N_101932__F_101946"/>
			<feature collapsed="true" name="N_102383__I_102808_i_F_102860"/>
			<feature collapsed="true" name="N_101932__F_101947"/>
			<feature collapsed="true" name="N_102383__I_103546_i_F_103736"/>
			<feature collapsed="true" name="N_102383__I_103546_i_F_103733"/>
			<feature collapsed="true" name="N_104649__F_104660"/>
			<feature collapsed="true" name="N_104649__F_104665"/>
			<feature collapsed="true" name="N_104649__F_104668"/>
			<feature collapsed="true" name="N_101932__F_101934"/>
			<feature collapsed="true" name="N_101932__F_101933"/>
			<feature collapsed="true" name="N_104649__F_104673"/>
			<feature collapsed="true" name="N_100000__I_101285_i_F_101316_xor"/>
			<feature collapsed="true" name="N_104357__F_104389"/>
			<feature collapsed="true" name="N_102383__I_103546_i_F_103748"/>
			<feature collapsed="true" name="N_102383__I_103054_i_F_103193"/>
			<feature collapsed="true" name="N_102383__I_103300_i_F_103388"/>
			<feature collapsed="true" name="N_104357__F_104386"/>
			<feature collapsed="true" name="N_104357__F_104384"/>
			<feature collapsed="true" name="N_102383__I_102808_i_F_102869"/>
			<feature collapsed="true" name="N_102383__I_103300_i_F_103385"/>
			<feature collapsed="true" name="N_104357__F_104383"/>
			<feature collapsed="true" name="N_100000__I_101075_i_F_101076"/>
			<feature collapsed="true" name="N_100000__I_101075_i_F_101073"/>
			<feature collapsed="true" name="N_101932__F_101964"/>
			<feature collapsed="true" name="N_102383__I_103546_i_F_103718"/>
			<feature collapsed="true" name="N_104357__F_104398"/>
			<feature collapsed="true" name="N_100130__F_100212_xor"/>
			<feature collapsed="true" name="N_104357__F_104397"/>
			<feature collapsed="true" name="N_102383__I_102808_i_F_102836"/>
			<feature collapsed="true" name="N_104357__F_104392"/>
			<feature collapsed="true" name="N_101932__F_101952"/>
			<feature collapsed="true" name="N_101932__F_101954"/>
			<feature collapsed="true" name="N_104649__F_104650"/>
			<feature collapsed="true" name="N_104649__F_104651"/>
			<feature collapsed="true" name="N_104649__F_104656"/>
			<feature collapsed="true" name="N_102383__I_102808_i_F_102848"/>
			<feature collapsed="true" name="N_104649__F_104657"/>
			<feature collapsed="true" name="N_102383__I_102808_i_F_102845"/>
			<feature collapsed="true" name="N_102383__I_103300_i_F_103364"/>
			<feature collapsed="true" name="N_100002__F_100029_or"/>
			<feature collapsed="true" name="N_100000__I_101525_i_F_101541"/>
			<feature collapsed="true" name="N_102383__I_102808_i_F_102896"/>
			<feature collapsed="true" name="N_100002__F_100014_xor"/>
			<feature collapsed="true" name="N_100462__F_100463"/>
			<feature collapsed="true" name="N_104536__I_104596_i_F_104597"/>
			<feature collapsed="true" name="N_104536__I_104596_i_F_104594"/>
			<feature collapsed="true" name="N_100000__I_101525_i_F_101556"/>
			<feature collapsed="true" name="N_100000__I_101525_i_F_101550"/>
			<feature collapsed="true" name="N_100000__I_101525_i_F_101559"/>
			<feature collapsed="true" name="N_104284__F_104286"/>
			<feature collapsed="true" name="N_104284__F_104285"/>
			<feature collapsed="true" name="N_104284__F_104289"/>
			<feature collapsed="true" name="N_102383__I_103054_i_F_103205"/>
			<feature collapsed="true" name="N_100000__I_101525_i_F_101523"/>
			<feature collapsed="true" name="N_104357__F_104359"/>
			<feature collapsed="true" name="N_104284__F_104290"/>
			<feature collapsed="true" name="N_104357__F_104358"/>
			<feature collapsed="true" name="N_104284__F_104294"/>
			<feature collapsed="true" name="N_104284__F_104292"/>
			<feature collapsed="true" name="N_104284__F_104291"/>
			<feature collapsed="true" name="N_104284__F_104298"/>
			<feature collapsed="true" name="N_100000__I_101525_i_F_101526"/>
			<feature collapsed="true" name="N_104284__F_104297"/>
			<feature collapsed="true" name="N_102383__I_102808_i_F_102878"/>
			<feature collapsed="true" name="N_100000__F_102042"/>
			<feature collapsed="true" name="N_104284__F_104299"/>
			<feature collapsed="true" name="N_102383__I_102808_i_F_102893"/>
			<feature collapsed="true" name="N_100000__I_101525_i_F_101535"/>
			<feature collapsed="true" name="N_100000__I_101525_i_F_101583"/>
			<feature collapsed="true" name="N_102383__I_103054_i_F_103220"/>
			<feature collapsed="true" name="N_100618__I_100677_i_F_100675"/>
			<feature collapsed="true" name="N_102383__F_102501"/>
			<feature collapsed="true" name="N_104536__I_104581_i_F_104582"/>
			<feature collapsed="true" name="N_102383__I_103300_i_F_103301"/>
			<feature collapsed="true" name="N_102383__I_103054_i_F_103232"/>
			<feature collapsed="true" name="N_100002__I_100069_i_F_100067"/>
			<feature collapsed="true" name="N_102383__I_103054_i_F_103244"/>
			<feature collapsed="true" name="N_100000__I_101525_i_F_101574"/>
			<feature collapsed="true" name="N_102043__I_102076_i_F_102077"/>
			<feature collapsed="true" name="N_102383__I_103054_i_F_103253"/>
			<feature collapsed="true" name="N_102043__I_102076_i_F_102074"/>
			<feature collapsed="true" name="N_100002__I_100051_i_F_100049"/>
			<feature collapsed="true" name="N_100002__F_100079"/>
			<feature collapsed="true" name="N_100469__F_100470"/>
			<feature collapsed="true" name="N_100002__F_100073"/>
			<feature collapsed="true" name="N_101764__F_101880"/>
			<feature collapsed="true" name="N_100000__F_104648"/>
			<feature collapsed="true" name="N_101764__F_101893"/>
			<feature collapsed="true" name="N_100002__F_100095"/>
			<feature collapsed="true" name="N_100002__I_100063_i_F_100061"/>
			<feature collapsed="true" name="N_104536__I_104581_i_F_104579"/>
			<feature collapsed="true" name="N_100002__F_100087"/>
			<feature collapsed="true" name="N_100002__F_100080"/>
			<feature collapsed="true" name="N_100002__I_100057_i_F_100055"/>
			<feature collapsed="true" name="N_100002__F_100036"/>
			<feature collapsed="true" name="N_100002__F_100034"/>
			<feature collapsed="true" name="N_100002__F_100030"/>
			<feature collapsed="true" name="N_100002__F_100025"/>
			<feature collapsed="true" name="N_100002__F_100020"/>
			<feature collapsed="true" name="N_102043__I_102336_i_F_102334"/>
			<feature collapsed="true" name="N_104642__F_104644"/>
			<feature collapsed="true" name="N_104642__F_104643"/>
			<feature collapsed="true" name="N_100002__F_100029"/>
			<feature collapsed="true" name="N_102043__F_102194"/>
			<feature collapsed="true" name="N_100300__F_100346_or"/>
			<feature collapsed="true" name="N_100000__I_101174_i_F_101175"/>
			<feature collapsed="true" name="N_100000__I_101174_i_F_101172"/>
			<feature collapsed="true" name="N_102383__I_103792_i_F_103838"/>
			<feature collapsed="true" name="N_102383__I_102642_i_F_102757"/>
			<feature collapsed="true" name="N_100618__I_100847_i_F_100845"/>
			<feature collapsed="true" name="N_102383__I_103300_i_F_103298"/>
			<feature collapsed="true" name="N_100000__I_101405_i_F_101436_xor"/>
			<feature collapsed="true" name="N_100000__I_101075_i_F_101142"/>
			<feature collapsed="true" name="N_102383__I_102642_i_F_102769"/>
			<feature collapsed="true" name="N_102383__I_103792_i_F_103841"/>
			<feature collapsed="true" name="N_102004__F_102019"/>
			<feature collapsed="true" name="N_102004__F_102010"/>
			<feature collapsed="true" name="N_102004__F_102014"/>
			<feature collapsed="true" name="N_102004__F_102013"/>
			<feature collapsed="true" name="N_102004__F_102011"/>
			<feature collapsed="true" name="N_102004__F_102018"/>
			<feature collapsed="true" name="N_102383__I_102504_i_F_102631"/>
			<feature collapsed="true" name="N_102004__F_102016"/>
			<feature collapsed="true" name="N_100000__I_101075_i_F_101160"/>
			<feature collapsed="true" name="N_100618__I_100762_i_F_100760"/>
			<feature collapsed="true" name="N_102043__I_102053_i_F_102051"/>
			<feature collapsed="true" name="N_102004__F_102006"/>
			<feature collapsed="true" name="N_102004__F_102005"/>
			<feature collapsed="true" name="N_102383__I_102504_i_F_102619"/>
			<feature collapsed="true" name="N_102383__I_102504_i_F_102610"/>
			<feature collapsed="true" name="N_100000__I_101285_i_F_101388"/>
			<feature collapsed="true" name="N_102004__F_102021"/>
			<feature collapsed="true" name="N_100000__I_101075_i_F_101109"/>
			<feature collapsed="true" name="N_102004__F_102023"/>
			<feature collapsed="true" name="N_102043__I_102100_i_F_102098"/>
			<feature collapsed="true" name="N_100000__I_101075_i_F_101115"/>
			<feature collapsed="true" name="N_100000__F_100873"/>
			<feature collapsed="true" name="N_100000__F_100874"/>
			<feature collapsed="true" name="N_102043__I_102148_i_F_102149"/>
			<feature collapsed="true" name="N_102043__I_102148_i_F_102146"/>
			<feature collapsed="true" name="N_100000__I_101285_i_F_101361"/>
			<feature collapsed="true" name="N_102383__I_102642_i_F_102748"/>
			<feature collapsed="true" name="N_102043__I_102124_i_F_102125"/>
			<feature collapsed="true" name="N_102043__I_102124_i_F_102122"/>
			<feature collapsed="true" name="N_100469__I_100506_i_F_100504"/>
			<feature collapsed="true" name="N_101932__I_101993_i_F_101991"/>
			<feature collapsed="true" name="N_100469__I_100506_i_F_100507"/>
			<feature collapsed="true" name="N_102383__I_103792_i_F_103892"/>
			<feature collapsed="true" name="N_102383__I_103054_i_F_103091_xor"/>
			<feature collapsed="true" name="N_102383__I_103792_i_F_103877"/>
			<feature collapsed="true" name="N_100469__I_100530_i_F_100531"/>
			<feature collapsed="true" name="N_102383__I_103792_i_F_103880"/>
			<feature collapsed="true" name="N_101764__I_101896_i_F_101894"/>
			<feature collapsed="true" name="N_104357__F_104496_xor"/>
			<feature collapsed="true" name="N_100469__I_100530_i_F_100528"/>
			<feature collapsed="true" name="N_102383__I_103792_i_F_103856"/>
			<feature collapsed="true" name="N_102043__I_102172_i_F_102170"/>
			<feature collapsed="true" name="N_102043__I_102172_i_F_102173"/>
			<feature collapsed="true" name="N_102385__F_102387"/>
			<feature collapsed="true" name="N_102385__F_102386"/>
			<feature collapsed="true" name="N_102383__I_104038_i_F_104228"/>
			<feature collapsed="true" name="N_102383__I_104038_i_F_104225"/>
			<feature collapsed="true" name="N_100000__I_101174_i_F_101241"/>
			<feature collapsed="true" name="N_102043__I_102100_i_F_102101"/>
			<feature collapsed="true" name="N_102383__I_104038_i_F_104210"/>
			<feature collapsed="true" name="N_102383__I_104038_i_F_104249"/>
			<feature collapsed="true" name="N_102383__I_104038_i_F_104240"/>
			<feature collapsed="true" name="N_100469__I_100554_i_F_100552"/>
			<feature collapsed="true" name="N_100000__F_104356"/>
			<feature collapsed="true" name="N_100000__I_101174_i_F_101259"/>
			<feature collapsed="true" name="N_101906__F_101912"/>
			<feature collapsed="true" name="N_100000__I_101174_i_F_101208"/>
			<feature collapsed="true" name="N_100618__I_100713_i_F_100711"/>
			<feature collapsed="true" name="N_102043__I_102112_i_F_102110"/>
			<feature collapsed="true" name="N_102043__I_102160_i_F_102158"/>
			<feature collapsed="true" name="N_102043__I_102112_i_F_102113"/>
			<feature collapsed="true" name="N_101906__F_101907"/>
			<feature collapsed="true" name="N_102385__F_102419"/>
			<feature collapsed="true" name="N_101906__F_101908"/>
			<feature collapsed="true" name="N_102385__F_102406"/>
			<feature collapsed="true" name="N_102385__F_102405"/>
			<feature collapsed="true" name="N_102383__I_102808_i_F_102806_xor"/>
			<feature collapsed="true" name="N_102043__I_102160_i_F_102161"/>
			<feature collapsed="true" name="N_100469__I_100554_i_F_100555"/>
			<feature collapsed="true" name="N_102385__F_102438"/>
			<feature collapsed="true" name="N_102385__F_102433"/>
			<feature collapsed="true" name="N_101906__F_101924"/>
			<feature collapsed="true" name="N_101906__F_101927"/>
			<feature collapsed="true" name="N_101906__F_101929"/>
			<feature collapsed="true" name="N_100000__F_101273"/>
			<feature collapsed="true" name="N_100000__F_101274"/>
			<feature collapsed="true" name="N_102385__F_102424"/>
			<feature collapsed="true" name="N_102385__F_102425"/>
			<feature collapsed="true" name="N_101906__F_101923"/>
			<feature collapsed="true" name="N_101906__F_101922"/>
			<feature collapsed="true" name="N_102385__F_102423"/>
			<feature collapsed="true" name="N_100000__I_101174_i_F_101214"/>
			<feature collapsed="true" name="N_101906__F_101915"/>
			<feature collapsed="true" name="N_101906__F_101919"/>
			<feature collapsed="true" name="N_100000__I_101285_i_F_101334"/>
			<feature collapsed="true" name="N_101764__F_101765"/>
			<feature collapsed="true" name="N_101764__F_101766"/>
			<feature collapsed="true" name="N_104284__F_104304"/>
			<feature collapsed="true" name="N_104284__F_104303"/>
			<feature collapsed="true" name="N_104284__F_104308"/>
			<feature collapsed="true" name="N_100000__I_101645_i_F_101676_xor"/>
			<feature collapsed="true" name="N_104284__F_104312"/>
			<feature collapsed="true" name="N_104284__F_104311"/>
			<feature collapsed="true" name="N_104284__F_104317"/>
			<feature collapsed="true" name="N_104284__F_104316"/>
			<feature collapsed="true" name="N_100000__I_101285_i_F_101343"/>
			<feature collapsed="true" name="N_104284__F_104315"/>
			<feature collapsed="true" name="N_101764__I_101849_i_F_101847"/>
			<feature collapsed="true" name="N_104284__F_104322"/>
			<feature collapsed="true" name="N_104284__F_104321"/>
			<feature collapsed="true" name="N_100000__I_101285_i_F_101310"/>
			<feature collapsed="true" name="N_104284__F_104326"/>
			<feature collapsed="true" name="N_100000__I_101285_i_F_101319"/>
			<feature collapsed="true" name="N_101764__F_101783"/>
			<feature collapsed="true" name="N_101764__F_101784"/>
			<feature collapsed="true" name="N_101764__F_101785"/>
			<feature collapsed="true" name="N_100000__I_101285_i_F_101316"/>
			<feature collapsed="true" name="N_104284__F_104330"/>
			<feature collapsed="true" name="N_101764__F_101798"/>
			<feature collapsed="true" name="N_101764__F_101799"/>
			<feature collapsed="true" name="N_100469__I_100518_i_F_100519"/>
			<feature collapsed="true" name="N_101764__F_101793"/>
			<feature collapsed="true" name="N_101764__F_101794"/>
			<feature collapsed="true" name="N_101764__F_101795"/>
			<feature collapsed="true" name="N_102043__F_102050"/>
			<feature collapsed="true" name="N_102043__F_102045"/>
			<feature collapsed="true" name="N_100469__I_100518_i_F_100516"/>
			<feature collapsed="true" name="N_102383__I_103054_i_F_103052_xor"/>
			<feature collapsed="true" name="N_102043__F_102044"/>
			<feature collapsed="true" name="N_100000__I_101525_i_F_101628"/>
			<feature collapsed="true" name="N_100000__I_101285_i_F_101301"/>
			<feature collapsed="true" name="N_102383__I_104038_i_F_104258"/>
			<feature collapsed="true" name="N_102383__I_102504_i_F_102568"/>
			<feature collapsed="true" name="N_100469__I_100566_i_F_100564"/>
			<feature collapsed="true" name="N_100000__I_101525_i_F_101601"/>
			<feature collapsed="true" name="N_102383__I_104038_i_F_104276"/>
			<feature collapsed="true" name="N_102383__I_104038_i_F_104270"/>
			<feature collapsed="true" name="N_100469__I_100566_i_F_100567"/>
		</struct>
		<constraints/>
	</layout>
