<?xml version="1.0" encoding="UTF-8" standalone="no"?>
	<featureModel>
		<properties/>
		<struct>
			<and mandatory="true" name="N_2085033141__F_C53EADCFF030">
				<description>
					
				</description>
				<feature name="I_570790106__F_803DE74C7964">
					<description>
						
					</description>
				</feature>
				<feature name="F_7892F5195797">
					<description>
						
					</description>
				</feature>
				<feature name="F_125B566D5B71">
					<description>
						
					</description>
				</feature>
			</and>
		</struct>
		<constraints/>
		<calculations Auto="true" Constraints="true" Features="true" Redundant="true" Tautology="true"/>
		<comments/>
		<featureOrder userDefined="false"/>
	</featureModel>
