<?xml version="1.0" encoding="UTF-8" standalone="no"?>
	<featureModel>
		<properties/>
		<struct>
			<and mandatory="true" name="F_7361F0992277">
				<description>
					Lorem ip
				</description>
				<alt mandatory="true" name="F_78D5543A8DDB">
					<description>
						Lorem ipsum dolor sit amet, consetetur sadipscing elitr, sed diam nonumy eirmod tempor invidunt ut labore et dolore magna aliquyam erat, sed diam voluptua. At vero eos et accusam et justo duo dolores et ea rebum. Stet clita kasd gubergren, no sea takimata sanctus est Lorem ipsum dolor sit amet. Lorem ipsum dolor sit amet, consetetur
					</description>
					<feature mandatory="true" name="F_0C34D3F3C2CC">
						<description>
							Lorem ipsum dolor sit amet, consetetur sadipscing elitr, sed diam nonumy eirmod tempor invidunt ut labore et dolore magna aliquyam erat,
						</description>
					</feature>
					<feature mandatory="true" name="F_49A796A2F45F">
						<description>
							Lorem ipsum dolor sit amet, consetetur sadipscing elitr, sed diam nonumy eirmod tempor invidunt ut labore et dolore magna aliquy
						</description>
					</feature>
					<feature mandatory="true" name="F_FEF2CCAB52A2">
						<description>
							Lorem ipsum dolor sit amet, consetetur sa
						</description>
					</feature>
				</alt>
				<feature name="F_261CBECF7A9F">
					<description>
						Lorem ipsum dolor sit amet, consetetur sadipscing elitr, sed diam nonumy eirmod tempor invidunt ut labore et dolore magna aliquyam erat, sed diam voluptua. At vero eos et accusam et justo duo dolores et ea rebum. Stet clita kasd gubergren, no sea takimata sanctus est Lorem ipsum dolor sit amet. Lorem ipsum dolor sit amet, consetetur sadipscing elitr, sed diam nonumy eirmod tempor invidunt ut labore et dolore magna aliquyam erat, sed diam voluptua. At vero eos et accusam et justo duo dolores et ea rebum. Stet clita kasd gubergren, no sea takimata sanctus est Lorem ipsum dolor sit amet. Lorem ipsum dolor sit amet, consetetur sadipscing elitr, sed diam nonumy eirmod tempor invidunt ut labore et dolore magna aliquyam erat, sed diam voluptua. At vero eos et accusam
					</description>
				</feature>
				<alt mandatory="true" name="F_9AC104A6EB9D">
					<description>
						Lorem ipsum dolor sit amet, consetetur sadipscing elitr, sed diam nonumy eirmod tempor invidunt ut labore et dolore magna aliquyam erat, sed diam voluptua. At vero eos et accusam et justo duo dolores et ea rebum. Stet clita kasd gubergren, no sea takimata
					</description>
					<feature mandatory="true" name="F_C4ABD5D56759">
						<description>
							
						</description>
					</feature>
					<feature mandatory="true" name="F_BD76E82A02E5">
						<description>
							
						</description>
					</feature>
				</alt>
				<alt mandatory="true" name="F_FE9277DF24EF">
					<description>
						Lorem ipsum dolor sit amet, consetetur sadipscing elitr, sed diam nonumy eirmod tempor invidunt ut labore et dolore magna aliquyam erat, sed diam voluptua. At vero eos et accusam et justo duo dolores et ea rebum. Stet clita kasd gubergren, no sea takimata sanctus est Lorem ipsum dolor sit amet. Lorem ipsum dolor sit amet, consetetur sadipscing elitr, sed diam nonumy eirmod tempor invidunt ut labore et dolore magna aliquyam erat, sed diam voluptua. At vero
					</description>
					<feature mandatory="true" name="F_59172BB6320B">
						<description>
							Lorem ipsum dolor sit amet, consetetur sadipscing elitr, sed diam nonumy eirmod temp
						</description>
					</feature>
					<feature mandatory="true" name="F_73A64AF7432D">
						<description>
							Lorem ipsum dolor sit amet, consetetur
						</description>
					</feature>
					<feature mandatory="true" name="F_D1A536FDA1DC">
						<description>
							Lorem ipsum dolor sit amet, consetetur s
						</description>
					</feature>
				</alt>
				<feature mandatory="true" name="F_1C5A43B4A1D0">
					<description>
						Lorem ipsum dolor sit amet, consetetur sadipscing elitr, sed diam nonumy eirmod tempor invidunt ut labore et dolore magna aliquyam erat, sed diam voluptua. At vero eos et accusam et justo duo dolores et ea rebum. Stet clita kasd gubergren, no sea takimata sanctus est Lorem ipsum dolor sit amet. Lorem ipsum dolor sit amet, consetetur sadipscing elitr, sed diam nonumy eirmod tempor invidunt ut labore et dolore magna aliquyam erat, sed diam voluptua. At vero eos et accusam et justo duo dolores et ea rebum. S
					</description>
				</feature>
				<alt mandatory="true" name="F_40BD6EC47A50">
					<description>
						Lorem ipsum dolor sit amet, consetetur sad
					</description>
					<feature mandatory="true" name="F_3D594FB43391">
						<description>
							
						</description>
					</feature>
					<feature mandatory="true" name="F_DD9855C6C589">
						<description>
							
						</description>
					</feature>
				</alt>
				<alt mandatory="true" name="F_637C03611A97">
					<description>
						Lorem ipsum dolor sit amet, consetetur sadipscing elitr, sed diam nonumy eirmod tempor invidunt ut labore et dolore magna aliquyam erat, sed diam voluptua. At vero eos et accusam et justo duo dolores et ea rebum. Stet clita kasd gubergren, no sea takimata sanctus est Lorem ipsum dolor sit amet. Lorem ipsum dolor sit amet, consetetur sadipscing elitr, sed diam nonumy eirmod tempor invidunt ut labore et dolore magna aliquyam erat, sed diam voluptua. At vero eos et accusam et justo duo dolores et ea rebum. Stet clita kasd gubergren, no sea takimata sanctus est Lorem ipsum dolor sit amet. Lorem ipsum dolor sit amet, consetetur sadipscing elitr, sed diam nonumy eirmod tempor invidunt ut labore et dolore magna aliquyam erat, sed diam voluptua. At vero eos et accusam et justo duo dolores et ea rebum.
					</description>
					<feature mandatory="true" name="F_E92324FC41A7">
						<description>
							
						</description>
					</feature>
					<feature mandatory="true" name="F_67523D112E07">
						<description>
							
						</description>
					</feature>
					<feature mandatory="true" name="F_F0312DE590F1">
						<description>
							
						</description>
					</feature>
					<feature mandatory="true" name="F_180C53618B51">
						<description>
							
						</description>
					</feature>
					<feature mandatory="true" name="F_5FE4DF73761E">
						<description>
							
						</description>
					</feature>
					<feature mandatory="true" name="F_E0EAED5470CA">
						<description>
							
						</description>
					</feature>
					<feature mandatory="true" name="F_7C68AE7AF1F8">
						<description>
							
						</description>
					</feature>
				</alt>
				<feature name="F_56FE3CC1C062">
					<description>
						Lorem ipsum dolor sit amet, consetetur sadipscing elitr, sed diam nonumy eirmod tempor invidunt ut labore et dolore magna aliquyam erat, sed diam voluptua. At vero eos et accusam et justo duo dolores et ea rebum. Stet clita kasd gubergren, no sea takimata sanctus est Lorem ipsum dolor sit amet. Lorem ipsum dolor sit amet, consetetur sadipscing elitr, sed diam nonumy eirmod tempor invidunt ut labore et dolore magna aliquyam erat, sed diam voluptua. At vero eos et accusam et justo duo dolores et ea rebum. Stet clita kasd gubergren, no sea ta
					</description>
				</feature>
				<feature name="F_317989D91776">
					<description>
						Lorem ipsum dolor sit amet, consetetur sadipscing elitr, sed diam nonumy eirmod tempor invidunt ut labore et dolore magna aliquyam erat, sed diam voluptua. At vero eos et accusam et justo duo dolores et ea rebum. Stet clita kasd gubergren, no sea takimata sanctus est Lorem ipsum dolor sit amet. Lorem ipsum dolor sit amet, consetetur sadipscing elitr, sed diam nonumy eirmod tempor invidunt ut labore et dolore magna aliquyam erat, sed diam volu
					</description>
				</feature>
				<feature name="F_E8B07178BA78">
					<description>
						Lorem ipsum dolor sit amet, consetetur sadipscing elitr, sed diam nonumy eirmod tempor invidunt ut labore et dolore magna aliquyam erat, sed diam voluptua. At vero eos et accusam et justo duo dolores et ea rebum. Stet clita kasd gubergren, no sea takimata sanctus est Lorem ipsum dolor sit
					</description>
				</feature>
				<or mandatory="true" name="F_547A3516A9BE">
					<description>
						Lorem ipsum dolor sit amet, consetetur sadipscing elitr, sed diam nonumy eirmod tempor invidunt ut labore et dolore magna aliquyam erat, sed diam voluptua. At vero eos et accusam et justo duo dolores et ea rebum. Stet clita kasd gubergren, no sea takimata sanctus est Lorem ipsum dolor sit amet. Lorem ipsum dolor sit amet, consetetur sadipscing elitr, sed diam nonumy eirmod tempor invidunt ut labore et dolore magna aliquyam erat, sed diam voluptua. At vero eos et accusam et justo duo dolores et ea rebum. Stet clita kasd gubergren, no sea takimata sanctus est Lorem ipsum dolor sit amet. Lorem ipsum dolor sit amet, consetetur sadipscing elitr, sed diam nonumy eirmod tempor invidunt ut labore et dolore magna aliquyam erat, sed diam voluptua. At vero eos et accusam et justo duo dolores et ea rebum.
					</description>
					<feature mandatory="true" name="F_1619865B4DE8">
						<description>
							
						</description>
					</feature>
					<feature mandatory="true" name="F_0F2DB257C1B2">
						<description>
							
						</description>
					</feature>
					<feature mandatory="true" name="F_6CC99E18A4D5">
						<description>
							
						</description>
					</feature>
					<feature mandatory="true" name="F_D465EF262716">
						<description>
							
						</description>
					</feature>
					<feature mandatory="true" name="F_6325D0AE794C">
						<description>
							
						</description>
					</feature>
					<feature mandatory="true" name="F_5C843B092A37">
						<description>
							
						</description>
					</feature>
				</or>
				<alt mandatory="true" name="F_E47A116D49FC">
					<description>
						Lorem ipsum dolor sit amet, consetetur sadipscing elitr, sed diam nonumy eirmod tempor invidunt ut labore et dolore magna aliquyam erat, sed diam voluptua. At vero eos et accusam et justo duo dolores et ea rebum. Stet clita kasd gubergren, no sea takimata sanctus est Lorem ipsum dolor sit amet. Lorem ipsum dolor sit amet, consetetur sadipscing elitr, sed diam nonumy eirmod tempor invidunt ut labore et dolore magna aliquyam erat,
					</description>
					<feature mandatory="true" name="F_11AE5D134346">
						<description>
							Lorem ipsum dolor sit amet, conset
						</description>
					</feature>
					<feature mandatory="true" name="F_B5A4123BF4CC">
						<description>
							Lorem ipsum dolor sit amet, consetetur sa
						</description>
					</feature>
					<feature mandatory="true" name="F_9EA8345D3919">
						<description>
							Lorem ipsum dolor sit amet, consetetur sadipscing elitr,
						</description>
					</feature>
					<feature mandatory="true" name="F_D4F7379F25DB">
						<description>
							Lorem ipsum dolor sit amet, consetetur sadipscing elitr,
						</description>
					</feature>
					<feature mandatory="true" name="F_44ECB5D73CBB">
						<description>
							Lorem ipsum dolor sit a
						</description>
					</feature>
				</alt>
				<alt mandatory="true" name="F_0CAE3F0420AA">
					<description>
						Lorem ipsum dolor sit amet, consetetur sadipscing elitr, sed diam nonumy eirmod tempor invidunt ut labore et dolore magna aliquyam erat, sed diam voluptua. At vero eos et accusam et justo duo dolores et ea rebum. Stet clita kasd gubergren, no sea takimata sanctus est Lorem ipsum dolor sit
					</description>
					<feature mandatory="true" name="F_FB2FFF895DDA">
						<description>
							
						</description>
					</feature>
					<feature mandatory="true" name="F_EAD10F452F45">
						<description>
							
						</description>
					</feature>
				</alt>
				<feature name="F_F9E5279CB927">
					<description>
						Lorem ipsum dolor sit amet, consetetur sadipscing elitr, sed diam nonumy
					</description>
				</feature>
				<feature name="F_95C36BC37A65">
					<description>
						Lorem ipsum dolor sit amet, consetetur sadipscing elitr, sed diam nonumy eirmod tempor invidunt ut labore et dolore magna aliquyam erat, sed diam voluptua. At vero e
					</description>
				</feature>
				<alt mandatory="true" name="F_EA528411D796">
					<description>
						Lorem ipsum dolor sit amet, consetetur sadipscing elitr, sed diam nonumy eirmod tempor invidunt ut labore et dolore magna aliquyam erat, sed diam voluptua. At vero eos et accusam et justo duo dolores et ea rebum. Stet clita kasd gubergren, no sea takimata sanctus est Lorem ipsum dolor sit amet. Lorem ipsum dolor sit amet, consetetur sadipscing elitr, sed diam nonumy eirmod tempor invidunt ut labore et dolore magna aliquyam erat, sed diam voluptua. At vero eos et accusam et justo duo dolores et ea rebum. Stet clita kasd gubergren, no sea takimata sanctus est Lorem ipsum dolor sit amet. Lorem ipsum dolor sit amet, consetetur sadipscing elitr, sed diam nonumy eirmod tempor invidunt ut labore et dolore magna aliquyam erat, sed diam voluptua. At vero eos et accusam et justo duo dolores et ea rebum.
					</description>
					<feature mandatory="true" name="F_D2AF06615492">
						<description>
							
						</description>
					</feature>
					<feature mandatory="true" name="F_63F4D297FBD8">
						<description>
							
						</description>
					</feature>
				</alt>
				<feature name="F_1D887EDD3ED9">
					<description>
						Lorem ipsum dolor sit amet, consetetur sadipscing elitr, sed diam nonumy eirmod tempor invidunt ut labore et dolore magna aliquyam erat, sed diam voluptua. At vero eos et accusam et justo duo dolores et ea rebum. Stet clita kasd gu
					</description>
				</feature>
				<feature name="F_6ECB361711E9">
					<description>
						Lorem ipsum dolor sit amet, consetetur sadipscing elitr, sed diam nonumy eirmod tempor invidunt ut labore et dolore magna aliquyam erat, sed diam voluptua. At vero eos et accusam et justo duo dolores et ea rebum. Stet clita kasd gubergren, no sea takimata sanctus est Lorem ipsum d
					</description>
				</feature>
				<feature name="F_CF2C78670F66">
					<description>
						Lorem ipsum dolor sit amet, consetetur sadipscing elitr, sed diam nonumy eirmod tempor invidunt ut labore et dolore magna aliquyam erat, sed diam voluptua. At vero eos et accusam et justo duo dolores et ea rebum. Stet clita kasd gubergren, no sea takimata sanctus est Lorem ipsum dolor sit amet. Lorem ipsum dolor sit amet, consetetur sadipscing elitr, sed diam nonumy eirmod tempor invidunt ut labore et dolore magna aliquyam erat, sed diam voluptua. At vero eos et accusam et justo duo dolores et ea rebum. Stet clita kasd gubergren, no sea takimata sanctus est Lorem
					</description>
				</feature>
				<alt mandatory="true" name="F_27D54F1BF355">
					<description>
						Lorem ipsum dolor sit amet, consetetur sadipscing elitr, sed diam nonumy eirmod tempor invidunt ut labore et dolore magna aliquyam erat, sed diam voluptua. At vero eos et accusam et justo duo dolores et ea rebum. Stet clita kasd gubergren, no sea takimata sanctus est Lorem ipsum dolor sit amet. Lorem ipsum dolor sit amet, consetetur sadipscing elitr, sed diam nonumy eirmod tempor invidunt ut labore et dolore magna aliquyam erat, sed diam voluptua. At vero eos et accusam et justo duo dolores et ea rebum. Stet clita kasd gubergren, no sea takimata sanctus est Lorem ipsum dolor sit amet. Lorem ipsum dolor sit amet, consetetur sadipscing elitr, sed
					</description>
					<feature mandatory="true" name="F_D2009D71BBE4">
						<description>
							
						</description>
					</feature>
					<feature mandatory="true" name="F_F4CBAE16FF82">
						<description>
							
						</description>
					</feature>
				</alt>
				<alt mandatory="true" name="F_A12B5910DDE7">
					<description>
						Lorem ipsum dolor sit amet, consetetur sadipscing elitr, sed diam nonumy eirmod tempor invidunt ut labore et dolore magna aliquyam erat, sed diam voluptua. At vero eos et accusam et justo duo dolores et ea rebum. Stet clita kasd gubergren, no sea takimata sanctus est
					</description>
					<feature mandatory="true" name="F_5F00F74B8037">
						<description>
							
						</description>
					</feature>
					<feature mandatory="true" name="F_8C06120FC284">
						<description>
							
						</description>
					</feature>
				</alt>
				<alt mandatory="true" name="F_9FA7504EE04B">
					<description>
						Lorem ipsum dolor sit amet, consetetur sadipscing elitr, sed diam nonumy eirmod tempor invidunt ut labore et dolore magna aliquyam erat, sed diam voluptua. At vero eos et accusam et justo duo dolores et ea rebum. Stet clita kasd gubergren, no sea takimata sanctus est Lorem ipsum dolor sit amet. Lorem ipsum dolor sit amet, consetetur sadipscing elitr, sed d
					</description>
					<feature mandatory="true" name="F_1D4950E696E4">
						<description>
							Lorem ipsum dolor sit am
						</description>
					</feature>
					<feature mandatory="true" name="F_E418B155C414">
						<description>
							Lorem ipsum dolor sit amet,
						</description>
					</feature>
					<feature mandatory="true" name="F_CDDCD3F21F84">
						<description>
							Lorem ipsum dolor sit
						</description>
					</feature>
					<feature mandatory="true" name="F_6F36792C0371">
						<description>
							Lorem ipsum dolor si
						</description>
					</feature>
					<feature mandatory="true" name="F_E98AA653F540">
						<description>
							Lorem ipsum dolor sit amet,
						</description>
					</feature>
					<feature mandatory="true" name="F_B9BF3C5816E4">
						<description>
							Lorem ipsum dolor sit amet, co
						</description>
					</feature>
					<feature mandatory="true" name="F_9CE58739AF69">
						<description>
							Lorem ipsum dolor sit amet,
						</description>
					</feature>
				</alt>
				<alt mandatory="true" name="F_71134CB78A87">
					<description>
						Lorem ipsum dolor sit amet, consetetur sadipscing elitr, sed diam nonumy eirmod tempor invidunt ut labore et dolore magna aliquyam erat, sed diam voluptua. At vero eos et accusam et
					</description>
					<feature mandatory="true" name="F_56F88585F3C7">
						<description>
							
						</description>
					</feature>
					<feature mandatory="true" name="F_8C367D71CE76">
						<description>
							
						</description>
					</feature>
				</alt>
				<alt mandatory="true" name="F_299CEC0914FE">
					<description>
						Lorem ipsum dolor sit amet, consetetur sadipscing elitr, sed diam nonumy eirmod tempor invidunt ut labore et dolore magna aliquyam erat, sed diam voluptua. At vero eos et accusam et justo duo dolores et ea rebum. Stet clita kasd g
					</description>
					<feature mandatory="true" name="F_BB0FDDF31668">
						<description>
							
						</description>
					</feature>
					<feature mandatory="true" name="F_E3C602E7A3FB">
						<description>
							
						</description>
					</feature>
				</alt>
				<alt mandatory="true" name="F_826941150215">
					<description>
						Lorem ipsum dolor sit amet, consetetur sadipscing elitr, sed diam nonumy ei
					</description>
					<feature mandatory="true" name="F_4730E542A525">
						<description>
							
						</description>
					</feature>
					<feature mandatory="true" name="F_9E222FC32462">
						<description>
							
						</description>
					</feature>
				</alt>
				<alt mandatory="true" name="F_AFC74903C638">
					<description>
						Lorem ipsum dolor sit amet, consetetur sadipscing elitr, sed diam nonumy eirmod tempor invidunt ut labore et dolore magna aliquyam erat, sed diam voluptua. At vero eos et accu
					</description>
					<feature mandatory="true" name="F_CD68D5E27DBF">
						<description>
							
						</description>
					</feature>
					<feature mandatory="true" name="F_3C0169491695">
						<description>
							
						</description>
					</feature>
				</alt>
				<alt mandatory="true" name="F_C2DBE1C3A60E">
					<description>
						Lorem ipsum dolor sit amet, consetetur sadipscing elitr, se
					</description>
					<feature mandatory="true" name="F_59A59AC2B263">
						<description>
							
						</description>
					</feature>
					<feature mandatory="true" name="F_3AB9DF39ECFD">
						<description>
							
						</description>
					</feature>
				</alt>
				<alt mandatory="true" name="F_B049A315718C">
					<description>
						Lorem ipsum dolor sit amet, consetetur sadipscing elitr, sed diam nonumy eirmod tempor invidunt ut labore et dolore magna aliquyam erat, sed diam voluptua. At vero eos et accusam et justo duo dolores et ea rebum. Stet clita kasd gubergren, no sea takimata sanctus est Lorem ipsum dolor sit amet. Lorem ipsum dolo
					</description>
					<feature mandatory="true" name="F_28970C854416">
						<description>
							
						</description>
					</feature>
					<feature mandatory="true" name="F_90A2EAA05E44">
						<description>
							
						</description>
					</feature>
				</alt>
				<alt mandatory="true" name="F_9691D4172EA5">
					<description>
						Lorem ipsum dolor sit amet, consetetur sadipscing elitr, sed diam nonumy eirmod tempor invidunt ut labore et dolore magna aliquyam erat, sed diam voluptua. At vero eos et accusam et justo duo dolores et ea rebum. Stet clita kasd gubergren, no sea takimata sanctus est Lorem ipsum dolor sit amet. Lorem ipsum dolor sit amet, consetetur sadipscing elitr, sed diam non
					</description>
					<feature mandatory="true" name="F_422E9CA661C8">
						<description>
							Lorem ipsum dolor sit am
						</description>
					</feature>
					<feature mandatory="true" name="F_C73F7E00054C">
						<description>
							Lorem ipsum dolor sit amet
						</description>
					</feature>
					<feature mandatory="true" name="F_AA9A361A0357">
						<description>
							Lorem ipsum dolor s
						</description>
					</feature>
					<feature mandatory="true" name="F_ABA335A65440">
						<description>
							Lorem ipsum dolor si
						</description>
					</feature>
					<feature mandatory="true" name="F_B7ECEB01A8FF">
						<description>
							Lorem ipsum dolor sit amet
						</description>
					</feature>
					<feature mandatory="true" name="F_9EE1824C5F7F">
						<description>
							Lorem ipsum do
						</description>
					</feature>
					<feature mandatory="true" name="F_5931D44F1CE5">
						<description>
							Lorem ipsum dolor sit amet
						</description>
					</feature>
				</alt>
				<alt mandatory="true" name="F_8258165B80A3">
					<description>
						Lorem ipsum dolor sit amet, consetetur sadipscing elitr, sed diam nonumy eirmod tempor invidunt ut labore et dolore magna aliquyam erat, sed diam voluptua. At vero eos et accusam et justo duo dolores et ea rebum. Stet clita kasd gubergren, no sea takimata sanctus est Lorem ipsum dolor sit amet. Lorem ipsum dolor sit amet, consetetur sadipscing elitr, sed diam nonumy eirmod tempor invidunt ut labore et dolore magna aliquyam erat, sed diam voluptua. At vero eos et accusam et justo duo dolores et ea rebum. Stet clita kasd gubergren, no sea takimata sanctus est Lorem ipsum dolor sit amet. Lorem ipsum dolor sit amet, consetetur sadipscing elitr, sed diam nonumy eirmod tempor invidunt ut labore et dolore magna aliquyam erat, sed diam voluptua. At vero eos et accusam et justo duo dolores et ea rebum.
					</description>
					<feature mandatory="true" name="F_C50FB1C0F9BC">
						<description>
							Lorem ipsum dolor sit amet, consetetur sadipscing elitr, sed diam non
						</description>
					</feature>
					<feature mandatory="true" name="F_DFEF9F678C87">
						<description>
							Lorem ipsum dolor sit amet, consetetur sadipscing elitr, sed diam nonu
						</description>
					</feature>
					<feature mandatory="true" name="F_195B1084C784">
						<description>
							Lorem ipsum dolor sit amet, consetetur sadipscing elitr,
						</description>
					</feature>
					<feature mandatory="true" name="F_B6CE3A742EC1">
						<description>
							Lorem ipsum dolor sit amet, consetetur sadipscing elitr,
						</description>
					</feature>
					<feature mandatory="true" name="F_4D8756D51391">
						<description>
							Lorem ipsum dolor sit amet, consetetur sadipscing elitr, sed diam
						</description>
					</feature>
					<feature mandatory="true" name="F_D2BDCB9B9B39">
						<description>
							Lorem ipsum dolor sit amet, consetetur sadipscing elitr, sed diam nonumy eirmod tempor
						</description>
					</feature>
					<feature mandatory="true" name="F_F72D0A5AF879">
						<description>
							Lorem ipsum dolor sit amet, consetetur sadipscing elitr, sed diam nonumy eir
						</description>
					</feature>
					<feature mandatory="true" name="F_9E01A2BA711B">
						<description>
							Lorem ipsum dolor sit amet, consetetur sadipscing e
						</description>
					</feature>
					<feature mandatory="true" name="F_2AF22B52BF16">
						<description>
							Lorem ipsum dolor sit amet, consetetur sadipscing elitr, sed diam nonumy e
						</description>
					</feature>
					<feature mandatory="true" name="F_C9B9B00F8FC2">
						<description>
							Lorem ipsum dolor sit amet, consetetur sadipscing elitr, sed diam
						</description>
					</feature>
					<feature mandatory="true" name="F_2B3A7CE9DDFE">
						<description>
							Lorem ipsum dolor sit amet, consetetur sadipscing elitr, sed diam no
						</description>
					</feature>
					<feature mandatory="true" name="F_4BB6545EE209">
						<description>
							Lorem ipsum dolor sit amet, consetetur sadipscing elitr, sed
						</description>
					</feature>
					<feature mandatory="true" name="F_C20CC211FB8A">
						<description>
							Lorem ipsum dolor sit amet, consetetur sadipscing
						</description>
					</feature>
					<feature mandatory="true" name="F_138B742A6CB2">
						<description>
							Lorem ipsum dolor sit amet, consetetur sadipscing elitr, sed diam nonumy eirmod tempor
						</description>
					</feature>
					<feature mandatory="true" name="F_6AB9664F3B48">
						<description>
							Lorem ipsum dolor sit amet, consetetur sadipscing elitr,
						</description>
					</feature>
					<feature mandatory="true" name="F_5FE91491BABD">
						<description>
							Lorem ipsum dolor sit a
						</description>
					</feature>
				</alt>
				<alt mandatory="true" name="F_50E9CC2F4554">
					<description>
						Lorem ipsum dolor sit amet, consetetur sadipscing elitr, sed diam nonumy eirmod tempor invidunt ut labore et dolore magn
					</description>
					<feature mandatory="true" name="F_5292A77B9A32">
						<description>
							Lorem ipsum dolor sit amet, consetetur sadipscin
						</description>
					</feature>
					<feature mandatory="true" name="F_2C6C9305E036">
						<description>
							Lorem ipsum dolor sit amet, consetetur sadip
						</description>
					</feature>
					<feature mandatory="true" name="F_46135D024402">
						<description>
							Lorem ipsum dolor sit amet,
						</description>
					</feature>
				</alt>
				<alt mandatory="true" name="F_FEC6FFFBF4D1">
					<description>
						Lorem ipsum dolor sit amet, consetetur sadipscing elitr, sed diam nonumy eirmod tempor invidunt ut labore et dolore magna aliquyam erat, sed diam voluptua. At vero eos et accusam et justo duo dolores et ea rebu
					</description>
					<feature mandatory="true" name="F_92FC252DAAF9">
						<description>
							
						</description>
					</feature>
					<feature mandatory="true" name="F_7D51DCBAA9FD">
						<description>
							
						</description>
					</feature>
				</alt>
				<feature name="F_61ABA6E3F2CA">
					<description>
						Lorem ipsum dolor sit amet, consetetur sadipscing elitr, sed diam nonumy eirmod tempor invidunt ut labore et dolore magna aliquyam erat, sed diam voluptua. At vero eos et accusam et justo duo dolores et ea rebum. Stet clita kasd gubergren, no sea takimata sanctus est Lorem ipsum dolor sit amet. Lorem ipsum dolor sit amet, consetetur sadipscing elitr, sed diam nonumy eirmod tempor invidunt ut labore et dolore magna aliquyam erat, sed diam voluptua. At vero eos et accusam et justo duo dolores et ea rebum. Stet clita kasd gubergren, no sea takimata sanctus est Lorem ipsum dolor sit amet. Lorem ips
					</description>
				</feature>
				<alt mandatory="true" name="F_6940A6170944">
					<description>
						Lorem ipsum dolor sit amet, consetetur sadipscing elitr, sed diam nonumy eirmod tempor invidunt ut labore et dolore magna aliquyam erat, sed diam voluptua. At vero eos et accusam et justo duo dolores et ea rebum. Stet clita kasd gubergren, no sea takimata sanctus est Lorem ipsum dolor
					</description>
					<feature mandatory="true" name="F_90BA466C3780">
						<description>
							
						</description>
					</feature>
					<feature mandatory="true" name="F_474F56F61E9F">
						<description>
							
						</description>
					</feature>
				</alt>
				<alt mandatory="true" name="F_AB10B4BEE9AD">
					<description>
						Lorem ipsum dolor sit amet, consetetur sadipscing elitr, sed diam nonumy eirmod tempor invidunt ut labore et dolore magna aliquyam erat, sed diam voluptua. At vero eos et accusam et justo duo d
					</description>
					<feature mandatory="true" name="F_4AFF7DA745CF">
						<description>
							Lorem ipsum dol
						</description>
					</feature>
					<feature mandatory="true" name="F_C97522178725">
						<description>
							Lorem ipsum dolor si
						</description>
					</feature>
					<feature mandatory="true" name="F_173B2F947C48">
						<description>
							Lorem ipsum
						</description>
					</feature>
					<feature mandatory="true" name="F_6E2DCC028D2B">
						<description>
							Lorem ipsum
						</description>
					</feature>
					<feature mandatory="true" name="F_84889C76AC59">
						<description>
							Lorem ipsum do
						</description>
					</feature>
					<feature mandatory="true" name="F_55E28D023EE0">
						<description>
							Lorem ipsum dolor sit a
						</description>
					</feature>
				</alt>
				<alt mandatory="true" name="F_1615AF959532">
					<description>
						Lorem ipsum dolor sit amet, consetetur sadipscing elitr, sed diam nonumy eirmod tempor invidunt ut labore et dolore magna aliquyam erat, sed diam voluptua. At vero eos et accusam et justo duo dolores et ea rebum. Stet clita kasd gubergren, no sea takimata sanctus est Lorem ipsum dolor sit amet. Lorem ipsum dolor sit amet, consetetur sadipscing elitr, sed diam nonumy eirmod tempor invidunt ut labore et dolore magna aliquyam erat, sed diam voluptua. At vero eos et accusam et justo duo dolores et ea rebum. Stet clita kasd gubergren, no sea takima
					</description>
					<feature mandatory="true" name="F_2AE6E2EE44C9">
						<description>
							Lorem ipsum dolor sit amet, consetetur sadipscing elitr, sed diam
						</description>
					</feature>
					<feature mandatory="true" name="F_1FE66F503FB4">
						<description>
							Lorem ipsum dolor sit amet, consetetur sadipscing elitr, sed diam nonumy eirmod tempor
						</description>
					</feature>
					<feature mandatory="true" name="F_264D5B657BB8">
						<description>
							Lorem ipsum dolor sit amet, consetetur sadipscing elitr, sed diam
						</description>
					</feature>
					<feature mandatory="true" name="F_B50769EC5B9C">
						<description>
							Lorem ipsum dolor sit amet, consetetur sadipscing elitr, sed diam nonumy eirmod tempor
						</description>
					</feature>
					<feature mandatory="true" name="F_10351A547D7D">
						<description>
							Lorem ipsum dolor sit a
						</description>
					</feature>
				</alt>
				<alt mandatory="true" name="F_0C150DC8539F">
					<description>
						Lorem ipsum dolor sit amet, consetetur sadipscing elitr, sed diam nonumy eirmod tempor invidunt ut labore et dolore magna aliquyam erat, sed diam voluptua. A
					</description>
					<feature mandatory="true" name="F_A476E5389E19">
						<description>
							
						</description>
					</feature>
					<feature mandatory="true" name="F_7D777A4D8553">
						<description>
							
						</description>
					</feature>
				</alt>
				<alt mandatory="true" name="F_CD43AB96C497">
					<description>
						Lorem ipsum dolor sit amet, consetetur sadipscing elitr, sed diam nonumy eirmod tempor invidunt ut labore et dolore magna aliquyam erat, sed diam voluptua. At vero eos et accusam et justo duo dolores et ea rebum. Stet clita kasd gubergren, no sea takimata sanctus est Lorem ipsum dolor sit amet. Lorem ipsum dolor sit amet, consetetur sadipscing elitr, sed diam nonumy
					</description>
					<feature mandatory="true" name="F_FB1A2C813AC7">
						<description>
							
						</description>
					</feature>
					<feature mandatory="true" name="F_7E1915D6D475">
						<description>
							
						</description>
					</feature>
				</alt>
				<alt mandatory="true" name="F_2B60D4AC2832">
					<description>
						Lorem ipsum dolor sit amet, consetetur sadipscing elitr, sed diam nonumy eirmod tempor invidunt ut labore et
					</description>
					<feature mandatory="true" name="F_5CE6D964F1BC">
						<description>
							
						</description>
					</feature>
					<feature mandatory="true" name="F_41B6DAC863F7">
						<description>
							Lorem ipsum dolor sit amet, consetetur sadipscing elitr
						</description>
					</feature>
					<feature mandatory="true" name="F_B53ACA76BD91">
						<description>
							Lorem ipsum dolor sit amet, consetetur sadipsc
						</description>
					</feature>
					<feature mandatory="true" name="F_19C8CFFEAF0E">
						<description>
							Lorem ipsum dolor sit amet, consetetur sadipscing
						</description>
					</feature>
					<feature mandatory="true" name="F_550D9801797A">
						<description>
							Lorem ipsum dolor sit amet, consetetur sadipscing elitr
						</description>
					</feature>
					<feature mandatory="true" name="F_B7EE91865288">
						<description>
							Lorem ipsum dolor sit amet, consetetur sadipscing elitr
						</description>
					</feature>
					<feature mandatory="true" name="F_AF7D8D811EA8">
						<description>
							Lorem ipsum dolor sit amet, consetetur sadipscing eli
						</description>
					</feature>
					<feature mandatory="true" name="F_39C0107E60AE">
						<description>
							Lorem ipsum dolor sit amet, consetetur sadipscing
						</description>
					</feature>
					<feature mandatory="true" name="F_26EE533801E3">
						<description>
							Lorem ipsum dolor sit amet, consetetur sadipscing elitr, sed diam nonumy eirmod tempor invidun
						</description>
					</feature>
					<feature mandatory="true" name="F_85F9DC979505">
						<description>
							Lorem ipsum dolor sit amet, consetetur sadipscing elitr
						</description>
					</feature>
					<feature mandatory="true" name="F_11BF127EF5E9">
						<description>
							Lorem ipsum dolor sit amet, consetetur sadipscing elitr
						</description>
					</feature>
					<feature mandatory="true" name="F_740E2F483952">
						<description>
							Lorem ipsum dolor sit amet, consetetur sadipscing elitr, sed diam nonumy eirmod t
						</description>
					</feature>
					<feature mandatory="true" name="F_4E101025B737">
						<description>
							Lorem ipsum dolor sit amet, consetetur
						</description>
					</feature>
					<feature mandatory="true" name="F_559FAE93456E">
						<description>
							Lorem ipsum dolor sit amet, consetetur sadipscing elitr
						</description>
					</feature>
					<feature mandatory="true" name="F_0F1697D591B1">
						<description>
							Lorem ipsum dolor sit amet, consetetur sadipscing elitr
						</description>
					</feature>
					<feature mandatory="true" name="F_BEC6BC80BD4C">
						<description>
							Lorem ipsum dolor sit amet, consetetur sadipscing elitr
						</description>
					</feature>
					<feature mandatory="true" name="F_4EC9D4369D73">
						<description>
							Lorem ipsum dolor sit amet, consetetur sadipscing elitr
						</description>
					</feature>
					<feature mandatory="true" name="F_D620F1CE668E">
						<description>
							Lorem ipsum dolor sit amet, consetetur sadipscing elitr, sed di
						</description>
					</feature>
					<feature mandatory="true" name="F_EA1651CA437A">
						<description>
							Lorem ipsum dolor sit amet, consetetur sadipscin
						</description>
					</feature>
					<feature mandatory="true" name="F_F3C241727F33">
						<description>
							Lorem ipsum dolor sit amet, consetetur sadipscing el
						</description>
					</feature>
					<feature mandatory="true" name="F_8B031D60E9ED">
						<description>
							Lorem ipsum dolor sit amet, consetetur sadipscing eli
						</description>
					</feature>
					<feature mandatory="true" name="F_E0D4B9205CDD">
						<description>
							Lorem ipsum dolor sit amet, consetetur sadip
						</description>
					</feature>
					<feature mandatory="true" name="F_8DFDF303295F">
						<description>
							Lorem ipsum dolor sit amet, consetetur s
						</description>
					</feature>
				</alt>
				<alt mandatory="true" name="F_18F8887BFB85">
					<description>
						Lorem ipsum dolor sit amet, consetetur sadipscing elitr, sed diam nonumy eirmod tempor invidunt ut labore et dolore magna aliquyam erat, sed diam voluptua. At vero eos et accusam et justo duo dolores et ea rebum. Stet clita kasd gubergren, no sea takimata sanctus est Lorem ipsum dolor sit amet. Lorem ipsum dolor sit amet, consetetur sadipscing elitr, sed diam nonumy
					</description>
					<feature mandatory="true" name="F_F118ADF4F5B1">
						<description>
							
						</description>
					</feature>
					<feature mandatory="true" name="F_9E6E0743CC0B">
						<description>
							
						</description>
					</feature>
				</alt>
				<alt mandatory="true" name="F_0A8E79F37F06">
					<description>
						Lorem ipsum dolor sit amet, consetetur sadipscing elitr, sed diam nonumy eirmod tempor invidunt ut labore et dolore magna aliquyam erat, sed diam voluptua. At vero eos et accusam et justo duo dolores et ea rebum. Stet clita kasd gubergren, no sea takimata sanctus est Lorem ipsum dolor sit a
					</description>
					<feature mandatory="true" name="F_E42E50D0F199">
						<description>
							Lorem ipsum dolor sit amet,
						</description>
					</feature>
					<feature mandatory="true" name="F_4C741DAC978B">
						<description>
							Lorem ipsum dolor si
						</description>
					</feature>
					<feature mandatory="true" name="F_A60D031B8D94">
						<description>
							Lorem ipsum d
						</description>
					</feature>
					<feature mandatory="true" name="F_A179999D4323">
						<description>
							Lorem ipsum
						</description>
					</feature>
					<feature mandatory="true" name="F_C9CB8BEFE48E">
						<description>
							
						</description>
					</feature>
				</alt>
				<alt mandatory="true" name="F_9F595A5AE9F0">
					<description>
						Lorem ipsum dolor sit amet, consetetur sadipscing elitr, sed diam nonumy eirmod tempor invidunt ut labore et dolore magna aliquyam erat, sed diam voluptua.
					</description>
					<feature mandatory="true" name="F_D6B97C6F13BF">
						<description>
							
						</description>
					</feature>
					<feature mandatory="true" name="F_E9DC9BB6C5CA">
						<description>
							
						</description>
					</feature>
				</alt>
				<alt mandatory="true" name="F_9D1D274EF821">
					<description>
						Lorem ipsum dolor sit amet, consetetur sadipscing elitr, sed diam nonumy eirmod tempor invidunt ut labore et dolore magna aliquyam erat, sed diam voluptua. At vero eos et accusam et justo duo dolores et ea rebum. Stet clita kasd gubergren, no sea takimata sanctus est Lorem ipsum dolo
					</description>
					<feature mandatory="true" name="F_E2C6D350F341">
						<description>
							
						</description>
					</feature>
					<feature mandatory="true" name="F_A55144F7F693">
						<description>
							
						</description>
					</feature>
				</alt>
				<alt mandatory="true" name="F_5EDF02EB3AEA">
					<description>
						Lorem ipsum dolor sit amet, consetetur sadipscing elitr, sed diam nonumy eirmod tempor invidunt ut labore et dolore magna aliquyam erat, sed diam voluptua. At vero eos et accusam et justo duo dolores et ea rebum. Stet clita kasd gubergren, no sea takimata sanctus est Lorem ipsum dolor sit amet. Lorem ipsum dolor sit amet, consetetur sadipscing
					</description>
					<feature mandatory="true" name="F_75E8AE68E234">
						<description>
							Lorem ipsum dolo
						</description>
					</feature>
					<feature mandatory="true" name="F_28D6C4F8473E">
						<description>
							Lorem ipsum dolor si
						</description>
					</feature>
					<feature mandatory="true" name="F_3DD71187C662">
						<description>
							Lorem ipsum d
						</description>
					</feature>
					<feature mandatory="true" name="F_5AE363AA3E5F">
						<description>
							Lorem ipsum
						</description>
					</feature>
					<feature mandatory="true" name="F_652FF2CDB8BC">
						<description>
							Lorem ipsum dol
						</description>
					</feature>
					<feature mandatory="true" name="F_A8C6F02E82DC">
						<description>
							Lorem ipsum do
						</description>
					</feature>
					<feature mandatory="true" name="F_1F5B950BA887">
						<description>
							Lorem ipsum dolor si
						</description>
					</feature>
				</alt>
				<alt mandatory="true" name="F_1A9AAC2CE6D0">
					<description>
						Lorem ipsum dolor sit amet, consetetur sadipscing elitr, sed diam nonumy eirmod tempor invidunt ut labore et dolore magna aliquyam erat, sed diam voluptua. At vero eos et accusam et justo duo dolores et ea rebum. Stet clita kasd gubergren, no sea takimata sanctus est Lorem ipsum dolor sit amet. Lorem ipsum dolor sit amet, consetetur sadipscing elitr, sed diam nonumy eirmod tempor invidunt ut labore et dolore magna aliquyam erat, sed d
					</description>
					<feature mandatory="true" name="F_9707B2FABE5C">
						<description>
							Lorem ipsum dolor sit amet, consetetur sadipscing elitr,
						</description>
					</feature>
					<feature mandatory="true" name="F_A0C0BDBFAA9E">
						<description>
							Lorem ipsum dolor sit amet, consetetur sadipscing elitr,
						</description>
					</feature>
					<feature mandatory="true" name="F_954E066729F9">
						<description>
							Lorem ipsum dolor sit amet, consetetur sadip
						</description>
					</feature>
					<feature mandatory="true" name="F_9995C49EF64C">
						<description>
							Lorem ipsum dolor sit amet, consetetur sadipscing elitr, sed
						</description>
					</feature>
					<feature mandatory="true" name="F_55D1C203F517">
						<description>
							Lorem ipsum dolor sit amet, consetetur sad
						</description>
					</feature>
					<feature mandatory="true" name="F_A5F37FA39770">
						<description>
							Lorem ipsum dolor sit amet, consetetur sadip
						</description>
					</feature>
					<feature mandatory="true" name="F_CEDECED88A48">
						<description>
							Lorem ipsum dolor sit amet, consetetur sadipscing elitr, sed diam n
						</description>
					</feature>
					<feature mandatory="true" name="F_E1EE0349E5D1">
						<description>
							Lorem ipsum dolor sit amet, consetetur sadipscing elitr, sed diam nonumy eirmod tempor i
						</description>
					</feature>
					<feature mandatory="true" name="F_2469D9FBB0D5">
						<description>
							Lorem ipsum dolor sit amet, consetetur sadipscing elitr, sed diam nonumy eirm
						</description>
					</feature>
					<feature mandatory="true" name="F_9C28D34288E4">
						<description>
							Lorem ipsum dolor sit amet, consetetur sadipscing e
						</description>
					</feature>
					<feature mandatory="true" name="F_CB01607F48DF">
						<description>
							Lorem ipsum dolor sit amet, consetetur sadipscing elitr, sed diam nonumy ei
						</description>
					</feature>
					<feature mandatory="true" name="F_01229BF51AA0">
						<description>
							Lorem ipsum dolor sit amet, consetetur sadipscing elitr, sed diam
						</description>
					</feature>
					<feature mandatory="true" name="F_283EE3C933C4">
						<description>
							Lorem ipsum dolor sit amet, consetetur sadipscing elitr, sed diam non
						</description>
					</feature>
					<feature mandatory="true" name="F_67FA74A63879">
						<description>
							Lorem ipsum dolor sit amet, consetetur sadipscing elitr, sed dia
						</description>
					</feature>
					<feature mandatory="true" name="F_424F4EE20907">
						<description>
							
						</description>
					</feature>
					<feature mandatory="true" name="F_1ADA26DBE173">
						<description>
							Lorem ipsum dolor sit amet, consetetur sadipscing e
						</description>
					</feature>
					<feature mandatory="true" name="F_7ECCAD609D92">
						<description>
							Lorem ipsum dolor sit amet, consetetur sadipscing elitr, sed diam nonumy eirmod tempor i
						</description>
					</feature>
					<feature mandatory="true" name="F_2C9A3FDE44AF">
						<description>
							Lorem ipsum dolor sit amet, consetetur sadipscing elitr, s
						</description>
					</feature>
					<feature mandatory="true" name="F_87C45BB9B227">
						<description>
							Lorem ipsum dolor sit
						</description>
					</feature>
				</alt>
				<alt mandatory="true" name="F_2FDDC8F6CA23">
					<description>
						Lorem ipsum dolor sit amet, consetetur sadipscing elitr, sed diam nonumy eirmod tempor invidunt ut labore et dolore magna aliquyam erat, sed diam voluptua. At vero eos
					</description>
					<feature mandatory="true" name="F_20B6A87729D1">
						<description>
							
						</description>
					</feature>
					<feature mandatory="true" name="F_4FC04B350E03">
						<description>
							
						</description>
					</feature>
				</alt>
				<alt mandatory="true" name="F_BE6DC9AD4D20">
					<description>
						Lorem ipsum dolor sit amet, consetetur sadipscing elitr, sed diam nonumy eirmod tempor invidunt ut labore et dolore magna aliquyam erat, sed diam voluptua. At
					</description>
					<feature mandatory="true" name="F_8CDBC98E3519">
						<description>
							
						</description>
					</feature>
					<feature mandatory="true" name="F_A6BACEDB2468">
						<description>
							
						</description>
					</feature>
				</alt>
				<alt mandatory="true" name="F_236C665107E7">
					<description>
						Lorem ipsum dolor sit amet, consetetur sadipscing elitr, sed diam nonumy eirmod tempor invidunt ut labore et dolore magna aliquyam erat, sed diam voluptua. At vero eos et accusam et justo duo dolores et ea rebum.
					</description>
					<feature mandatory="true" name="F_413075223B58">
						<description>
							
						</description>
					</feature>
					<feature mandatory="true" name="F_4064828531FA">
						<description>
							
						</description>
					</feature>
				</alt>
				<alt mandatory="true" name="F_359C8845B79C">
					<description>
						Lorem ipsum dolor sit amet, consetetur sadipscing elitr, sed diam nonumy eirmod tempor invidunt ut labore et dolore magna aliquyam erat, sed diam voluptua. At vero eos et
					</description>
					<feature mandatory="true" name="F_9D525E6C9428">
						<description>
							
						</description>
					</feature>
					<feature mandatory="true" name="F_5ADBC307A45F">
						<description>
							
						</description>
					</feature>
				</alt>
				<feature name="F_BC2E69BBD2AD">
					<description>
						Lorem ipsum dolor sit amet, consetetur sadipscing elitr, sed diam nonumy eirmod tempor invidunt ut labore et dolore magna aliquyam erat, sed diam voluptua. At vero eos et accusam et justo duo dolores et ea rebum. Stet clita kasd gubergren, no sea takimata sanctus est Lorem ipsum dolor sit amet. Lorem ipsum dolor sit amet, consetetur sadipscing elitr, sed diam nonumy eirmod tempor invidunt ut labore et dolore magna aliquyam erat, sed diam voluptua. At vero eos et accusam et justo duo dolores et ea rebum. Stet clita kasd gubergren, no sea takimata sanctus est Lorem ipsum dolor sit amet. Lorem ipsum dolor sit amet, consetetur sadipscing elitr, sed diam nonumy eirmod tempor invidunt ut labore et dolore magn
					</description>
				</feature>
				<feature name="F_07EDB373F9F1">
					<description>
						Lorem ipsum dolor sit amet, consetetur sadipscing elitr, sed diam nonumy eirmod tempor invidunt ut labore et dolore magna aliquyam erat, sed diam volupt
					</description>
				</feature>
				<feature name="F_1689F3B419F9">
					<description>
						
					</description>
				</feature>
				<feature name="F_F1F3CD25E492">
					<description>
						Lorem ipsum dolor sit amet, consetetur sadipscing elitr, sed diam nonumy eirmod tempor invidunt ut labore et dolore magna aliquyam erat, sed diam voluptua. At vero eos et accusam et justo duo d
					</description>
				</feature>
				<feature name="F_F289EFF92CD4">
					<description>
						Lorem ipsum dolor sit amet, consetetur sadipscing elitr, sed diam nonumy eirmod tempor invidunt ut labore et dolore magna aliquyam erat, sed diam voluptua.
					</description>
				</feature>
				<alt mandatory="true" name="F_8E826D3171AE">
					<description>
						Lorem ipsum dolor sit amet, consetetur sadipscing elitr, sed diam nonumy eirmod tempor invidunt ut labore et dolore magna aliquyam e
					</description>
					<feature mandatory="true" name="F_D059F60980D5">
						<description>
							
						</description>
					</feature>
					<feature mandatory="true" name="F_80E6AA717BCC">
						<description>
							
						</description>
					</feature>
					<feature mandatory="true" name="F_54136F510755">
						<description>
							
						</description>
					</feature>
					<feature mandatory="true" name="F_B58D4CCE3DAD">
						<description>
							
						</description>
					</feature>
				</alt>
				<feature name="F_B9C0C77DE8D1">
					<description>
						Lorem ipsum dolor sit amet, consetetur sadipscing elitr, sed diam nonumy eirmod tempor invidunt ut labore et dolore magna aliquyam erat, sed diam voluptua. At vero eos et accusam et justo duo dolores et ea rebum. Stet clita kasd gube
					</description>
				</feature>
				<alt mandatory="true" name="F_D6E92B19534B">
					<description>
						Lorem ipsum dolor sit amet, consetetur sadipscing elitr, sed diam nonumy eirmod tempor invidunt ut labore et dolore magna aliquyam erat, sed diam voluptua. At vero eos et accusam et justo duo dolores et ea rebum. Stet clita kasd gubergren, no sea takimata sanctus est Lorem ipsum dolor sit amet. Lorem ipsum dolor sit amet, consetetur sadipscing elitr, sed diam nonumy eirmod tempor invidunt ut labore et dolore magna aliquyam erat, sed diam voluptua. At vero eos et accusam et justo duo dolores et ea rebum. Stet clita kasd gubergren, no sea takimata sanctus est Lorem ipsum dolor sit amet. Lorem ipsum dolor sit amet, consetetur sadipscing elitr, sed diam nonumy eirmod tempor invidunt ut labore et dolore magna aliquyam erat, sed diam voluptua. At vero eos et accusam et justo duo dolores et ea rebum.
					</description>
					<feature mandatory="true" name="F_CE3003EE39F9">
						<description>
							
						</description>
					</feature>
					<feature mandatory="true" name="F_5059D74DAABE">
						<description>
							
						</description>
					</feature>
				</alt>
				<feature name="F_84BBC809A5C5">
					<description>
						Lorem ipsum dolor sit amet, consetetur sadipscing elitr, sed diam nonumy eirmod tempor invidunt ut labore et dolore magna aliquyam erat, sed diam voluptua. At vero eos et accusam et justo duo dol
					</description>
				</feature>
				<feature name="F_803D1FC27612">
					<description>
						Lorem ipsum dolor sit amet, consetetur sadipscing elitr, sed diam nonumy eirmod tempor invidunt ut labore et dolore magna aliquyam erat, sed diam voluptua. At vero eos et accusam et justo duo dolores et ea rebum. Stet clita kasd gubergren, no sea takimata sanctus est Lorem ipsum dolor sit am
					</description>
				</feature>
				<feature name="F_1293C2E28111">
					<description>
						
					</description>
				</feature>
				<feature name="F_ECC640C95789">
					<description>
						
					</description>
				</feature>
				<feature name="F_D441ED81CCD5">
					<description>
						
					</description>
				</feature>
				<feature name="F_086F49D6FE2C">
					<description>
						
					</description>
				</feature>
				<feature name="F_AD58BE0A2618">
					<description>
						
					</description>
				</feature>
				<feature name="F_3A6727CFE0B7">
					<description>
						
					</description>
				</feature>
				<feature name="F_B6E570BB0ADA">
					<description>
						
					</description>
				</feature>
				<feature name="F_CDEFD62E9E50">
					<description>
						
					</description>
				</feature>
				<feature name="F_0D42C4AED7A8">
					<description>
						
					</description>
				</feature>
				<feature name="F_7D31D338C92E">
					<description>
						
					</description>
				</feature>
				<alt mandatory="true" name="F_DCF6DADC5B47">
					<description>
						
					</description>
					<feature mandatory="true" name="F_CB78FB4CE363">
						<description>
							
						</description>
					</feature>
					<feature mandatory="true" name="F_9D371B8CC842">
						<description>
							
						</description>
					</feature>
					<feature mandatory="true" name="F_5C880BA8D1A3">
						<description>
							
						</description>
					</feature>
				</alt>
				<feature name="F_48CE34B10C50">
					<description>
						Lorem ipsum dolor sit amet, consetetur sadi
					</description>
				</feature>
				<feature name="F_5526432824C3">
					<description>
						Lorem ipsum dolor sit amet, consetetur sadipscing elitr, sed diam nonumy eirmod tempor invidunt ut labore et dolore magna aliquyam erat, sed diam voluptua. At vero
					</description>
				</feature>
			</and>
		</struct>
		<constraints/>
		<calculations Auto="true" Constraints="true" Features="true" Redundant="true" Tautology="true"/>
		<comments>
			<c/>
		</comments>
		<featureOrder userDefined="false"/>
	</featureModel>
