<?xml version="1.0" encoding="UTF-8" standalone="no"?>
	<featureModel>
		<properties/>
		<struct>
			<and mandatory="true" name="N_1181380493__F_C8EAC0FC7701">
				<description>
					
				</description>
				<alt mandatory="true" name="F_49B6E7C0DF18">
					<description>
						Lorem ipsum dolor sit amet, consetetur sadipscing elitr, sed diam nonumy eirmod tempor invidunt ut labore et dolore magna aliquyam erat, sed diam voluptua. At vero eos et accusam et justo duo dolores et ea rebum. S
					</description>
					<feature mandatory="true" name="F_D2861B35E232">
						<description>
							
						</description>
					</feature>
					<feature mandatory="true" name="F_F277EADDEC18">
						<description>
							
						</description>
					</feature>
				</alt>
				<feature name="F_6A11EC62DA0E">
					<description>
						
					</description>
				</feature>
				<feature name="F_49DEABC15F52">
					<description>
						Lorem ipsum dolor sit amet, consetetur sadipscing elitr, sed diam nonumy eirmod tempor invidunt ut labore et dolore magna aliquyam erat, sed diam voluptua. At vero eos et accusam et justo duo dolores et ea rebum. Stet clita kasd gubergren, no sea takimata sanctus
					</description>
				</feature>
				<alt mandatory="true" name="F_82462A9674D6">
					<description>
						Lorem ipsum dolor sit amet, consetetur sadipscing elitr, sed diam nonumy eirmod tempor invidunt ut labore et dolore magna al
					</description>
					<feature mandatory="true" name="F_22DD38B930FD">
						<description>
							
						</description>
					</feature>
					<feature mandatory="true" name="F_0D0A768A2B23">
						<description>
							
						</description>
					</feature>
				</alt>
				<feature name="F_103B2EE09899">
					<description>
						Lorem ipsum dolor sit amet, consetetur sadipscing elitr, sed diam nonumy eirmod tempor invidunt ut labore et dolore magna aliquyam erat, sed diam voluptua. At vero eos et accusam et justo duo dolores et ea rebum. Stet clita kasd gubergren
					</description>
				</feature>
				<alt mandatory="true" name="F_9B79C1DA23E4">
					<description>
						Lorem ipsum dolor sit amet, consetetur sadipscing elitr, sed diam nonumy eirmod tempor invidunt ut labore et dolore magna aliquyam erat, sed diam voluptua. At vero eos et accusam et justo duo dolores et ea rebum. Stet clita kasd gubergren, no
					</description>
					<feature mandatory="true" name="F_BAAD2A379F92">
						<description>
							
						</description>
					</feature>
					<feature mandatory="true" name="F_BFA17835D842">
						<description>
							
						</description>
					</feature>
				</alt>
				<feature name="F_CC8309C154CE">
					<description>
						
					</description>
				</feature>
				<feature name="F_FDE90E331E95">
					<description>
						
					</description>
				</feature>
				<alt mandatory="true" name="F_AE24D4F7E07A">
					<description>
						Lorem ipsum dolor sit amet, consetetur sadipscing elitr, sed diam nonumy eirmod tempor invidunt ut labore et dolore magna aliquyam erat, sed diam voluptua. At vero eos et
					</description>
					<feature mandatory="true" name="F_B3214123D6D9">
						<description>
							
						</description>
					</feature>
					<feature mandatory="true" name="F_07BD76B1CB0D">
						<description>
							
						</description>
					</feature>
				</alt>
				<alt mandatory="true" name="F_4EC8956381CC">
					<description>
						Lorem ipsum dolor sit amet, consetetur sadipscing elitr, sed diam nonumy eirmod tempor invidunt ut labore et dolore magna aliquyam erat, sed diam voluptua. At vero eos et
					</description>
					<feature mandatory="true" name="F_E6395BCDFCCB">
						<description>
							
						</description>
					</feature>
					<feature mandatory="true" name="F_FFF491658E70">
						<description>
							
						</description>
					</feature>
				</alt>
				<alt mandatory="true" name="F_496DEEFF47BF">
					<description>
						Lorem ipsum dolor sit amet, consetetur sadipscing elitr, sed diam nonumy eirmod tempor invidunt ut labore et dolore magna aliquyam erat, sed diam voluptua. At vero eos et accusam et justo duo dolores et ea rebum. Stet clita kasd gubergren, no sea
					</description>
					<feature mandatory="true" name="F_C48716839F2A">
						<description>
							
						</description>
					</feature>
					<feature mandatory="true" name="F_97F5CB76C365">
						<description>
							
						</description>
					</feature>
				</alt>
				<alt mandatory="true" name="F_5B7E394D1972">
					<description>
						Lorem ipsum dolor sit amet, consetetur sadipscing elitr, sed diam nonumy eirmod tempor invidunt ut labore et dolore magna aliquyam erat, sed diam voluptua. At vero eos et accusam et justo duo dolores et ea rebum
					</description>
					<feature mandatory="true" name="F_68FD7A6AAF19">
						<description>
							
						</description>
					</feature>
					<feature mandatory="true" name="F_2BB989BF46CE">
						<description>
							
						</description>
					</feature>
				</alt>
				<feature name="F_0000EE578CB4">
					<description>
						
					</description>
				</feature>
				<alt mandatory="true" name="F_AF4F39A1DA80">
					<description>
						Lorem ipsum dolor sit amet, consetetur sadipscing elitr, sed diam nonumy eirmod tempor invidunt ut labore et dolore magna aliquyam erat, sed diam voluptua. At vero eos et accusam et justo duo dolores et ea rebum.
					</description>
					<feature mandatory="true" name="F_7895A5FDC2D6">
						<description>
							
						</description>
					</feature>
					<feature mandatory="true" name="F_C696EFD0BB72">
						<description>
							
						</description>
					</feature>
				</alt>
				<alt mandatory="true" name="F_74F47C81E2B8">
					<description>
						Lorem ipsum dolor sit amet, consetetur sadipscing elitr, sed diam nonumy eirmod tempor invidunt ut labore et dolore magna aliquyam
					</description>
					<feature mandatory="true" name="F_97D8394C1C0D">
						<description>
							
						</description>
					</feature>
					<feature mandatory="true" name="F_44F5F5F0158C">
						<description>
							
						</description>
					</feature>
					<feature mandatory="true" name="F_A34ECE12C33C">
						<description>
							
						</description>
					</feature>
				</alt>
				<alt mandatory="true" name="F_46EA5B725E65">
					<description>
						Lorem ipsum dolor sit amet, conset
					</description>
					<feature mandatory="true" name="F_C1E7CB00D4BA">
						<description>
							Lorem ipsum dolor sit amet,
						</description>
					</feature>
					<feature mandatory="true" name="F_CBE2BCADB5C2">
						<description>
							Lorem ipsum dolor sit am
						</description>
					</feature>
					<feature mandatory="true" name="F_2B8588E9E461">
						<description>
							Lorem ipsum dolor sit amet, consetetur sadipscing elitr,
						</description>
					</feature>
					<feature mandatory="true" name="F_455A08A6C0EB">
						<description>
							
						</description>
					</feature>
				</alt>
				<alt mandatory="true" name="F_91403C936D5A">
					<description>
						Lorem ipsum dolor sit amet, consetetur sadipscing elitr, sed diam nonumy eirmod tempor invidunt ut labore et dolore magna aliquyam erat, sed diam voluptua. At vero eos et accusam et justo duo dolores et ea rebum. Stet clita kasd gubergren, no sea takimata sanctus est Lorem ipsum dolor sit amet. Lorem ipsum dolor sit amet, consetetur sadipscing elitr, sed diam nonumy eirmod tempor invidunt
					</description>
					<feature mandatory="true" name="F_1D1E29BA62FB">
						<description>
							
						</description>
					</feature>
					<feature mandatory="true" name="F_D1054E1C5A20">
						<description>
							
						</description>
					</feature>
				</alt>
				<alt mandatory="true" name="F_910C69BF4D0C">
					<description>
						Lorem ipsum dolor sit amet, consetetur sadipscing elitr, sed diam nonumy eirmod tempor invidunt ut labore et dolore magna aliquyam erat, sed diam voluptua. At vero eos et accusam
					</description>
					<feature mandatory="true" name="F_F39209051F8A">
						<description>
							Lorem ipsum dolor sit a
						</description>
					</feature>
					<feature mandatory="true" name="F_0B7B9DF4D70F">
						<description>
							
						</description>
					</feature>
					<feature mandatory="true" name="F_260792ACA847">
						<description>
							Lorem ipsum dolor sit
						</description>
					</feature>
					<feature mandatory="true" name="F_04817B4285E1">
						<description>
							Lorem ipsum dolor s
						</description>
					</feature>
					<feature mandatory="true" name="F_5B7CC5809672">
						<description>
							Lorem ipsum dolor s
						</description>
					</feature>
				</alt>
				<alt mandatory="true" name="F_70218B3A70E8">
					<description>
						Lorem ipsum dolor sit amet, consetetur sadipscing elitr, sed diam nonumy eirmod tempor invidunt ut labore et dolore magna aliquyam erat, sed diam voluptua. At vero eos et accusam et justo duo dolores et ea rebum. Stet clita kasd gubergren, no sea takimata sanctus est Lorem ipsum dolor sit amet. Lorem ipsum dolor sit amet, consetetur sadips
					</description>
					<feature mandatory="true" name="F_987CF8FA601B">
						<description>
							
						</description>
					</feature>
					<feature mandatory="true" name="F_420DAE8A0F02">
						<description>
							
						</description>
					</feature>
					<feature mandatory="true" name="F_B832B166608A">
						<description>
							
						</description>
					</feature>
				</alt>
				<alt mandatory="true" name="F_B3A2E53CD803">
					<description>
						Lorem ipsum dolor sit amet, consetetur sadipscing
					</description>
					<feature mandatory="true" name="F_D85230A7B566">
						<description>
							Lorem ipsum dolor sit amet, consetetur
						</description>
					</feature>
					<feature mandatory="true" name="F_F943EAD6A962">
						<description>
							Lorem ipsum dolor sit amet, consetetur sadipscing elitr, sed di
						</description>
					</feature>
					<feature mandatory="true" name="F_89AB81116131">
						<description>
							Lorem ipsum dolor sit amet, consetetur sadipscing e
						</description>
					</feature>
				</alt>
				<alt mandatory="true" name="F_EE9A080FE5B1">
					<description>
						Lorem ipsum dolor sit amet, consetetur sadipscing elitr, sed diam nonumy eirmod tempor invidunt ut labo
					</description>
					<feature mandatory="true" name="F_0C5F6621FD93">
						<description>
							Lorem ipsum dolor sit amet,
						</description>
					</feature>
					<feature mandatory="true" name="F_6362F952522F">
						<description>
							Lorem ipsum d
						</description>
					</feature>
					<feature mandatory="true" name="F_4E90786F471B">
						<description>
							Lorem ipsum dolor sit amet, consetetur sadips
						</description>
					</feature>
					<feature mandatory="true" name="F_8F23779EA8C4">
						<description>
							Lorem ipsum dolor sit amet, c
						</description>
					</feature>
					<feature mandatory="true" name="F_E528E7186064">
						<description>
							Lorem ipsum dolor sit amet, consetetur sadipscing elitr, s
						</description>
					</feature>
					<feature mandatory="true" name="F_60806138AC58">
						<description>
							
						</description>
					</feature>
					<feature mandatory="true" name="F_918EABCFA244">
						<description>
							Lorem ipsum dolor sit amet, consetetur sadipscing elitr, sed diam nonumy ei
						</description>
					</feature>
					<feature mandatory="true" name="F_06001FE136E0">
						<description>
							Lorem ipsum dolor sit amet, consetetur sadipscing elitr, sed diam nonumy eirmod tempo
						</description>
					</feature>
					<feature mandatory="true" name="F_536DAEEFC371">
						<description>
							Lorem ipsum dolor sit amet, consetetur sadipscing elitr
						</description>
					</feature>
					<feature mandatory="true" name="F_841774DB9296">
						<description>
							Lorem ipsum dolor sit amet, consetetur sadipscing elitr, s
						</description>
					</feature>
					<feature mandatory="true" name="F_AD9CAB8377D4">
						<description>
							Lorem ipsum dolor sit amet, consetetur sadipscing elitr, sed diam nonumy ei
						</description>
					</feature>
				</alt>
				<alt mandatory="true" name="F_72188ABCAC20">
					<description>
						Lorem ipsum dolor sit amet, consetetur sadipscing elitr, sed diam nonumy eirmod tempor invidunt ut labore et dolore magna aliquyam erat, sed diam voluptua. At vero eos et accusam et justo duo dolores et ea rebum. Stet clita kasd gubergren, no sea takimata sanctus est Lorem ipsum dolor sit amet. Lorem ipsum dolor sit amet, conset
					</description>
					<feature mandatory="true" name="F_57C41B843B16">
						<description>
							
						</description>
					</feature>
					<feature mandatory="true" name="F_C95F6FFE6AD9">
						<description>
							
						</description>
					</feature>
				</alt>
				<alt mandatory="true" name="F_32C5E20C7BFD">
					<description>
						Lorem ipsum dolor sit amet, consetetur sadipscing elitr, sed diam nonumy eirmod tempor invidunt ut labore et dolore magna aliquyam erat, sed diam voluptua. At vero eos et accusam et justo duo dolores et ea rebum. Stet clita kasd gubergren, no sea takimata sanctus est Lorem ipsum dolor sit amet. Lo
					</description>
					<feature mandatory="true" name="F_EDF04D5A6296">
						<description>
							Lorem ipsum dolor sit amet, con
						</description>
					</feature>
					<feature mandatory="true" name="F_F602479F220C">
						<description>
							Lorem ipsum dolor sit amet, consetetur sadipscin
						</description>
					</feature>
					<feature mandatory="true" name="F_06FE50CFFFB8">
						<description>
							
						</description>
					</feature>
				</alt>
				<alt mandatory="true" name="F_25AA0F183B81">
					<description>
						Lorem ipsum dolor sit amet, consetetur sadipscing elitr, sed diam nonumy eirmod tempor invidunt
					</description>
					<feature mandatory="true" name="F_1F8D0FD132E8">
						<description>
							
						</description>
					</feature>
					<feature mandatory="true" name="F_EA74492118B9">
						<description>
							
						</description>
					</feature>
					<feature mandatory="true" name="F_C3179E71D4FC">
						<description>
							
						</description>
					</feature>
				</alt>
				<alt mandatory="true" name="F_20CACBC9AD6E">
					<description>
						Lorem ipsum dolor sit amet, consetetur sadipscing elitr, sed diam nonumy eirmod tempor invidunt ut l
					</description>
					<feature mandatory="true" name="F_2B4927A6CD8E">
						<description>
							Lorem ipsum dolor sit amet, cons
						</description>
					</feature>
					<feature mandatory="true" name="F_44661B04F36B">
						<description>
							Lorem ipsum dolor sit amet, consetetur
						</description>
					</feature>
					<feature mandatory="true" name="F_552DE7F95636">
						<description>
							Lorem ipsum dolor sit amet, consetetur sadipscing elitr, sed diam nonumy eirmod tempor invidu
						</description>
					</feature>
					<feature mandatory="true" name="F_3C53EC9AE70E">
						<description>
							Lorem ipsum dolor sit amet, consetetur sadipscing elitr, sed diam nonumy eirmod tempor invidunt ut labore
						</description>
					</feature>
					<feature mandatory="true" name="F_7FCA1C06F594">
						<description>
							Lorem ipsum dolor sit amet, consetetur sadipscing elitr, sed diam nonumy eirmod tempor invidunt ut labo
						</description>
					</feature>
				</alt>
				<alt mandatory="true" name="F_8EEC6BFE940D">
					<description>
						Lorem ipsum dolor sit amet, consetetur sadipscing elitr, sed diam nonumy eirmod tempor invidunt ut labore et dolore magna aliquyam erat, sed di
					</description>
					<feature mandatory="true" name="F_E45E2933B1CF">
						<description>
							
						</description>
					</feature>
					<feature mandatory="true" name="F_AD8143C46497">
						<description>
							
						</description>
					</feature>
				</alt>
				<alt mandatory="true" name="F_78641A2091BB">
					<description>
						Lorem ipsum dolor sit amet, consetetur sadipscing elitr, sed diam nonumy eirmod tempor invidunt ut labore et do
					</description>
					<feature mandatory="true" name="F_B5CE2C4A44E3">
						<description>
							
						</description>
					</feature>
					<feature mandatory="true" name="F_B123A244D830">
						<description>
							Lorem ipsum dolor sit amet,
						</description>
					</feature>
				</alt>
				<alt mandatory="true" name="F_79288318EAD4">
					<description>
						Lorem ipsum dolor sit amet, consetetur sadipscing elitr, sed diam nonumy eirmod tempor invidunt ut labore et dolore magna aliquyam erat, sed diam voluptua. At vero eos et accusam et justo duo dolores et ea rebum. Stet clita kasd gubergren, no sea takimata sanctus est Lorem ipsum dolor sit amet. Lorem ipsum dolor sit amet, consetetur sadipscing elitr, sed diam nonumy ei
					</description>
					<feature mandatory="true" name="F_0FEB13FB821D">
						<description>
							
						</description>
					</feature>
					<feature mandatory="true" name="F_3F096F703FAC">
						<description>
							
						</description>
					</feature>
				</alt>
				<alt mandatory="true" name="F_7EB70A327EEC">
					<description>
						Lorem ipsum dolor sit amet, consetetur sadipscing elitr, sed diam nonumy eirmod tempor invidunt ut labore et dolore magna aliquyam erat, sed diam voluptua. At vero eos et accusam et justo duo dolores et ea rebum. Stet clita kasd gubergre
					</description>
					<feature mandatory="true" name="F_BC7C62F0CECF">
						<description>
							
						</description>
					</feature>
					<feature mandatory="true" name="F_07667BC1593F">
						<description>
							
						</description>
					</feature>
				</alt>
			</and>
		</struct>
		<constraints/>
		<calculations Auto="true" Constraints="true" Features="true" Redundant="true" Tautology="true"/>
		<comments>
			<c/>
		</comments>
		<featureOrder userDefined="false"/>
	</featureModel>
