<?xml version="1.0" encoding="UTF-8" standalone="no"?>
	<featureModel>
		<properties/>
		<struct>
			<and mandatory="true" name="N_129489771__F_04964F3CF47A">
				<description>
					
				</description>
				<alt mandatory="true" name="F_0C694E0F1FE5">
					<description>
						Lorem ipsum dolor sit amet, consetetur sadipscing elitr, sed diam nonumy eirmod tempor invidunt ut labore et dolore magna aliquyam erat, sed diam voluptua. At vero eos et accusam et justo duo dolores et ea rebum. Stet clita kasd gubergren, no sea takimata sanctus est Lorem ips
					</description>
					<feature mandatory="true" name="F_C8374F1B0736">
						<description>
							
						</description>
					</feature>
					<feature mandatory="true" name="F_487AC3300799">
						<description>
							
						</description>
					</feature>
				</alt>
				<alt mandatory="true" name="F_1CA41DCD9BA7">
					<description>
						Lorem ipsum dolor sit amet, consetetur sadipscing elitr, sed diam nonumy eirmod tempor invidunt ut labore et dolore magna aliquyam erat, sed diam voluptua. At vero eos et accusam et justo duo dolores et ea rebum. Stet clita kasd gubergren, no sea takimata sanctus est Lorem ipsum
					</description>
					<feature mandatory="true" name="F_177AF96D76AC">
						<description>
							
						</description>
					</feature>
					<feature mandatory="true" name="F_C4BC8981C4E6">
						<description>
							
						</description>
					</feature>
				</alt>
				<feature name="F_014A07D259BF">
					<description>
						Lorem ipsum dolor sit amet, consetetur sadipscing elitr, sed diam nonumy eirmod tempor invidunt ut labore et dolore magna aliquyam erat, sed diam voluptua. At vero eos et accusam et justo duo dolores et ea rebum. Stet clita kasd gubergren, no sea takimata sanctus
					</description>
				</feature>
				<feature name="F_A34D257E615A">
					<description>
						Lorem ipsum dolor sit amet, consetetur sadipscing elitr, s
					</description>
				</feature>
				<feature name="F_C132A0CEBBF8">
					<description>
						Lorem ipsum dolor sit amet, consetetur sadipscing elitr, sed diam nonumy eirmod tempor invidunt ut labore et dolore magna aliquyam erat, sed diam vo
					</description>
				</feature>
				<alt name="F_06A1A9373E7C">
					<description>
						Lorem ipsum dolor sit amet, consetetur sadipscing elitr, sed diam nonumy eirmod tempor invidunt ut labore et dolore magna aliquyam erat, sed diam voluptua. At vero eos et accusam et justo duo dolores et ea rebum. Stet clita kasd gubergren, no sea takimata sanctus
					</description>
					<feature mandatory="true" name="F_98AB3DA5D7C2">
						<description>
							Lorem ipsum dolor sit amet, consetetur s
						</description>
					</feature>
					<feature mandatory="true" name="F_64741CD08A3D">
						<description>
							Lorem ipsum dolor sit amet, consetetur sa
						</description>
					</feature>
					<feature mandatory="true" name="F_8DBBAB9FC733">
						<description>
							Lorem ipsum dolor sit amet, consetetur sa
						</description>
					</feature>
				</alt>
				<alt mandatory="true" name="F_1905ABAC35AC">
					<description>
						Lorem ipsum dolor sit amet, consetetur sadipscing elitr, sed diam nonumy eirmod tempor invidunt ut labore et dolore magna aliquyam erat, sed diam voluptua. At vero eos et accusam et justo duo dolores et ea rebum. Stet clita kasd gubergren, no sea takimata sanctus est Lorem ipsum dolor sit amet. Lorem ipsum dolor sit amet, consetetur sadipscing elitr,
					</description>
					<feature mandatory="true" name="F_42F063ABCF2F">
						<description>
							
						</description>
					</feature>
					<feature mandatory="true" name="F_A5626667C404">
						<description>
							
						</description>
					</feature>
				</alt>
				<feature name="F_64A31F08A28C">
					<description>
						Lorem ipsum dolor sit amet, consetetur sadipscing elitr, sed diam nonumy eirmod tempor invidunt ut labore et dolore magna aliquyam erat, sed diam voluptua. At vero eos et accusam et justo duo dolores et ea rebum. Stet clita kasd gubergren, no sea takimata sanctus est Lorem ipsum dolor sit amet. Lore
					</description>
				</feature>
				<alt mandatory="true" name="F_B908E72817B6">
					<description>
						Lorem ipsum dolor sit amet, consetetur sadipscing elitr, sed diam nonumy eirmod tempor invidunt ut labore et dolore magna aliquyam erat, sed diam voluptua. At vero eos et accusam et justo duo dolores et ea rebum. Stet clita kasd gubergren, no sea takimata sanctus est Lorem ipsum dolor sit amet. Lorem ipsum dolor sit amet, consetetur sadipscing elitr, sed diam nonumy eirmod t
					</description>
					<feature mandatory="true" name="F_C196B4B30F7B">
						<description>
							
						</description>
					</feature>
					<feature mandatory="true" name="F_348EDDB44CB1">
						<description>
							
						</description>
					</feature>
					<feature mandatory="true" name="F_52359244EF87">
						<description>
							
						</description>
					</feature>
				</alt>
				<feature name="F_D169215E4677">
					<description>
						Lorem ipsum dolor sit amet, consetetur sadipscing elitr, sed diam nonumy eirmod tempor invidunt ut labore et dolore magna aliquyam erat, sed diam voluptua. At vero eos et accusam et justo duo dolores et ea rebum. Stet clita kasd gubergren, no sea takimata sanctus est Lorem ipsum dolor sit amet. Lorem ipsum dolor sit amet, consetetur sadipscing elitr, sed
					</description>
				</feature>
				<alt mandatory="true" name="F_E01206CF487A">
					<description>
						Lorem ipsum dolor sit amet, consetetur sadipscing elitr, sed diam nonumy eirmod tempor invidunt ut labore et dolore magna aliquyam erat, sed diam voluptua. At vero eos et accusam e
					</description>
					<feature mandatory="true" name="F_2B8CC8357F82">
						<description>
							Lorem ipsum dolor sit amet, consetet
						</description>
					</feature>
					<feature mandatory="true" name="F_5BAFAD3B5DC7">
						<description>
							Lorem ipsum dolor sit amet, consetetur sadi
						</description>
					</feature>
				</alt>
				<feature name="F_1BFC41C5187D">
					<description>
						Lorem ipsum dolor sit amet, consetetur sadipscing elitr, sed diam nonumy eirmod tempor invidunt ut labore et dolore magna aliquyam erat, sed diam vol
					</description>
				</feature>
				<alt mandatory="true" name="F_121AABC3C03E">
					<description>
						Lorem ipsum dolor sit amet, consetetur sadipscing elitr, sed diam nonumy eirmod tempor invidunt ut labore et dolore magna aliquyam erat, sed diam voluptua. At vero eos et accusam et justo duo dolores et ea rebum. S
					</description>
					<feature mandatory="true" name="F_D6FA820F663D">
						<description>
							Lorem ipsum dolor sit amet, consetetur sadip
						</description>
					</feature>
					<feature mandatory="true" name="F_8E143AF2020E">
						<description>
							Lorem ipsum dolor sit amet, consetetur sadipscing elitr, sed diam nonumy eirmod t
						</description>
					</feature>
					<feature mandatory="true" name="F_D59577CA8CAE">
						<description>
							Lorem ipsum dolor sit amet, consetetur sadipscing elitr, sed diam non
						</description>
					</feature>
				</alt>
				<alt name="F_6C577E28F313">
					<description>
						Lorem ipsum dolor sit amet, consetetur sadipscing elitr, sed diam nonumy eirmod tempor invidunt ut labore et dolore magna aliquyam erat, sed diam voluptua. At vero eos et accusam et justo duo dolores et ea rebum. Stet clita kasd gubergren, no sea takimata sanctus est Lorem ipsum dolor sit amet. Lorem ipsum dolor sit amet, consetetur sadipscing elitr, sed diam nonumy
					</description>
					<feature mandatory="true" name="F_502EC63733A2">
						<description>
							
						</description>
					</feature>
					<feature mandatory="true" name="F_C12C1B87F175">
						<description>
							Lorem ipsum dolor sit amet, consetetur sadipscing elitr, sed diam nonumy eirmod tempor invidun
						</description>
					</feature>
					<feature mandatory="true" name="F_65CB06783F5A">
						<description>
							Lorem ipsum dolor sit amet, consetetur sadipscing elitr, sed diam nonumy eirmod te
						</description>
					</feature>
					<feature mandatory="true" name="F_4953820240C6">
						<description>
							Lorem ipsum dolor sit amet, consetetur sadipscing elitr, sed diam nonumy eirmod
						</description>
					</feature>
					<feature mandatory="true" name="F_A3F80EB015BC">
						<description>
							Lorem ipsum dolor
						</description>
					</feature>
				</alt>
				<alt mandatory="true" name="F_F9C8788B5582">
					<description>
						Lorem ipsum dolor sit amet, consetetur sadipscing elitr, sed diam nonumy eirmod tempor invidunt ut labore et dolore magna aliquyam erat, sed diam voluptua. At vero eos et accusam et justo duo dolores et ea rebum. Stet clita kasd gubergren, no sea takimata sanctus est Lorem ipsum dolor sit amet. Lorem ipsum dolor sit amet, consetetur sadipscing elitr, sed diam nonumy eirmod tempor invidunt ut labore et dolore magna aliquyam erat, sed diam voluptua. At vero eos et
					</description>
					<feature mandatory="true" name="F_E1E2240A403B">
						<description>
							Lorem ipsum dolor sit amet, consetetur sadipscing eli
						</description>
					</feature>
					<feature mandatory="true" name="F_54E74651E0D1">
						<description>
							Lorem ipsum dolor sit a
						</description>
					</feature>
					<feature mandatory="true" name="F_22E8549D6815">
						<description>
							Lorem ipsum dolor sit amet,
						</description>
					</feature>
					<feature mandatory="true" name="F_BDD6BA21FE59">
						<description>
							Lorem ipsum dolor sit ame
						</description>
					</feature>
				</alt>
				<feature name="F_E403069AD2F6">
					<description>
						
					</description>
				</feature>
				<feature mandatory="true" name="F_4CC196FE3EAD">
					<description>
						Lorem ipsum dolor sit amet, consetetur sadipscing
					</description>
				</feature>
				<alt mandatory="true" name="F_CF2E7657B98A">
					<description>
						Lorem ipsum dolor sit amet, consetetur sadipscing elitr, sed diam nonumy eirmod tempor invidunt ut labore et dolore magna aliquyam erat, sed diam voluptua. At vero eos et accusam et justo duo dolores et ea rebum. Stet clita kasd gubergren, no sea takimata sanctus est Lorem ipsum dolor sit amet. Lorem ipsum dolor sit amet, consetetur sadipscing elitr, sed diam nonumy eirmod tempor invidunt ut labore et dolore magna aliquyam erat, sed diam voluptua. At vero eos et accusam et justo duo dolores et ea rebum. Stet clita kasd gubergren,
					</description>
					<feature mandatory="true" name="F_862F0A30CD3C">
						<description>
							
						</description>
					</feature>
					<feature mandatory="true" name="F_C77B9E29AA8F">
						<description>
							
						</description>
					</feature>
				</alt>
				<alt mandatory="true" name="F_DED597264011">
					<description>
						Lorem ipsum dolor sit amet, consetetur sadipscing elitr, sed diam nonumy eirmod tempor invidunt ut labore e
					</description>
					<feature mandatory="true" name="F_DCB290CA9A30">
						<description>
							Lorem i
						</description>
					</feature>
					<feature mandatory="true" name="F_51DD61071340">
						<description>
							Lorem i
						</description>
					</feature>
					<feature mandatory="true" name="F_18D9FDF0C9E9">
						<description>
							Lorem ipsum dolor sit amet, consetetur sadipscing elitr, sed diam nonumy eirmod tempor invidu
						</description>
					</feature>
					<feature mandatory="true" name="F_5EFFA800EE1A">
						<description>
							Lorem ipsum dolor sit amet, consetetur sadipscing elitr, sed diam nonumy eirmod tempor invidunt ut labore et
						</description>
					</feature>
					<feature mandatory="true" name="F_50B1C3AD5734">
						<description>
							Lorem ipsum dolor sit amet, consetetur sadipscing elitr, sed diam nonumy eirmod tempor invi
						</description>
					</feature>
					<feature mandatory="true" name="F_FB9E430EDACE">
						<description>
							Lorem ipsum dolor sit amet, consetetur sadipscing elitr, sed diam nonumy eirmod tempor invidunt ut labore et d
						</description>
					</feature>
					<feature mandatory="true" name="F_8C2C122A9540">
						<description>
							Lorem i
						</description>
					</feature>
					<feature mandatory="true" name="F_44E4C23ACCBC">
						<description>
							Lorem ipsum dolor sit amet, consetetur sadipscing elitr, sed diam nonumy eirmod tempor invidunt ut labore et
						</description>
					</feature>
					<feature mandatory="true" name="F_04472A8A1421">
						<description>
							Lorem ipsum dolor sit amet, consetetur sadipscing elitr, sed diam nonumy eirmod tempor invi
						</description>
					</feature>
					<feature mandatory="true" name="F_FEED4AEC2F9B">
						<description>
							Lorem i
						</description>
					</feature>
					<feature mandatory="true" name="F_F834EB3FED45">
						<description>
							Lorem ip
						</description>
					</feature>
					<feature mandatory="true" name="F_5D55370FFB4B">
						<description>
							Lorem ipsum dolor sit amet, consetetur sadipscing elitr, sed diam nonumy eirmod tempor invidu
						</description>
					</feature>
					<feature mandatory="true" name="F_5D2BCBDBB825">
						<description>
							Lorem ipsum dolor sit amet, consetetur sadipscing elitr, sed diam nonumy eirmod tempor invid
						</description>
					</feature>
					<feature mandatory="true" name="F_6D7D923FAB33">
						<description>
							Lorem ipsum dolor sit amet, consetetur sadipscing elitr, sed diam nonumy eirmod tempor invidu
						</description>
					</feature>
					<feature mandatory="true" name="F_85CE5CFE8390">
						<description>
							Lorem ipsum dolor sit amet, consetetur sadipscing elitr, sed diam nonumy eirmod tempor invidu
						</description>
					</feature>
					<feature mandatory="true" name="F_41631878B72F">
						<description>
							Lorem ipsum dolor sit amet, consetetur sadipscing elitr, sed diam nonumy eirmod tempor invidu
						</description>
					</feature>
					<feature mandatory="true" name="F_FE59776ED689">
						<description>
							Lorem ipsum dolor sit amet, consetetur sadipscing elitr, sed diam nonumy eirmod tempor invidun
						</description>
					</feature>
					<feature mandatory="true" name="F_3D41E566D269">
						<description>
							Lorem ipsum dolor sit amet, consetetur sadipscing elitr, sed diam nonumy eirmod tempor invidun
						</description>
					</feature>
					<feature mandatory="true" name="F_B611410ACCB0">
						<description>
							Lorem ipsum dolor sit amet, consetetur sadipscing elitr, sed diam nonumy eirmod tempor invidun
						</description>
					</feature>
					<feature mandatory="true" name="F_697E843BE43D">
						<description>
							Lorem ipsum dolor sit amet, consetetur sadipscing elitr, sed diam nonumy eirmod tempor invidu
						</description>
					</feature>
					<feature mandatory="true" name="F_9FEAE7ECE4F5">
						<description>
							Lorem ipsum dolor sit amet, consetetur sadipscing elitr, sed diam nonumy eirmod tempor invidu
						</description>
					</feature>
					<feature mandatory="true" name="F_5D57683A11A2">
						<description>
							Lorem ipsum dolor sit amet, consetetur sadipscing elitr, sed diam nonumy eirmod tempor invidu
						</description>
					</feature>
					<feature mandatory="true" name="F_C97F496DD3EF">
						<description>
							Lorem ipsum dolor sit amet, consetetur sadipscing elitr, sed diam nonumy eirmod tempor invid
						</description>
					</feature>
					<feature mandatory="true" name="F_A64E085081AD">
						<description>
							Lorem ipsum dolor sit amet, consetetur sadipscing elitr, sed diam nonumy eirmod tempor invid
						</description>
					</feature>
					<feature mandatory="true" name="F_5007BAC59F57">
						<description>
							Lorem ip
						</description>
					</feature>
					<feature mandatory="true" name="F_1FD0E01C7344">
						<description>
							
						</description>
					</feature>
				</alt>
				<alt mandatory="true" name="F_5BBCA14E9B0E">
					<description>
						Lorem ipsum dolor sit amet, consetetur sadipscing elitr, sed diam nonumy eirmod tempor invidunt ut labore et dolore magna aliquyam erat, sed diam voluptua. At vero eos et accusam et justo duo dolores et ea rebum. Stet clita kasd gubergren, no sea takimata sanctus est Lorem ipsum dolor sit amet. Lorem ipsum dolor
					</description>
					<feature mandatory="true" name="F_5B2E4589500D">
						<description>
							Lorem i
						</description>
					</feature>
					<feature mandatory="true" name="F_6FD8FD9ADBFC">
						<description>
							Lorem ipsum dolor sit amet, consetetur sadipscing elitr, sed diam nonumy eir
						</description>
					</feature>
					<feature mandatory="true" name="F_23D9F5B7C525">
						<description>
							Lorem ipsum dolor sit amet, consetetur sadipscing elitr, sed diam n
						</description>
					</feature>
					<feature mandatory="true" name="F_BF00F5941440">
						<description>
							Lorem ipsum dolor sit amet, consetetur sadipscing elitr, sed diam nonumy
						</description>
					</feature>
					<feature mandatory="true" name="F_6DBE1FF610FA">
						<description>
							Lorem ipsum dolor sit amet, consetetur sadipscing elitr, sed diam nonumy ei
						</description>
					</feature>
					<feature mandatory="true" name="F_E5DBBD0BD1EB">
						<description>
							Lorem ipsum dolor sit amet, consetetur sadipscing elitr, sed diam nonumy eirmod tempor
						</description>
					</feature>
					<feature mandatory="true" name="F_C8E6B16EE6E8">
						<description>
							Lorem ipsum dolor sit amet, consetetur sadipscing elitr, sed diam nonumy eirmo
						</description>
					</feature>
					<feature mandatory="true" name="F_E328B2A65496">
						<description>
							Lorem ipsum dolor sit amet, consetetur sadipscing elitr, sed diam nonumy eirmod tempor invidunt ut labore et dolore magna aliquyam erat, sed diam v
						</description>
					</feature>
					<feature mandatory="true" name="F_804417AAC25A">
						<description>
							Lorem ipsum dolor sit amet, consetetur sadipscing elitr, sed diam nonumy eirmod tempor invid
						</description>
					</feature>
					<feature mandatory="true" name="F_C249F24742FD">
						<description>
							Lorem ipsum dolor sit amet, consetetur sadipscing elitr, sed diam nonumy eirmod
						</description>
					</feature>
					<feature mandatory="true" name="F_95C5DE380DF2">
						<description>
							Lorem ipsum dolor sit amet, consetetur sadipscing elitr, sed diam nonumy eirmod
						</description>
					</feature>
					<feature mandatory="true" name="F_1868316F612E">
						<description>
							Lorem ipsum dolor sit amet, consetetur sadipscing elitr, sed diam nonumy eirmod tempor invidunt ut labore et dolore magna aliquyam e
						</description>
					</feature>
					<feature mandatory="true" name="F_C743F8EFB4D5">
						<description>
							Lorem ipsum dolor sit amet, consetetur sadipscing elitr, sed diam nonumy eirmod tempor invidunt ut labore et dolore magna aliquyam erat, sed diam voluptua. At vero eos et accusam et justo duo
						</description>
					</feature>
					<feature mandatory="true" name="F_A1A8A7CA9E64">
						<description>
							Lorem ipsum dolor sit amet, consetetur sadipscing elitr, sed diam nonumy eirmod tempor invidunt ut labore et dolore magna aliquyam erat, sed d
						</description>
					</feature>
					<feature mandatory="true" name="F_7773A76698B5">
						<description>
							
						</description>
					</feature>
				</alt>
				<alt mandatory="true" name="F_79119FBD48C5">
					<description>
						Lorem ipsum dolor sit amet, consetetur sadipscing elitr, sed diam nonumy eirmod tempor invidunt ut labore et dolore magna aliquyam erat,
					</description>
					<feature mandatory="true" name="F_CE98C26B53C6">
						<description>
							Lorem ipsum dolor sit amet, consetetu
						</description>
					</feature>
					<feature mandatory="true" name="F_FB20195EFCE1">
						<description>
							Lorem ipsum dolor s
						</description>
					</feature>
					<feature mandatory="true" name="F_4AF1653B9726">
						<description>
							Lorem ipsum dolor s
						</description>
					</feature>
					<feature mandatory="true" name="F_C8B970129499">
						<description>
							Lorem ipsum dolor s
						</description>
					</feature>
					<feature mandatory="true" name="F_2C6A1F4AF29A">
						<description>
							Lorem ipsum dolor
						</description>
					</feature>
					<feature mandatory="true" name="F_81F35F14B3D1">
						<description>
							Lorem ipsum dolor s
						</description>
					</feature>
					<feature mandatory="true" name="F_96202116771A">
						<description>
							Lorem ipsum dolor sit amet,
						</description>
					</feature>
					<feature mandatory="true" name="F_B57A1A538889">
						<description>
							Lorem ipsum dolor sit amet, conset
						</description>
					</feature>
					<feature mandatory="true" name="F_D4B668BE676D">
						<description>
							Lorem ipsum dolor sit amet,
						</description>
					</feature>
					<feature mandatory="true" name="F_678DBC18571F">
						<description>
							Lorem ipsum dolor sit amet, c
						</description>
					</feature>
					<feature mandatory="true" name="F_4DB4D354C6D0">
						<description>
							Lorem ipsum dolor sit amet,
						</description>
					</feature>
					<feature mandatory="true" name="F_F3C6F5A5F0CB">
						<description>
							Lorem ipsum dolor sit amet,
						</description>
					</feature>
					<feature mandatory="true" name="F_780770CFC6E8">
						<description>
							Lorem ipsum dolor sit amet,
						</description>
					</feature>
					<feature mandatory="true" name="F_05AF41774251">
						<description>
							Lorem ipsum dolor sit amet, c
						</description>
					</feature>
					<feature mandatory="true" name="F_63FE20E968EE">
						<description>
							Lorem ipsum dolor sit amet,
						</description>
					</feature>
					<feature mandatory="true" name="F_97A81A1496C0">
						<description>
							Lorem ipsum dolor sit amet,
						</description>
					</feature>
					<feature mandatory="true" name="F_5BBC726E9645">
						<description>
							Lorem i
						</description>
					</feature>
				</alt>
				<feature name="F_6FB13DFD13D9">
					<description>
						Lorem ipsum dolor sit amet, consetetur sadipscing elitr, sed diam nonumy eirmod tempor invidunt ut labore et dolore magna aliquyam erat, sed diam voluptua. At vero eos et accusam et jus
					</description>
				</feature>
				<alt name="F_8E3E021B9833">
					<description>
						Lorem ipsum dolor sit amet, consetetur sadipscing elitr, sed diam nonumy eirmod tempor invidunt ut labore et dolore magna aliquyam erat, sed diam voluptua
					</description>
					<feature mandatory="true" name="F_EE22243B86D7">
						<description>
							Lorem ipsum dolor sit amet, consetetur sadipscing elitr, sed diam non
						</description>
					</feature>
					<feature mandatory="true" name="F_76C64BD45A3F">
						<description>
							Lorem ipsum dolor sit amet, consetetur sadipscing elitr, sed diam nonumy eirmod tempor invidunt ut labore et dolo
						</description>
					</feature>
					<feature mandatory="true" name="F_B2D27DE5EAC2">
						<description>
							
						</description>
					</feature>
					<feature mandatory="true" name="F_9B12E4B2F5E8">
						<description>
							Lorem ipsum dolor sit amet, consetetur sadipscing elitr, sed diam nonumy eirmod tempor invidunt ut labore et dolore magna a
						</description>
					</feature>
				</alt>
				<alt name="F_993DED6D04A5">
					<description>
						Lorem ipsum dolor sit amet, consetetur sadipscin
					</description>
					<feature mandatory="true" name="F_61923576DA61">
						<description>
							Lorem ipsum
						</description>
					</feature>
					<feature mandatory="true" name="F_C951C3F2945F">
						<description>
							Lorem ipsum dolor sit amet, cons
						</description>
					</feature>
					<feature mandatory="true" name="F_6A71063E30A3">
						<description>
							Lorem ipsum dolor sit amet, consetetur sadi
						</description>
					</feature>
					<feature mandatory="true" name="F_09E5B8388C79">
						<description>
							Lorem ipsum
						</description>
					</feature>
					<feature mandatory="true" name="F_FFEC99186901">
						<description>
							Lorem ipsum dolor sit amet, consetetur sadipscin
						</description>
					</feature>
				</alt>
				<feature name="F_A44F5DEBF8D6">
					<description>
						Lorem ipsum dolor sit amet, consetetur sadipscing elitr, sed diam nonumy eirmod tempor invidunt ut labore et dolore magna aliquyam erat, sed diam voluptua. At vero eos et accusam et justo duo dolores et ea rebum. Stet clita kasd gubergren, no sea takimata sanctus est Lorem ipsum dolor sit amet. Lorem ipsum dolor sit amet, consetetur sadipscing elitr, sed diam nonumy eirmod
					</description>
				</feature>
				<and mandatory="true" name="F_3666749333DB">
					<description>
						Lorem ipsum dolor sit amet, consetetur sadipscing elitr, sed diam nonumy eirmod tempor invidunt ut labore et dolore magna aliquyam erat, sed diam voluptua. At vero eos et accusam et justo duo dolores et ea rebum. Stet clita kasd gubergren, no sea takimata sanctus est Lorem ipsum dolor sit amet. Lorem ipsum dolor sit amet, consetetur sadipscing elitr, sed diam nonumy eirmod tempor invidunt ut labore et dolore magna aliquyam erat, sed diam voluptua. At vero eos et accusam et justo duo dolores et ea rebum. Stet clita kasd gubergren, no sea takimata sanctus est Lorem ipsum dolor sit amet. Lorem ipsum dolor sit amet, consetetur sadipscing elitr, sed diam nonumy eirmod tempor
					</description>
					<alt mandatory="true" name="I_1239563943__F_A94A0AA43390">
						<description>
							Lorem ipsum dolor sit amet, consetetur sadipscing elitr, sed diam nonumy eirmod tempor invidunt ut labore et dolore magna aliquyam erat, sed diam voluptua. At vero eos et accusam et justo
						</description>
						<feature mandatory="true" name="I_1239563943__F_62C86688A0D1">
							<description>
								Lorem ipsum d
							</description>
						</feature>
						<feature mandatory="true" name="I_1239563943__F_FE35F0686650">
							<description>
								Lorem ipsum d
							</description>
						</feature>
						<feature mandatory="true" name="I_1239563943__F_3BA638A46CB5">
							<description>
								Lorem ipsum d
							</description>
						</feature>
						<feature mandatory="true" name="I_1239563943__F_03CA3C110D82">
							<description>
								Lorem ipsum d
							</description>
						</feature>
						<feature mandatory="true" name="I_1239563943__F_20644FB4D4FB">
							<description>
								Lorem ipsum d
							</description>
						</feature>
						<feature mandatory="true" name="I_1239563943__F_1E5F933999B4">
							<description>
								Lorem ipsum d
							</description>
						</feature>
						<feature mandatory="true" name="I_1239563943__F_A6E7D9C41493">
							<description>
								Lorem ipsum d
							</description>
						</feature>
						<feature mandatory="true" name="I_1239563943__F_9C4817DCA564">
							<description>
								Lorem ipsum d
							</description>
						</feature>
						<feature mandatory="true" name="I_1239563943__F_64A81CF9C419">
							<description>
								Lorem ipsum d
							</description>
						</feature>
						<feature mandatory="true" name="I_1239563943__F_4BC95E37E474">
							<description>
								Lorem ipsum do
							</description>
						</feature>
						<feature mandatory="true" name="I_1239563943__F_04F72A107751">
							<description>
								Lorem ipsum do
							</description>
						</feature>
						<feature mandatory="true" name="I_1239563943__F_F6F108313DC4">
							<description>
								Lorem ipsum do
							</description>
						</feature>
						<feature mandatory="true" name="I_1239563943__F_8086B25D7606">
							<description>
								Lorem ipsum do
							</description>
						</feature>
						<feature mandatory="true" name="I_1239563943__F_4E49BFFA2C93">
							<description>
								Lorem ipsum do
							</description>
						</feature>
						<feature mandatory="true" name="I_1239563943__F_D044F3E813F3">
							<description>
								Lorem ipsum dol
							</description>
						</feature>
					</alt>
					<alt mandatory="true" name="I_4179893771__F_7EA7D83D5F95">
						<description>
							Lorem ipsum dolor sit amet, consetetur sadipscing elitr, sed diam nonumy eirmod tempor invidunt ut labore et dolore magna aliquyam erat, sed diam voluptua. At vero eos et accusam et justo
						</description>
						<feature mandatory="true" name="I_4179893771__F_4BBB1189C7DE">
							<description>
								Lorem ipsum d
							</description>
						</feature>
						<feature mandatory="true" name="I_4179893771__F_07611539439E">
							<description>
								Lorem ipsum d
							</description>
						</feature>
						<feature mandatory="true" name="I_4179893771__F_26439DDB6853">
							<description>
								Lorem ipsum d
							</description>
						</feature>
						<feature mandatory="true" name="I_4179893771__F_D59AECD6304A">
							<description>
								Lorem ipsum d
							</description>
						</feature>
						<feature mandatory="true" name="I_4179893771__F_70E72C7FDBA3">
							<description>
								Lorem ipsum d
							</description>
						</feature>
						<feature mandatory="true" name="I_4179893771__F_E87D1FBF0BEF">
							<description>
								Lorem ipsum d
							</description>
						</feature>
						<feature mandatory="true" name="I_4179893771__F_41D22052F93E">
							<description>
								Lorem ipsum d
							</description>
						</feature>
						<feature mandatory="true" name="I_4179893771__F_6B2FC6D1C225">
							<description>
								Lorem ipsum d
							</description>
						</feature>
						<feature mandatory="true" name="I_4179893771__F_26A8A6C6586A">
							<description>
								Lorem ipsum d
							</description>
						</feature>
						<feature mandatory="true" name="I_4179893771__F_1573C16C9E95">
							<description>
								Lorem ipsum do
							</description>
						</feature>
						<feature mandatory="true" name="I_4179893771__F_DFF78964E89C">
							<description>
								Lorem ipsum do
							</description>
						</feature>
						<feature mandatory="true" name="I_4179893771__F_644E05AC3CD7">
							<description>
								Lorem ipsum do
							</description>
						</feature>
						<feature mandatory="true" name="I_4179893771__F_AF7A934C6DF1">
							<description>
								Lorem ipsum do
							</description>
						</feature>
						<feature mandatory="true" name="I_4179893771__F_7A8BC5C4F8FA">
							<description>
								Lorem ipsum do
							</description>
						</feature>
						<feature mandatory="true" name="I_4179893771__F_751BF425A369">
							<description>
								Lorem ipsum dol
							</description>
						</feature>
					</alt>
					<alt mandatory="true" name="I_3699511269__F_EADDCDF39CE1">
						<description>
							Lorem ipsum dolor sit amet, consetetur sadipscing elitr, sed diam nonumy eirmod tempor invidunt ut labore et dolore magna aliquyam erat, sed diam voluptua. At vero eos et accusam et justo
						</description>
						<feature mandatory="true" name="I_3699511269__F_A6F5E0C39543">
							<description>
								Lorem ipsum d
							</description>
						</feature>
						<feature mandatory="true" name="I_3699511269__F_803381D4F797">
							<description>
								Lorem ipsum d
							</description>
						</feature>
						<feature mandatory="true" name="I_3699511269__F_B2DE0F7BFC7E">
							<description>
								Lorem ipsum d
							</description>
						</feature>
						<feature mandatory="true" name="I_3699511269__F_3557E9B3E656">
							<description>
								Lorem ipsum d
							</description>
						</feature>
						<feature mandatory="true" name="I_3699511269__F_230A4281768C">
							<description>
								Lorem ipsum d
							</description>
						</feature>
						<feature mandatory="true" name="I_3699511269__F_E712A6B29B2E">
							<description>
								Lorem ipsum d
							</description>
						</feature>
						<feature mandatory="true" name="I_3699511269__F_698586002F5B">
							<description>
								Lorem ipsum d
							</description>
						</feature>
						<feature mandatory="true" name="I_3699511269__F_894470722D95">
							<description>
								Lorem ipsum d
							</description>
						</feature>
						<feature mandatory="true" name="I_3699511269__F_A85B9C77D305">
							<description>
								Lorem ipsum d
							</description>
						</feature>
						<feature mandatory="true" name="I_3699511269__F_2D0A4FADE035">
							<description>
								Lorem ipsum do
							</description>
						</feature>
						<feature mandatory="true" name="I_3699511269__F_304FBBF3DAC5">
							<description>
								Lorem ipsum do
							</description>
						</feature>
						<feature mandatory="true" name="I_3699511269__F_9A6076389E6F">
							<description>
								Lorem ipsum do
							</description>
						</feature>
						<feature mandatory="true" name="I_3699511269__F_ABC50156D743">
							<description>
								Lorem ipsum do
							</description>
						</feature>
						<feature mandatory="true" name="I_3699511269__F_46F7CB6E687A">
							<description>
								Lorem ipsum do
							</description>
						</feature>
						<feature mandatory="true" name="I_3699511269__F_56211C0D8466">
							<description>
								Lorem ipsum dol
							</description>
						</feature>
					</alt>
					<alt mandatory="true" name="I_1816407881__F_D801FAEC5B4A">
						<description>
							Lorem ipsum dolor sit amet, consetetur sadipscing elitr, sed diam nonumy eirmod tempor invidunt ut labore et dolore magna aliquyam erat, sed diam voluptua. At vero eos et accusam et justo
						</description>
						<feature mandatory="true" name="I_1816407881__F_A0849D60F145">
							<description>
								Lorem ipsum d
							</description>
						</feature>
						<feature mandatory="true" name="I_1816407881__F_06DB51937B8E">
							<description>
								Lorem ipsum d
							</description>
						</feature>
						<feature mandatory="true" name="I_1816407881__F_022214040217">
							<description>
								Lorem ipsum d
							</description>
						</feature>
						<feature mandatory="true" name="I_1816407881__F_984A13EB1671">
							<description>
								Lorem ipsum d
							</description>
						</feature>
						<feature mandatory="true" name="I_1816407881__F_1DBFB26E51B5">
							<description>
								Lorem ipsum d
							</description>
						</feature>
						<feature mandatory="true" name="I_1816407881__F_2B54B9BD0DD3">
							<description>
								Lorem ipsum d
							</description>
						</feature>
						<feature mandatory="true" name="I_1816407881__F_0253573911A5">
							<description>
								Lorem ipsum d
							</description>
						</feature>
						<feature mandatory="true" name="I_1816407881__F_1EE52AB5F1B0">
							<description>
								Lorem ipsum d
							</description>
						</feature>
						<feature mandatory="true" name="I_1816407881__F_DDBDD96BD97B">
							<description>
								Lorem ipsum d
							</description>
						</feature>
						<feature mandatory="true" name="I_1816407881__F_B940424A195F">
							<description>
								Lorem ipsum do
							</description>
						</feature>
						<feature mandatory="true" name="I_1816407881__F_0007442D0948">
							<description>
								Lorem ipsum do
							</description>
						</feature>
						<feature mandatory="true" name="I_1816407881__F_15E85E9C0F76">
							<description>
								Lorem ipsum do
							</description>
						</feature>
						<feature mandatory="true" name="I_1816407881__F_ABFC3E3E79D4">
							<description>
								Lorem ipsum do
							</description>
						</feature>
						<feature mandatory="true" name="I_1816407881__F_253BF1F8A5EA">
							<description>
								Lorem ipsum do
							</description>
						</feature>
						<feature mandatory="true" name="I_1816407881__F_C8C6190F1F6A">
							<description>
								Lorem ipsum dol
							</description>
						</feature>
					</alt>
					<alt mandatory="true" name="I_2679889338__F_C5FDAF3DF6E0">
						<description>
							Lorem ipsum dolor sit amet, consetetur sadipscing elitr, sed diam nonumy eirmod tempor invidunt ut labore et dolore magna aliquyam erat, sed diam voluptua. At vero eos et accusam et justo
						</description>
						<feature mandatory="true" name="I_2679889338__F_3647EE8577B7">
							<description>
								Lorem ipsum d
							</description>
						</feature>
						<feature mandatory="true" name="I_2679889338__F_21E12D39C960">
							<description>
								Lorem ipsum d
							</description>
						</feature>
						<feature mandatory="true" name="I_2679889338__F_49CE9B1ADF53">
							<description>
								Lorem ipsum d
							</description>
						</feature>
						<feature mandatory="true" name="I_2679889338__F_47471E0854BE">
							<description>
								Lorem ipsum d
							</description>
						</feature>
						<feature mandatory="true" name="I_2679889338__F_8005B49DD200">
							<description>
								Lorem ipsum d
							</description>
						</feature>
						<feature mandatory="true" name="I_2679889338__F_2CBA4A6E343C">
							<description>
								Lorem ipsum d
							</description>
						</feature>
						<feature mandatory="true" name="I_2679889338__F_EECA6B6E10BC">
							<description>
								Lorem ipsum d
							</description>
						</feature>
						<feature mandatory="true" name="I_2679889338__F_83DA8B788CB8">
							<description>
								Lorem ipsum d
							</description>
						</feature>
						<feature mandatory="true" name="I_2679889338__F_92B8DFD615AD">
							<description>
								Lorem ipsum d
							</description>
						</feature>
						<feature mandatory="true" name="I_2679889338__F_9AE35308D3EE">
							<description>
								Lorem ipsum do
							</description>
						</feature>
						<feature mandatory="true" name="I_2679889338__F_6E75780A0A46">
							<description>
								Lorem ipsum do
							</description>
						</feature>
						<feature mandatory="true" name="I_2679889338__F_6FD3CA69ABA1">
							<description>
								Lorem ipsum do
							</description>
						</feature>
						<feature mandatory="true" name="I_2679889338__F_41D96BC1FEFE">
							<description>
								Lorem ipsum do
							</description>
						</feature>
						<feature mandatory="true" name="I_2679889338__F_E2CF22D1DB51">
							<description>
								Lorem ipsum do
							</description>
						</feature>
						<feature mandatory="true" name="I_2679889338__F_F7EB04403C1D">
							<description>
								Lorem ipsum dol
							</description>
						</feature>
					</alt>
					<alt mandatory="true" name="I_796785942__F_CA00BD49BA4D">
						<description>
							Lorem ipsum dolor sit amet, consetetur sadipscing elitr, sed diam nonumy eirmod tempor invidunt ut labore et dolore magna aliquyam erat, sed diam voluptua. At vero eos et accusam et justo
						</description>
						<feature mandatory="true" name="I_796785942__F_3EDF1B899F54">
							<description>
								Lorem ipsum d
							</description>
						</feature>
						<feature mandatory="true" name="I_796785942__F_9C7392DF202E">
							<description>
								Lorem ipsum d
							</description>
						</feature>
						<feature mandatory="true" name="I_796785942__F_7D581F35FC47">
							<description>
								Lorem ipsum d
							</description>
						</feature>
						<feature mandatory="true" name="I_796785942__F_F257750D8500">
							<description>
								Lorem ipsum d
							</description>
						</feature>
						<feature mandatory="true" name="I_796785942__F_4954BEFD1706">
							<description>
								Lorem ipsum d
							</description>
						</feature>
						<feature mandatory="true" name="I_796785942__F_78AC94A14748">
							<description>
								Lorem ipsum d
							</description>
						</feature>
						<feature mandatory="true" name="I_796785942__F_02378AA06072">
							<description>
								Lorem ipsum d
							</description>
						</feature>
						<feature mandatory="true" name="I_796785942__F_84640C18B5C5">
							<description>
								Lorem ipsum d
							</description>
						</feature>
						<feature mandatory="true" name="I_796785942__F_FA28F03D44D2">
							<description>
								Lorem ipsum d
							</description>
						</feature>
						<feature mandatory="true" name="I_796785942__F_D58133732B3A">
							<description>
								Lorem ipsum do
							</description>
						</feature>
						<feature mandatory="true" name="I_796785942__F_13C33E440629">
							<description>
								Lorem ipsum do
							</description>
						</feature>
						<feature mandatory="true" name="I_796785942__F_F7C4F8708BDF">
							<description>
								Lorem ipsum do
							</description>
						</feature>
						<feature mandatory="true" name="I_796785942__F_0E23E4D882A1">
							<description>
								Lorem ipsum do
							</description>
						</feature>
						<feature mandatory="true" name="I_796785942__F_495D8ABB28EB">
							<description>
								Lorem ipsum do
							</description>
						</feature>
						<feature mandatory="true" name="I_796785942__F_78904B7CE3CD">
							<description>
								Lorem ipsum dol
							</description>
						</feature>
					</alt>
					<alt mandatory="true" name="I_182185208__F_6BD15B6B00AE">
						<description>
							Lorem ipsum dolor sit amet, consetetur sadipscing elitr, sed diam nonumy eirmod tempor invidunt ut labore et dolore magna aliquyam erat, sed diam voluptua. At vero eos et accusam et justo
						</description>
						<feature mandatory="true" name="I_182185208__F_2DC7C860C0FB">
							<description>
								Lorem ipsum d
							</description>
						</feature>
						<feature mandatory="true" name="I_182185208__F_8E6178217988">
							<description>
								Lorem ipsum d
							</description>
						</feature>
						<feature mandatory="true" name="I_182185208__F_1D56522F8855">
							<description>
								Lorem ipsum d
							</description>
						</feature>
						<feature mandatory="true" name="I_182185208__F_47C16B361D26">
							<description>
								Lorem ipsum d
							</description>
						</feature>
						<feature mandatory="true" name="I_182185208__F_6016C693411D">
							<description>
								Lorem ipsum d
							</description>
						</feature>
						<feature mandatory="true" name="I_182185208__F_10DC6835CA12">
							<description>
								Lorem ipsum d
							</description>
						</feature>
						<feature mandatory="true" name="I_182185208__F_C4F00CA08FDA">
							<description>
								Lorem ipsum d
							</description>
						</feature>
						<feature mandatory="true" name="I_182185208__F_B59D67B84AEF">
							<description>
								Lorem ipsum d
							</description>
						</feature>
						<feature mandatory="true" name="I_182185208__F_C1D8265E62F3">
							<description>
								Lorem ipsum d
							</description>
						</feature>
						<feature mandatory="true" name="I_182185208__F_F15E7038C4CF">
							<description>
								Lorem ipsum do
							</description>
						</feature>
						<feature mandatory="true" name="I_182185208__F_17AC3D7DC286">
							<description>
								Lorem ipsum do
							</description>
						</feature>
						<feature mandatory="true" name="I_182185208__F_FCAC0C609D1C">
							<description>
								Lorem ipsum do
							</description>
						</feature>
						<feature mandatory="true" name="I_182185208__F_4F138DDA4A14">
							<description>
								Lorem ipsum do
							</description>
						</feature>
						<feature mandatory="true" name="I_182185208__F_7EF09FB92EC4">
							<description>
								Lorem ipsum do
							</description>
						</feature>
						<feature mandatory="true" name="I_182185208__F_DF9503ECBCA0">
							<description>
								Lorem ipsum dol
							</description>
						</feature>
					</alt>
					<alt mandatory="true" name="I_3122515028__F_7A996DFF966A">
						<description>
							Lorem ipsum dolor sit amet, consetetur sadipscing elitr, sed diam nonumy eirmod tempor invidunt ut labore et dolore magna aliquyam erat, sed diam voluptua. At vero eos et accusam et justo
						</description>
						<feature mandatory="true" name="I_3122515028__F_199B6F0499AE">
							<description>
								Lorem ipsum d
							</description>
						</feature>
						<feature mandatory="true" name="I_3122515028__F_21AE0AF3D88A">
							<description>
								Lorem ipsum d
							</description>
						</feature>
						<feature mandatory="true" name="I_3122515028__F_606781B5EDCE">
							<description>
								Lorem ipsum d
							</description>
						</feature>
						<feature mandatory="true" name="I_3122515028__F_98CF569B68E0">
							<description>
								Lorem ipsum d
							</description>
						</feature>
						<feature mandatory="true" name="I_3122515028__F_A64930E4F378">
							<description>
								Lorem ipsum d
							</description>
						</feature>
						<feature mandatory="true" name="I_3122515028__F_99802EDD34E1">
							<description>
								Lorem ipsum d
							</description>
						</feature>
						<feature mandatory="true" name="I_3122515028__F_D01315C8CEDB">
							<description>
								Lorem ipsum d
							</description>
						</feature>
						<feature mandatory="true" name="I_3122515028__F_A9B847875533">
							<description>
								Lorem ipsum d
							</description>
						</feature>
						<feature mandatory="true" name="I_3122515028__F_D9E24EED157E">
							<description>
								Lorem ipsum d
							</description>
						</feature>
						<feature mandatory="true" name="I_3122515028__F_1264C92133B7">
							<description>
								Lorem ipsum do
							</description>
						</feature>
						<feature mandatory="true" name="I_3122515028__F_ECC7125E7D5A">
							<description>
								Lorem ipsum do
							</description>
						</feature>
						<feature mandatory="true" name="I_3122515028__F_0E422363C1FF">
							<description>
								Lorem ipsum do
							</description>
						</feature>
						<feature mandatory="true" name="I_3122515028__F_963369812F26">
							<description>
								Lorem ipsum do
							</description>
						</feature>
						<feature mandatory="true" name="I_3122515028__F_C83B8147F0A4">
							<description>
								Lorem ipsum do
							</description>
						</feature>
						<feature mandatory="true" name="I_3122515028__F_33978DE8C1E3">
							<description>
								Lorem ipsum dol
							</description>
						</feature>
					</alt>
					<alt mandatory="true" name="I_659058405__F_F9DDFF8A81D7">
						<description>
							Lorem ipsum dolor sit amet, consetetur sadipscing elitr, sed diam nonumy eirmod tempor invidunt ut labore et dolore magna aliquyam erat, sed diam voluptua. At vero eos et accusam et justo
						</description>
						<feature mandatory="true" name="I_659058405__F_0F95D6A22302">
							<description>
								Lorem ipsum d
							</description>
						</feature>
						<feature mandatory="true" name="I_659058405__F_530898552282">
							<description>
								Lorem ipsum d
							</description>
						</feature>
						<feature mandatory="true" name="I_659058405__F_2B36EF98B44F">
							<description>
								Lorem ipsum d
							</description>
						</feature>
						<feature mandatory="true" name="I_659058405__F_2AEC177E2FF4">
							<description>
								Lorem ipsum d
							</description>
						</feature>
						<feature mandatory="true" name="I_659058405__F_406B74FB3BAE">
							<description>
								Lorem ipsum d
							</description>
						</feature>
						<feature mandatory="true" name="I_659058405__F_CFB2808F5835">
							<description>
								Lorem ipsum d
							</description>
						</feature>
						<feature mandatory="true" name="I_659058405__F_42562F1702FB">
							<description>
								Lorem ipsum d
							</description>
						</feature>
						<feature mandatory="true" name="I_659058405__F_D05272C16E32">
							<description>
								Lorem ipsum d
							</description>
						</feature>
						<feature mandatory="true" name="I_659058405__F_65537C63F4B8">
							<description>
								Lorem ipsum d
							</description>
						</feature>
						<feature mandatory="true" name="I_659058405__F_996488FAAC20">
							<description>
								Lorem ipsum do
							</description>
						</feature>
						<feature mandatory="true" name="I_659058405__F_BD36A24B88ED">
							<description>
								Lorem ipsum do
							</description>
						</feature>
						<feature mandatory="true" name="I_659058405__F_0E30F5433341">
							<description>
								Lorem ipsum do
							</description>
						</feature>
						<feature mandatory="true" name="I_659058405__F_C63787B037E3">
							<description>
								Lorem ipsum do
							</description>
						</feature>
						<feature mandatory="true" name="I_659058405__F_4584A9ACE8B2">
							<description>
								Lorem ipsum do
							</description>
						</feature>
						<feature mandatory="true" name="I_659058405__F_77219392A173">
							<description>
								Lorem ipsum dol
							</description>
						</feature>
					</alt>
					<alt mandatory="true" name="I_905822475__F_DE0E6664961F">
						<description>
							Lorem ipsum dolor sit amet, consetetur sadipscing elitr, sed diam nonumy eirmod tempor invidunt ut labore et dolore magna aliquyam erat, sed diam voluptua. At vero eos et accusam et justo
						</description>
						<feature mandatory="true" name="I_905822475__F_81B15477F6B7">
							<description>
								Lorem ipsum d
							</description>
						</feature>
						<feature mandatory="true" name="I_905822475__F_5B7B1E8F3CE2">
							<description>
								Lorem ipsum d
							</description>
						</feature>
						<feature mandatory="true" name="I_905822475__F_5ACBAD94507D">
							<description>
								Lorem ipsum d
							</description>
						</feature>
						<feature mandatory="true" name="I_905822475__F_6296A3A75DD2">
							<description>
								Lorem ipsum d
							</description>
						</feature>
						<feature mandatory="true" name="I_905822475__F_8A12C3555750">
							<description>
								Lorem ipsum d
							</description>
						</feature>
						<feature mandatory="true" name="I_905822475__F_C5A31BB7E4D7">
							<description>
								Lorem ipsum d
							</description>
						</feature>
						<feature mandatory="true" name="I_905822475__F_45E0A63E6ACF">
							<description>
								Lorem ipsum d
							</description>
						</feature>
						<feature mandatory="true" name="I_905822475__F_31AEFE1E4899">
							<description>
								Lorem ipsum d
							</description>
						</feature>
						<feature mandatory="true" name="I_905822475__F_C9E760F2A359">
							<description>
								Lorem ipsum d
							</description>
						</feature>
						<feature mandatory="true" name="I_905822475__F_6F47587AEAD0">
							<description>
								Lorem ipsum do
							</description>
						</feature>
						<feature mandatory="true" name="I_905822475__F_53F73A994B12">
							<description>
								Lorem ipsum do
							</description>
						</feature>
						<feature mandatory="true" name="I_905822475__F_76F129F4E690">
							<description>
								Lorem ipsum do
							</description>
						</feature>
						<feature mandatory="true" name="I_905822475__F_3384E7FB3115">
							<description>
								Lorem ipsum do
							</description>
						</feature>
						<feature mandatory="true" name="I_905822475__F_4529ECA02B2B">
							<description>
								Lorem ipsum do
							</description>
						</feature>
						<feature mandatory="true" name="I_905822475__F_BD16E1A53754">
							<description>
								Lorem ipsum dol
							</description>
						</feature>
					</alt>
					<alt mandatory="true" name="I_1771433775__F_1ACB95F1426E">
						<description>
							Lorem ipsum dolor sit amet, consetetur sadipscing elitr, sed diam nonumy eirmod tempor invidunt ut labore et dolore magna aliquyam erat, sed diam voluptua. At vero eos et accusam et justo
						</description>
						<feature mandatory="true" name="I_1771433775__F_BA60C5002D21">
							<description>
								Lorem ipsum d
							</description>
						</feature>
						<feature mandatory="true" name="I_1771433775__F_76A092A172E9">
							<description>
								Lorem ipsum d
							</description>
						</feature>
						<feature mandatory="true" name="I_1771433775__F_1CEA3A2D4B60">
							<description>
								Lorem ipsum d
							</description>
						</feature>
						<feature mandatory="true" name="I_1771433775__F_682A2AEEA534">
							<description>
								Lorem ipsum d
							</description>
						</feature>
						<feature mandatory="true" name="I_1771433775__F_71EA03DA4AB2">
							<description>
								Lorem ipsum d
							</description>
						</feature>
						<feature mandatory="true" name="I_1771433775__F_096D6DF5DC06">
							<description>
								Lorem ipsum d
							</description>
						</feature>
						<feature mandatory="true" name="I_1771433775__F_F77AFAFC52BF">
							<description>
								Lorem ipsum d
							</description>
						</feature>
						<feature mandatory="true" name="I_1771433775__F_251110AD7BAF">
							<description>
								Lorem ipsum d
							</description>
						</feature>
						<feature mandatory="true" name="I_1771433775__F_8856720AA570">
							<description>
								Lorem ipsum d
							</description>
						</feature>
						<feature mandatory="true" name="I_1771433775__F_F87C4BEC7334">
							<description>
								Lorem ipsum do
							</description>
						</feature>
						<feature mandatory="true" name="I_1771433775__F_C64820642A4B">
							<description>
								Lorem ipsum do
							</description>
						</feature>
						<feature mandatory="true" name="I_1771433775__F_DBE03CCCEEA4">
							<description>
								Lorem ipsum do
							</description>
						</feature>
						<feature mandatory="true" name="I_1771433775__F_2985BD6E7BBD">
							<description>
								Lorem ipsum do
							</description>
						</feature>
						<feature mandatory="true" name="I_1771433775__F_E37A63B97D1D">
							<description>
								Lorem ipsum do
							</description>
						</feature>
						<feature mandatory="true" name="I_1771433775__F_19A71CEE030F">
							<description>
								Lorem ipsum dol
							</description>
						</feature>
					</alt>
					<alt mandatory="true" name="I_2065711297__F_AF95274F4104">
						<description>
							Lorem ipsum dolor sit amet, consetetur sadipscing elitr, sed diam nonumy eirmod tempor invidunt ut labore et dolore magna aliquyam erat, sed diam voluptua. At vero eos et accusam et justo
						</description>
						<feature mandatory="true" name="I_2065711297__F_529842AFA4C8">
							<description>
								Lorem ipsum d
							</description>
						</feature>
						<feature mandatory="true" name="I_2065711297__F_164F12AFBB62">
							<description>
								Lorem ipsum d
							</description>
						</feature>
						<feature mandatory="true" name="I_2065711297__F_F9D1403E841E">
							<description>
								Lorem ipsum d
							</description>
						</feature>
						<feature mandatory="true" name="I_2065711297__F_28B5AF900F1E">
							<description>
								Lorem ipsum d
							</description>
						</feature>
						<feature mandatory="true" name="I_2065711297__F_FB7D5E224C64">
							<description>
								Lorem ipsum d
							</description>
						</feature>
						<feature mandatory="true" name="I_2065711297__F_08674DED505A">
							<description>
								Lorem ipsum d
							</description>
						</feature>
						<feature mandatory="true" name="I_2065711297__F_CE066399B7AD">
							<description>
								Lorem ipsum d
							</description>
						</feature>
						<feature mandatory="true" name="I_2065711297__F_67E9D8B1FD69">
							<description>
								Lorem ipsum d
							</description>
						</feature>
						<feature mandatory="true" name="I_2065711297__F_5F8B7FC71433">
							<description>
								Lorem ipsum d
							</description>
						</feature>
						<feature mandatory="true" name="I_2065711297__F_74C62878CBDB">
							<description>
								Lorem ipsum do
							</description>
						</feature>
						<feature mandatory="true" name="I_2065711297__F_AD5BD42CE087">
							<description>
								Lorem ipsum do
							</description>
						</feature>
						<feature mandatory="true" name="I_2065711297__F_4606BF9CCA1F">
							<description>
								Lorem ipsum do
							</description>
						</feature>
						<feature mandatory="true" name="I_2065711297__F_E0EDABA1C375">
							<description>
								Lorem ipsum do
							</description>
						</feature>
						<feature mandatory="true" name="I_2065711297__F_64324D3F4C93">
							<description>
								Lorem ipsum do
							</description>
						</feature>
						<feature mandatory="true" name="I_2065711297__F_B0A24B40FA89">
							<description>
								Lorem ipsum dol
							</description>
						</feature>
					</alt>
					<alt mandatory="true" name="I_3218622207__F_695937009B5F">
						<description>
							Lorem ipsum dolor sit amet, consetetur sadipscing elitr, sed diam nonumy eirmod tempor invidunt ut labore et dolore magna aliquyam erat, sed diam voluptua. At vero eos et accusam et justo
						</description>
						<feature mandatory="true" name="I_3218622207__F_46EEA7DFB4F4">
							<description>
								Lorem ipsum d
							</description>
						</feature>
						<feature mandatory="true" name="I_3218622207__F_40567B628239">
							<description>
								Lorem ipsum d
							</description>
						</feature>
						<feature mandatory="true" name="I_3218622207__F_96537948C8F2">
							<description>
								Lorem ipsum d
							</description>
						</feature>
						<feature mandatory="true" name="I_3218622207__F_5711EDB411EF">
							<description>
								Lorem ipsum d
							</description>
						</feature>
						<feature mandatory="true" name="I_3218622207__F_86B4BAE72188">
							<description>
								Lorem ipsum d
							</description>
						</feature>
						<feature mandatory="true" name="I_3218622207__F_F414A10641C4">
							<description>
								Lorem ipsum d
							</description>
						</feature>
						<feature mandatory="true" name="I_3218622207__F_8C5E76E4752E">
							<description>
								Lorem ipsum d
							</description>
						</feature>
						<feature mandatory="true" name="I_3218622207__F_B1696B30E40E">
							<description>
								Lorem ipsum d
							</description>
						</feature>
						<feature mandatory="true" name="I_3218622207__F_89832F1E39AF">
							<description>
								Lorem ipsum d
							</description>
						</feature>
						<feature mandatory="true" name="I_3218622207__F_8FA7248766D7">
							<description>
								Lorem ipsum do
							</description>
						</feature>
						<feature mandatory="true" name="I_3218622207__F_11A84FA538FC">
							<description>
								Lorem ipsum do
							</description>
						</feature>
						<feature mandatory="true" name="I_3218622207__F_68FB3C7197AE">
							<description>
								Lorem ipsum do
							</description>
						</feature>
						<feature mandatory="true" name="I_3218622207__F_0ECB6772EA33">
							<description>
								Lorem ipsum do
							</description>
						</feature>
						<feature mandatory="true" name="I_3218622207__F_3966463D8EF0">
							<description>
								Lorem ipsum do
							</description>
						</feature>
						<feature mandatory="true" name="I_3218622207__F_6958CA6A83AC">
							<description>
								Lorem ipsum dol
							</description>
						</feature>
					</alt>
					<alt mandatory="true" name="I_2909661457__F_77AFEC8370A9">
						<description>
							Lorem ipsum dolor sit amet, consetetur sadipscing elitr, sed diam nonumy eirmod tempor invidunt ut labore et dolore magna aliquyam erat, sed diam voluptua. At vero eos et accusam et justo
						</description>
						<feature mandatory="true" name="I_2909661457__F_6F90B123A29F">
							<description>
								Lorem ipsum d
							</description>
						</feature>
						<feature mandatory="true" name="I_2909661457__F_12AB19C5B524">
							<description>
								Lorem ipsum d
							</description>
						</feature>
						<feature mandatory="true" name="I_2909661457__F_7DA9CCB9947F">
							<description>
								Lorem ipsum d
							</description>
						</feature>
						<feature mandatory="true" name="I_2909661457__F_6A7109F1F76C">
							<description>
								Lorem ipsum d
							</description>
						</feature>
						<feature mandatory="true" name="I_2909661457__F_FF6E2AF771C1">
							<description>
								Lorem ipsum d
							</description>
						</feature>
						<feature mandatory="true" name="I_2909661457__F_BF367ACBE2D6">
							<description>
								Lorem ipsum d
							</description>
						</feature>
						<feature mandatory="true" name="I_2909661457__F_034881246080">
							<description>
								Lorem ipsum d
							</description>
						</feature>
						<feature mandatory="true" name="I_2909661457__F_A7A388B5043B">
							<description>
								Lorem ipsum d
							</description>
						</feature>
						<feature mandatory="true" name="I_2909661457__F_38F8EFE0801F">
							<description>
								Lorem ipsum d
							</description>
						</feature>
						<feature mandatory="true" name="I_2909661457__F_A15191D9EB9B">
							<description>
								Lorem ipsum do
							</description>
						</feature>
						<feature mandatory="true" name="I_2909661457__F_FFF720DF9B04">
							<description>
								Lorem ipsum do
							</description>
						</feature>
						<feature mandatory="true" name="I_2909661457__F_2160C91447A9">
							<description>
								Lorem ipsum do
							</description>
						</feature>
						<feature mandatory="true" name="I_2909661457__F_B9754FD62AA2">
							<description>
								Lorem ipsum do
							</description>
						</feature>
						<feature mandatory="true" name="I_2909661457__F_9C8060E02073">
							<description>
								Lorem ipsum do
							</description>
						</feature>
						<feature mandatory="true" name="I_2909661457__F_20F967F06DDD">
							<description>
								Lorem ipsum dol
							</description>
						</feature>
					</alt>
					<alt mandatory="true" name="I_2089054097__F_15C2E080D699">
						<description>
							Lorem ipsum dolor sit amet, consetetur sadipscing elitr, sed diam nonumy eirmod tempor invidunt ut labore et dolore magna aliquyam erat, sed diam voluptua. At vero eos et accusam et justo
						</description>
						<feature mandatory="true" name="I_2089054097__F_0F0B3B10E1AD">
							<description>
								Lorem ipsum d
							</description>
						</feature>
						<feature mandatory="true" name="I_2089054097__F_7B394CDB7217">
							<description>
								Lorem ipsum d
							</description>
						</feature>
						<feature mandatory="true" name="I_2089054097__F_4BD702532C8D">
							<description>
								Lorem ipsum d
							</description>
						</feature>
						<feature mandatory="true" name="I_2089054097__F_356F48BBBF30">
							<description>
								Lorem ipsum d
							</description>
						</feature>
						<feature mandatory="true" name="I_2089054097__F_B9A3DDF1B727">
							<description>
								Lorem ipsum d
							</description>
						</feature>
						<feature mandatory="true" name="I_2089054097__F_C020EBB0DFA3">
							<description>
								Lorem ipsum d
							</description>
						</feature>
						<feature mandatory="true" name="I_2089054097__F_7355ACABC68A">
							<description>
								Lorem ipsum d
							</description>
						</feature>
						<feature mandatory="true" name="I_2089054097__F_78D0D171A75D">
							<description>
								Lorem ipsum d
							</description>
						</feature>
						<feature mandatory="true" name="I_2089054097__F_D2015C9637D6">
							<description>
								Lorem ipsum d
							</description>
						</feature>
						<feature mandatory="true" name="I_2089054097__F_328E8D6D6BE8">
							<description>
								Lorem ipsum do
							</description>
						</feature>
						<feature mandatory="true" name="I_2089054097__F_765215B82032">
							<description>
								Lorem ipsum do
							</description>
						</feature>
						<feature mandatory="true" name="I_2089054097__F_731D8D9152D7">
							<description>
								Lorem ipsum do
							</description>
						</feature>
						<feature mandatory="true" name="I_2089054097__F_5461A30D6863">
							<description>
								Lorem ipsum do
							</description>
						</feature>
						<feature mandatory="true" name="I_2089054097__F_A14D477F37B3">
							<description>
								Lorem ipsum do
							</description>
						</feature>
						<feature mandatory="true" name="I_2089054097__F_B84C3A8A9ABF">
							<description>
								Lorem ipsum dol
							</description>
						</feature>
					</alt>
					<alt mandatory="true" name="I_1848754303__F_6409AF8884C1">
						<description>
							Lorem ipsum dolor sit amet, consetetur sadipscing elitr, sed diam nonumy eirmod tempor invidunt ut labore et dolore magna aliquyam erat, sed diam voluptua. At vero eos et accusam et justo
						</description>
						<feature mandatory="true" name="I_1848754303__F_F0A96B313E3B">
							<description>
								Lorem ipsum d
							</description>
						</feature>
						<feature mandatory="true" name="I_1848754303__F_7FF91CA60407">
							<description>
								Lorem ipsum d
							</description>
						</feature>
						<feature mandatory="true" name="I_1848754303__F_15FA5F09ECDC">
							<description>
								Lorem ipsum d
							</description>
						</feature>
						<feature mandatory="true" name="I_1848754303__F_AC12D79F6AFD">
							<description>
								Lorem ipsum d
							</description>
						</feature>
						<feature mandatory="true" name="I_1848754303__F_A3227FD0C20F">
							<description>
								Lorem ipsum d
							</description>
						</feature>
						<feature mandatory="true" name="I_1848754303__F_ABD1A557120A">
							<description>
								Lorem ipsum d
							</description>
						</feature>
						<feature mandatory="true" name="I_1848754303__F_A2E8B8C02737">
							<description>
								Lorem ipsum d
							</description>
						</feature>
						<feature mandatory="true" name="I_1848754303__F_BB3758384E5A">
							<description>
								Lorem ipsum d
							</description>
						</feature>
						<feature mandatory="true" name="I_1848754303__F_07E0C309AD3D">
							<description>
								Lorem ipsum d
							</description>
						</feature>
						<feature mandatory="true" name="I_1848754303__F_E66842F19606">
							<description>
								Lorem ipsum do
							</description>
						</feature>
						<feature mandatory="true" name="I_1848754303__F_E9D721DD622C">
							<description>
								Lorem ipsum do
							</description>
						</feature>
						<feature mandatory="true" name="I_1848754303__F_529B376C0191">
							<description>
								Lorem ipsum do
							</description>
						</feature>
						<feature mandatory="true" name="I_1848754303__F_2DF1F4C0927E">
							<description>
								Lorem ipsum do
							</description>
						</feature>
						<feature mandatory="true" name="I_1848754303__F_25D41CC36A4E">
							<description>
								Lorem ipsum do
							</description>
						</feature>
						<feature mandatory="true" name="I_1848754303__F_BB7ACA96093A">
							<description>
								Lorem ipsum dol
							</description>
						</feature>
					</alt>
					<alt mandatory="true" name="I_1143201452__F_0C33B1266AAC">
						<description>
							Lorem ipsum dolor sit amet, consetetur sadipscing elitr, sed diam nonumy eirmod tempor invidunt ut labore et dolore magna aliquyam erat, sed diam voluptua. At vero eos et accusam et justo
						</description>
						<feature mandatory="true" name="I_1143201452__F_A91A4DA36A61">
							<description>
								Lorem ipsum d
							</description>
						</feature>
						<feature mandatory="true" name="I_1143201452__F_59A390CA86BF">
							<description>
								Lorem ipsum d
							</description>
						</feature>
						<feature mandatory="true" name="I_1143201452__F_8F37433B1542">
							<description>
								Lorem ipsum d
							</description>
						</feature>
						<feature mandatory="true" name="I_1143201452__F_B8859CDF2BFA">
							<description>
								Lorem ipsum d
							</description>
						</feature>
						<feature mandatory="true" name="I_1143201452__F_EF12389DFBC6">
							<description>
								Lorem ipsum d
							</description>
						</feature>
						<feature mandatory="true" name="I_1143201452__F_2ACAB87F676B">
							<description>
								Lorem ipsum d
							</description>
						</feature>
						<feature mandatory="true" name="I_1143201452__F_A18467B3AE9A">
							<description>
								Lorem ipsum d
							</description>
						</feature>
						<feature mandatory="true" name="I_1143201452__F_A600725EABE0">
							<description>
								Lorem ipsum d
							</description>
						</feature>
						<feature mandatory="true" name="I_1143201452__F_1C4A72C462E6">
							<description>
								Lorem ipsum d
							</description>
						</feature>
						<feature mandatory="true" name="I_1143201452__F_99291A9A4037">
							<description>
								Lorem ipsum do
							</description>
						</feature>
						<feature mandatory="true" name="I_1143201452__F_722EEC36B476">
							<description>
								Lorem ipsum do
							</description>
						</feature>
						<feature mandatory="true" name="I_1143201452__F_79378FA402D6">
							<description>
								Lorem ipsum do
							</description>
						</feature>
						<feature mandatory="true" name="I_1143201452__F_585A24B3B81E">
							<description>
								Lorem ipsum do
							</description>
						</feature>
						<feature mandatory="true" name="I_1143201452__F_7A286CD79B20">
							<description>
								Lorem ipsum do
							</description>
						</feature>
						<feature mandatory="true" name="I_1143201452__F_E53A862C9892">
							<description>
								Lorem ipsum dol
							</description>
						</feature>
					</alt>
					<alt mandatory="true" name="I_270947127__F_A3AAEF2526A4">
						<description>
							Lorem ipsum dolor sit amet, consetetur sadipscing elitr, sed diam nonumy eirmod tempor invidunt ut labore et dolore magna aliquyam erat, sed diam voluptua. At vero eos et accusam et justo
						</description>
						<feature mandatory="true" name="I_270947127__F_BE4B0DFBA64F">
							<description>
								Lorem ipsum d
							</description>
						</feature>
						<feature mandatory="true" name="I_270947127__F_221D36EF7EC6">
							<description>
								Lorem ipsum d
							</description>
						</feature>
						<feature mandatory="true" name="I_270947127__F_7FF998E95C01">
							<description>
								Lorem ipsum d
							</description>
						</feature>
						<feature mandatory="true" name="I_270947127__F_C36890E93EAB">
							<description>
								Lorem ipsum d
							</description>
						</feature>
						<feature mandatory="true" name="I_270947127__F_C017E5007D17">
							<description>
								Lorem ipsum d
							</description>
						</feature>
						<feature mandatory="true" name="I_270947127__F_1D14C3B500E0">
							<description>
								Lorem ipsum d
							</description>
						</feature>
						<feature mandatory="true" name="I_270947127__F_B6D8559103D5">
							<description>
								Lorem ipsum d
							</description>
						</feature>
						<feature mandatory="true" name="I_270947127__F_A76A19AD9F51">
							<description>
								Lorem ipsum d
							</description>
						</feature>
						<feature mandatory="true" name="I_270947127__F_6752F29141D9">
							<description>
								Lorem ipsum d
							</description>
						</feature>
						<feature mandatory="true" name="I_270947127__F_AEFB2F71E86E">
							<description>
								Lorem ipsum do
							</description>
						</feature>
						<feature mandatory="true" name="I_270947127__F_0BB012523C8C">
							<description>
								Lorem ipsum do
							</description>
						</feature>
						<feature mandatory="true" name="I_270947127__F_D42FA8904D94">
							<description>
								Lorem ipsum do
							</description>
						</feature>
						<feature mandatory="true" name="I_270947127__F_641189ED49CC">
							<description>
								Lorem ipsum do
							</description>
						</feature>
						<feature mandatory="true" name="I_270947127__F_5D9F4C700FB5">
							<description>
								Lorem ipsum do
							</description>
						</feature>
						<feature mandatory="true" name="I_270947127__F_1582A20F0FFF">
							<description>
								Lorem ipsum dol
							</description>
						</feature>
					</alt>
				</and>
				<alt name="F_CE5B01CBF180">
					<description>
						Lorem ipsum dolor sit amet, consetetur
					</description>
					<feature mandatory="true" name="F_EA88F765676C">
						<description>
							Lorem ipsum dolor sit amet, consetetur sad
						</description>
					</feature>
					<feature mandatory="true" name="F_E6B792B43AAB">
						<description>
							Lorem ipsum dolor sit amet, consetetur sadipscing
						</description>
					</feature>
					<feature mandatory="true" name="F_5625FAD94DFC">
						<description>
							Lorem ipsum dolor sit amet, consetetur sadipscing elitr, sed d
						</description>
					</feature>
				</alt>
				<feature name="F_0F46C874B95F">
					<description>
						Lorem ipsum dolor sit amet, consetetur sadipscing elitr, sed diam nonumy eirmod tempor invidunt
					</description>
				</feature>
			</and>
		</struct>
		<constraints/>
		<calculations Auto="true" Constraints="true" Features="true" Redundant="true" Tautology="true"/>
		<comments>
			<c/>
		</comments>
		<featureOrder userDefined="false"/>
	</featureModel>
