<?xml version="1.0" encoding="UTF-8" standalone="no"?>
	<featureModel>
		<properties/>
		<struct>
			<and mandatory="true" name="N_3453227005__F_E9B20AE9BA32">
				<description>
					Lor
				</description>
				<feature name="F_713F31894C98">
					<description>
						
					</description>
				</feature>
				<feature name="F_2B807D641BBF">
					<description>
						
					</description>
				</feature>
				<feature name="F_AD7B65152DB2">
					<description>
						
					</description>
				</feature>
				<feature mandatory="true" name="F_4433229A4D0D">
					<description>
						
					</description>
				</feature>
				<feature name="F_4C7A68944751">
					<description>
						
					</description>
				</feature>
				<feature name="F_7833CBA7C86F">
					<description>
						
					</description>
				</feature>
				<feature mandatory="true" name="F_EA102C3A14F2">
					<description>
						
					</description>
				</feature>
				<feature name="F_240C91636072">
					<description>
						
					</description>
				</feature>
				<feature name="F_F385979EFFB0">
					<description>
						Lorem ipsum dolor sit amet, consetetur sadipscing
					</description>
				</feature>
				<feature name="F_F4668CAE452E">
					<description>
						Lorem ipsum dolor sit amet, co
					</description>
				</feature>
				<feature name="F_D50B868EBDB2">
					<description>
						Lorem ipsum dolor sit amet, consetetur sadipscing elitr, sed diam nonumy eirmod
					</description>
				</feature>
				<feature mandatory="true" name="F_D31F9FF93213">
					<description>
						
					</description>
				</feature>
				<feature mandatory="true" name="F_EB17772DE7BB">
					<description>
						
					</description>
				</feature>
				<feature name="F_BFBD0232E01F">
					<description>
						
					</description>
				</feature>
				<feature mandatory="true" name="F_548C43C77868">
					<description>
						
					</description>
				</feature>
				<feature mandatory="true" name="F_1A1FF7CB5B4A">
					<description>
						
					</description>
				</feature>
				<feature mandatory="true" name="F_1472F4A9313B">
					<description>
						
					</description>
				</feature>
				<feature mandatory="true" name="F_C474C56A96B0">
					<description>
						
					</description>
				</feature>
				<feature mandatory="true" name="F_3D7B5039DDB2">
					<description>
						
					</description>
				</feature>
				<feature mandatory="true" name="F_F2CE08763A81">
					<description>
						
					</description>
				</feature>
				<feature mandatory="true" name="F_5D45C92AEE3B">
					<description>
						
					</description>
				</feature>
				<feature mandatory="true" name="F_E3E82B603B45">
					<description>
						
					</description>
				</feature>
				<feature mandatory="true" name="F_4CFF9E4569EE">
					<description>
						
					</description>
				</feature>
				<feature mandatory="true" name="F_D6DD18BD5BCA">
					<description>
						
					</description>
				</feature>
				<feature mandatory="true" name="F_741ED80AB9C0">
					<description>
						
					</description>
				</feature>
				<feature mandatory="true" name="F_A5F8EB290F35">
					<description>
						
					</description>
				</feature>
				<feature mandatory="true" name="F_40D70F0066AB">
					<description>
						
					</description>
				</feature>
				<feature mandatory="true" name="F_71571C35233F">
					<description>
						
					</description>
				</feature>
				<feature mandatory="true" name="F_7FF95FD4C157">
					<description>
						
					</description>
				</feature>
				<feature mandatory="true" name="F_ED0B9577EDEA">
					<description>
						Lorem ipsum dolor sit amet, consetetur sadipscing elitr, sed diam nonumy eirmod tempor invidunt
					</description>
				</feature>
				<feature mandatory="true" name="F_D808C59A9E47">
					<description>
						
					</description>
				</feature>
				<feature mandatory="true" name="F_29AD1D111F99">
					<description>
						
					</description>
				</feature>
				<feature mandatory="true" name="F_207174CB8861">
					<description>
						
					</description>
				</feature>
				<feature mandatory="true" name="F_6EB33CC7E9AD">
					<description>
						
					</description>
				</feature>
				<feature mandatory="true" name="F_15CBAC2A4939">
					<description>
						
					</description>
				</feature>
				<feature mandatory="true" name="F_DABFCD79D84F">
					<description>
						
					</description>
				</feature>
				<feature mandatory="true" name="F_9A2332D0C834">
					<description>
						
					</description>
				</feature>
				<feature mandatory="true" name="F_C726CE51A468">
					<description>
						
					</description>
				</feature>
				<feature mandatory="true" name="F_9C5C6292FC4D">
					<description>
						
					</description>
				</feature>
				<feature mandatory="true" name="F_CC29F76CCD00">
					<description>
						
					</description>
				</feature>
				<feature mandatory="true" name="F_5C3F2F7BF82B">
					<description>
						
					</description>
				</feature>
				<feature mandatory="true" name="F_3331D14CC08F">
					<description>
						
					</description>
				</feature>
				<feature mandatory="true" name="F_C78998AB7F0D">
					<description>
						
					</description>
				</feature>
				<feature mandatory="true" name="F_D7FAC9323498">
					<description>
						
					</description>
				</feature>
				<feature mandatory="true" name="F_A58E9223710C">
					<description>
						
					</description>
				</feature>
				<feature mandatory="true" name="F_3131C3B6B988">
					<description>
						
					</description>
				</feature>
				<feature mandatory="true" name="F_C33B2421DA46">
					<description>
						
					</description>
				</feature>
				<feature name="F_ACBC67BEE470">
					<description>
						
					</description>
				</feature>
				<feature mandatory="true" name="F_8107AC9A5374">
					<description>
						
					</description>
				</feature>
				<feature mandatory="true" name="F_389015317412">
					<description>
						
					</description>
				</feature>
				<feature mandatory="true" name="F_AEBA92558A4C">
					<description>
						
					</description>
				</feature>
				<feature mandatory="true" name="F_6930CA9B2C6F">
					<description>
						Lorem ipsum dolor sit amet, consetetur sadipscing eli
					</description>
				</feature>
				<feature mandatory="true" name="F_E58E4096827E">
					<description>
						
					</description>
				</feature>
				<feature name="F_C991676E25A0">
					<description>
						
					</description>
				</feature>
				<feature mandatory="true" name="F_941842D34FBF">
					<description>
						
					</description>
				</feature>
				<feature name="F_64323CDD2405">
					<description>
						
					</description>
				</feature>
				<feature name="F_6C01CF8D120B">
					<description>
						
					</description>
				</feature>
				<feature name="F_4A1CC95F2C0B">
					<description>
						
					</description>
				</feature>
				<feature mandatory="true" name="F_BA1B96B5624C">
					<description>
						
					</description>
				</feature>
				<feature name="F_D9DF99399DF4">
					<description>
						
					</description>
				</feature>
				<alt mandatory="true" name="F_9C8A432C73A7">
					<description>
						Lorem ipsum dolor sit amet, consetetur sa
					</description>
					<feature mandatory="true" name="F_57A1D7156F46">
						<description>
							Lorem ipsum dolor sit a
						</description>
					</feature>
					<feature mandatory="true" name="F_4DB5C13C0B53">
						<description>
							Lorem ipsum dolor sit a
						</description>
					</feature>
					<feature mandatory="true" name="F_4459FE50F24D">
						<description>
							Lorem ipsum dolor sit a
						</description>
					</feature>
					<feature mandatory="true" name="F_DD8EFE270FEF">
						<description>
							Lorem ipsum dolor sit amet, consetetu
						</description>
					</feature>
				</alt>
				<alt mandatory="true" name="F_06DCF7096EB6">
					<description>
						Lorem ipsum dolor sit amet, consetetur s
					</description>
					<feature mandatory="true" name="F_CEDB9B28C3E0">
						<description>
							
						</description>
					</feature>
					<feature mandatory="true" name="F_3B0565581D8F">
						<description>
							Lorem ipsum dol
						</description>
					</feature>
					<feature mandatory="true" name="F_1C696EE0205C">
						<description>
							Lorem ipsum dolor s
						</description>
					</feature>
				</alt>
				<alt mandatory="true" name="F_8494025ED3F7">
					<description>
						Lorem ipsum dolor sit amet, consetetur sadipscing elitr, sed diam nonumy eirmod tempor invidunt ut labore et dolore magna aliquyam erat, sed diam voluptua.
					</description>
					<feature mandatory="true" name="F_CF2CE6CFEEEF">
						<description>
							
						</description>
					</feature>
					<feature mandatory="true" name="F_542916E56131">
						<description>
							
						</description>
					</feature>
				</alt>
				<alt mandatory="true" name="F_83DC588EB264">
					<description>
						Lorem ipsum dolor sit amet, consetetur sadipscing elitr, sed diam nonumy eirmod tempor invidunt ut labore et dolore magna aliquyam erat, sed diam voluptua. At vero eos et accusam et justo duo dolores et ea rebum. Stet clita kasd gubergren, no sea ta
					</description>
					<feature mandatory="true" name="F_BF1E651222DA">
						<description>
							Lorem ipsum dolor sit amet, conset
						</description>
					</feature>
					<feature mandatory="true" name="F_AB7481437576">
						<description>
							Lorem ipsum dolor sit
						</description>
					</feature>
					<feature mandatory="true" name="F_D3B8741CDD05">
						<description>
							Lorem ipsum dolor sit a
						</description>
					</feature>
				</alt>
				<alt mandatory="true" name="F_A165D609B7A7">
					<description>
						Lorem ipsum dolor sit amet, consetetur sadipscing elitr, sed diam nonumy eirmod tempor invidunt ut labore et dolore magna aliquyam erat, sed diam voluptua. At vero eos et ac
					</description>
					<feature mandatory="true" name="F_09215EC7ECD1">
						<description>
							
						</description>
					</feature>
					<feature mandatory="true" name="F_F3926D482412">
						<description>
							
						</description>
					</feature>
				</alt>
				<alt mandatory="true" name="F_A47926882ADE">
					<description>
						Lorem ipsum dolor sit amet, consetet
					</description>
					<feature mandatory="true" name="F_C7A1889A8166">
						<description>
							
						</description>
					</feature>
					<feature mandatory="true" name="F_522BA87DA10A">
						<description>
							
						</description>
					</feature>
				</alt>
				<alt mandatory="true" name="F_BCFE9B767607">
					<description>
						Lorem ipsum dolor sit amet, consetetur sadipscing elitr, sed diam nonumy eirmod tempor invidunt ut labo
					</description>
					<feature mandatory="true" name="F_D504B137E57C">
						<description>
							
						</description>
					</feature>
					<feature mandatory="true" name="F_74099D805201">
						<description>
							Lorem ipsum dolor sit amet, consetetur sadipscing elitr, sed diam nonumy eirmod tempor invidunt ut labore et
						</description>
					</feature>
					<feature mandatory="true" name="F_8A2115B6DEDE">
						<description>
							Lorem ipsum dolor sit amet, consetetur sadipscing elitr,
						</description>
					</feature>
					<feature mandatory="true" name="F_A2224360961F">
						<description>
							Lorem ipsum dolor sit amet, consetetur sadipscing elitr, sed diam nonumy eirmod tempor invidunt ut labore et dolore magna aliquyam erat, se
						</description>
					</feature>
				</alt>
				<alt mandatory="true" name="F_E5B53E4B007C">
					<description>
						Lorem ipsum dolor sit amet, consetetur sadipscing elitr, sed diam nonumy eirmod tempor invidunt ut labore et dolore magna aliquyam erat, sed diam voluptua. At vero eos et accusam et just
					</description>
					<feature mandatory="true" name="F_CA53A9D7D7C6">
						<description>
							
						</description>
					</feature>
					<feature mandatory="true" name="F_F97BF766268F">
						<description>
							
						</description>
					</feature>
				</alt>
				<alt mandatory="true" name="F_51BCA3CF1EA7">
					<description>
						Lorem ipsum dolor sit amet, consetetur sadipscing elitr, sed diam nonumy eirmod tempor invidunt ut labore et dolore magna aliquyam erat, sed diam voluptua. At vero eos et accusam et justo duo dolores et ea rebum. Stet clita kasd gubergren, no sea takimata sanctus est Lorem ipsum dolor sit amet. Lorem ipsum dolor sit amet, consetetur sadipscing elitr, sed diam nonumy eirmod tempor invidunt ut labore et dolore magna aliquyam erat, sed diam voluptua. At vero eos et accusam et justo duo dolores et ea rebum. Stet cli
					</description>
					<feature mandatory="true" name="F_A0ABC2D6F7B0">
						<description>
							Lorem ip
						</description>
					</feature>
					<feature mandatory="true" name="F_F51C4DE1B059">
						<description>
							Lorem ipsum d
						</description>
					</feature>
					<feature mandatory="true" name="F_0494B4F6259C">
						<description>
							Lorem ipsum dolo
						</description>
					</feature>
					<feature mandatory="true" name="F_D3FD05A74450">
						<description>
							Lorem ipsum dolor sit amet, consetetur sadipscing elitr, sed diam n
						</description>
					</feature>
					<feature mandatory="true" name="F_5F67CBC04122">
						<description>
							Lorem ipsum dolor sit amet
						</description>
					</feature>
					<feature mandatory="true" name="F_CDAA5AC56989">
						<description>
							Lorem ipsum dolor sit amet, consetetur sadipscing elitr, sed diam nonumy eirmod tempor invid
						</description>
					</feature>
				</alt>
				<or mandatory="true" name="F_182C6BA42FD5">
					<description>
						Lorem ipsum dolor sit amet, consetetur sadipscing elitr, sed diam nonumy eirmod tempor invidunt ut labore et dolore magna aliquyam erat, sed diam voluptua. At vero eos et accusam et justo duo dolores et ea rebum. Stet clita kasd gubergren, no sea takimata sanctus est Lorem ipsum dolor sit amet. Lorem ipsum dolor sit amet, consetetur sadipscing elitr, sed diam nonumy eirmod tempor
					</description>
					<feature mandatory="true" name="F_7740D0A30690">
						<description>
							
						</description>
					</feature>
					<feature mandatory="true" name="F_4BA26D96C64F">
						<description>
							Lorem ipsum dolor sit amet, consetetur sadipscing elitr, se
						</description>
					</feature>
					<feature mandatory="true" name="F_A69031CD6DEB">
						<description>
							Lorem ipsum dolor sit amet, consetetur sadipscing elitr
						</description>
					</feature>
					<feature mandatory="true" name="F_FAEC3089CE48">
						<description>
							Lorem ipsum dolor sit amet, consetetur sadipscing elitr
						</description>
					</feature>
					<feature mandatory="true" name="F_BEC9F341E301">
						<description>
							Lorem ipsum dolor sit amet, consetetur sadipscing elitr
						</description>
					</feature>
				</or>
				<alt mandatory="true" name="F_0E45DB255D5D">
					<description>
						Lorem ipsum dolor sit amet, consetetur sadipscing elitr, sed diam nonumy eirmod tempor invidunt ut labore et dolore magna aliquy
					</description>
					<feature mandatory="true" name="F_E2994898C403">
						<description>
							
						</description>
					</feature>
					<feature mandatory="true" name="F_EF749E3C8A36">
						<description>
							
						</description>
					</feature>
				</alt>
				<alt mandatory="true" name="F_CB66833678E4">
					<description>
						Lorem ipsum dolor sit amet, consetetur sadipscing elitr, sed diam nonumy eirmod tempor invidunt ut labore et dolore magna aliquyam erat,
					</description>
					<feature mandatory="true" name="F_135376499281">
						<description>
							
						</description>
					</feature>
					<feature mandatory="true" name="F_11E9B38DC5A8">
						<description>
							
						</description>
					</feature>
					<feature mandatory="true" name="F_9A070A7228E1">
						<description>
							
						</description>
					</feature>
				</alt>
				<alt mandatory="true" name="F_00550586C7C8">
					<description>
						Lorem ipsum dolor sit amet, consetetur sadipscing elitr, sed diam nonumy eirmod tempor invidunt ut labore et dolore magna aliquyam erat, sed diam
					</description>
					<feature mandatory="true" name="F_736EB782C234">
						<description>
							
						</description>
					</feature>
					<feature mandatory="true" name="F_128FE4A9E375">
						<description>
							
						</description>
					</feature>
					<feature mandatory="true" name="F_59B12A79B412">
						<description>
							
						</description>
					</feature>
				</alt>
				<alt mandatory="true" name="F_68910A3D11D5">
					<description>
						Lorem ipsum dolor sit amet, consetetur sadipscing elitr, sed diam nonumy eirmod tempor invidunt ut labore et dolore magna aliquyam
					</description>
					<feature mandatory="true" name="F_77485D67839F">
						<description>
							
						</description>
					</feature>
					<feature mandatory="true" name="F_754F8FE0D112">
						<description>
							
						</description>
					</feature>
				</alt>
				<alt mandatory="true" name="F_DF9C4AC05A3F">
					<description>
						Lorem ipsum dolor sit amet, consetetur sadipscing elitr, sed diam nonumy eirmod tempor invidunt ut labore et dolore magna aliquyam erat,
					</description>
					<feature mandatory="true" name="F_F95792E9D14D">
						<description>
							
						</description>
					</feature>
					<feature mandatory="true" name="F_E24AE9B4DD82">
						<description>
							
						</description>
					</feature>
					<feature mandatory="true" name="F_EAB7391E8176">
						<description>
							
						</description>
					</feature>
				</alt>
				<alt mandatory="true" name="F_74E9EDD66C82">
					<description>
						Lorem ipsum dolor sit amet, consetetur sadipscing elitr, sed diam nonumy eirmod tempor invidunt ut labore et dolore magna aliquyam erat, sed diam voluptua.
					</description>
					<feature mandatory="true" name="F_BB86895FDC28">
						<description>
							
						</description>
					</feature>
					<feature mandatory="true" name="F_73D7B3D058FC">
						<description>
							
						</description>
					</feature>
				</alt>
				<alt mandatory="true" name="F_30B03DCBDB08">
					<description>
						Lorem ipsum dolor sit amet, consetetur sadipscing elitr, sed diam nonumy eirmod tempor invidunt ut labore et dolore magna aliquyam erat, sed diam voluptua. At vero eos et accusam et justo duo dolores et ea rebum. Stet clita kasd gubergren, no sea takimata sanctus est Lorem ipsum dolor sit amet. Lorem ipsum dolor sit amet, consetetur sadipscing elitr, sed diam nonumy eirmod tempor invidunt ut labore et dolore magna aliquyam erat, sed dia
					</description>
					<feature mandatory="true" name="F_8CE2EA4C06C3">
						<description>
							Lorem ipsum dolor sit amet
						</description>
					</feature>
					<feature mandatory="true" name="F_875F6C9B7B78">
						<description>
							Lorem ipsum dolor sit amet, consetetur s
						</description>
					</feature>
					<feature mandatory="true" name="F_5676246845AD">
						<description>
							Lorem ipsum dolor sit amet, consetetur sa
						</description>
					</feature>
					<feature mandatory="true" name="F_706FE4BC5E4E">
						<description>
							Lorem ipsum dolor sit amet, consetetur sadi
						</description>
					</feature>
					<feature mandatory="true" name="F_8F866DF280D1">
						<description>
							Lorem ipsum dolor sit amet, consetetur sad
						</description>
					</feature>
				</alt>
				<alt mandatory="true" name="F_8B4EAC3892D6">
					<description>
						Lorem ipsum dolor sit amet, consetetur sadipscing elitr, sed diam nonumy eirmod tempor invidunt ut labore et dolore magna
					</description>
					<feature mandatory="true" name="F_307E524AD567">
						<description>
							
						</description>
					</feature>
					<feature mandatory="true" name="F_AF7D5BDD3BF0">
						<description>
							
						</description>
					</feature>
				</alt>
				<alt mandatory="true" name="F_37597A7454EE">
					<description>
						Lorem ipsum dolor sit amet, consetetur sadipscing elitr, sed diam nonumy eirmod tempor invidunt ut labore et dolore magna aliquyam erat, sed diam voluptua. At vero eos
					</description>
					<feature mandatory="true" name="F_F01669091D2E">
						<description>
							
						</description>
					</feature>
					<feature mandatory="true" name="F_11918DD700C9">
						<description>
							
						</description>
					</feature>
				</alt>
				<alt mandatory="true" name="F_824FCC36DFA8">
					<description>
						
					</description>
					<feature mandatory="true" name="F_C6872F8FFCAE">
						<description>
							
						</description>
					</feature>
					<feature mandatory="true" name="F_CDB89BF6F313">
						<description>
							
						</description>
					</feature>
					<feature mandatory="true" name="F_01FE9992C754">
						<description>
							
						</description>
					</feature>
				</alt>
				<alt mandatory="true" name="I_2057704617__F_4EF30DA94635">
					<description>
						
					</description>
					<feature mandatory="true" name="I_2057704617__F_E9BC46D99367">
						<description>
							
						</description>
					</feature>
					<feature mandatory="true" name="I_2057704617__F_75145D65C3F8">
						<description>
							Lorem ipsum dolor sit amet, consete
						</description>
					</feature>
					<feature mandatory="true" name="I_2057704617__F_37FB14E9D164">
						<description>
							
						</description>
					</feature>
					<feature mandatory="true" name="I_2057704617__F_B70F9EEC415D">
						<description>
							
						</description>
					</feature>
					<feature mandatory="true" name="I_2057704617__F_EE36A2898265">
						<description>
							Lorem ipsum dolor sit
						</description>
					</feature>
					<feature mandatory="true" name="I_2057704617__F_D7C3686934DB">
						<description>
							
						</description>
					</feature>
					<feature mandatory="true" name="I_2057704617__F_8004ABD0660E">
						<description>
							
						</description>
					</feature>
					<feature mandatory="true" name="I_2057704617__F_0A10541ED413">
						<description>
							
						</description>
					</feature>
					<feature mandatory="true" name="I_2057704617__F_865E2AA48B6D">
						<description>
							
						</description>
					</feature>
					<feature mandatory="true" name="I_2057704617__F_93416AD034A2">
						<description>
							
						</description>
					</feature>
					<feature mandatory="true" name="I_2057704617__F_D451B498EE70">
						<description>
							Lorem ipsum dolor s
						</description>
					</feature>
					<feature mandatory="true" name="I_2057704617__F_E6EAD897816A">
						<description>
							
						</description>
					</feature>
					<feature mandatory="true" name="I_2057704617__F_AC6FCF4C5E13">
						<description>
							
						</description>
					</feature>
					<feature mandatory="true" name="I_2057704617__F_46868936418E">
						<description>
							Lorem ipsum dolor si
						</description>
					</feature>
					<feature mandatory="true" name="I_2057704617__F_67728242FDE8">
						<description>
							
						</description>
					</feature>
					<feature mandatory="true" name="I_2057704617__F_7184EA3A5E85">
						<description>
							
						</description>
					</feature>
					<feature mandatory="true" name="I_2057704617__F_87CF7CD8818A">
						<description>
							
						</description>
					</feature>
					<feature mandatory="true" name="I_2057704617__F_6B75C4877212">
						<description>
							
						</description>
					</feature>
					<feature mandatory="true" name="I_2057704617__F_DFFC2929C1B4">
						<description>
							
						</description>
					</feature>
					<feature mandatory="true" name="I_2057704617__F_5D9D180B53D4">
						<description>
							
						</description>
					</feature>
					<feature mandatory="true" name="I_2057704617__F_566360885FB7">
						<description>
							
						</description>
					</feature>
					<feature mandatory="true" name="I_2057704617__F_F7AE8843632F">
						<description>
							Lorem ipsum dolor sit a
						</description>
					</feature>
					<feature mandatory="true" name="I_2057704617__F_F355A2E42A97">
						<description>
							Lorem ipsum dolor sit amet, consetetur sadips
						</description>
					</feature>
					<feature mandatory="true" name="I_2057704617__F_09891ECF12C8">
						<description>
							
						</description>
					</feature>
					<feature mandatory="true" name="I_2057704617__F_6B3FB0DBB581">
						<description>
							Lorem ipsum dolor sit am
						</description>
					</feature>
					<feature mandatory="true" name="I_2057704617__F_DD92A759EFA1">
						<description>
							
						</description>
					</feature>
					<feature mandatory="true" name="I_2057704617__F_F1F07B62F332">
						<description>
							
						</description>
					</feature>
					<feature mandatory="true" name="I_2057704617__F_9B2B4174C518">
						<description>
							Lorem ipsu
						</description>
					</feature>
					<feature mandatory="true" name="I_2057704617__F_60133BAA633A">
						<description>
							Lorem ipsum
						</description>
					</feature>
					<feature mandatory="true" name="I_2057704617__F_1C7529D6C428">
						<description>
							Lorem ipsum dolor
						</description>
					</feature>
					<feature mandatory="true" name="I_2057704617__F_0DAC34C163EF">
						<description>
							Lorem ipsum dolor s
						</description>
					</feature>
					<feature mandatory="true" name="I_2057704617__F_7B2D35C9B4D4">
						<description>
							Lorem
						</description>
					</feature>
					<feature mandatory="true" name="I_2057704617__F_4792F9E9A1D6">
						<description>
							Lorem ipsum dolor sit amet, con
						</description>
					</feature>
					<feature mandatory="true" name="I_2057704617__F_C3CEA9BDEC3B">
						<description>
							Lorem ipsum dolor sit amet, consetetur sa
						</description>
					</feature>
					<feature mandatory="true" name="I_2057704617__F_8110369050A6">
						<description>
							Lorem ipsum dolor sit a
						</description>
					</feature>
					<feature mandatory="true" name="I_2057704617__F_6B4CE86D8B3C">
						<description>
							
						</description>
					</feature>
				</alt>
				<alt mandatory="true" name="I_3926993405__F_0C3923B91E24">
					<description>
						Lorem ipsum dolor
					</description>
					<feature mandatory="true" name="I_3926993405__F_5A1BB453ED9F">
						<description>
							Lorem ipsum dolor si
						</description>
					</feature>
					<feature mandatory="true" name="I_3926993405__F_675BF9789146">
						<description>
							Lorem ipsum dolor sit amet, consetetur sadipscing elitr, se
						</description>
					</feature>
					<feature mandatory="true" name="I_3926993405__F_81804FAB86ED">
						<description>
							Lorem ipsum dolor sit amet, consetetur sadipscing elitr
						</description>
					</feature>
					<feature mandatory="true" name="I_3926993405__F_AC6A54AF7C00">
						<description>
							Lorem ipsum dolor sit amet, consetetur sadipscing elitr, sed diam nonumy eir
						</description>
					</feature>
					<feature mandatory="true" name="I_3926993405__F_FB0AF54FA5F3">
						<description>
							Lorem ipsum dolor sit amet, consetetur sadipscing elitr, sed diam nonumy eirmod tempor invi
						</description>
					</feature>
					<feature mandatory="true" name="I_3926993405__F_2E375983164C">
						<description>
							Lorem ipsum dolor sit amet, consetetur sadipscing elitr, sed diam nonumy eirmod tempor
						</description>
					</feature>
					<feature mandatory="true" name="I_3926993405__F_1985A6444510">
						<description>
							Lorem ipsum dolor sit amet, consetetur sadipscing elitr, sed diam nonumy eirmod tempor in
						</description>
					</feature>
				</alt>
				<alt mandatory="true" name="I_3001728219__F_D381AF8A5E44">
					<description>
						Lorem ipsum dolor
					</description>
					<feature mandatory="true" name="I_3001728219__F_DB060C538358">
						<description>
							Lorem ipsum dolor si
						</description>
					</feature>
					<feature mandatory="true" name="I_3001728219__F_098A626B749D">
						<description>
							Lorem ipsum dolor sit amet, consetetur sadipscing elitr, se
						</description>
					</feature>
					<feature mandatory="true" name="I_3001728219__F_09FEE3AA8DF4">
						<description>
							Lorem ipsum dolor sit amet, consetetur sadipscing elitr
						</description>
					</feature>
					<feature mandatory="true" name="I_3001728219__F_86638E25A9F3">
						<description>
							Lorem ipsum dolor sit amet, consetetur sadipscing elitr, sed diam nonumy eir
						</description>
					</feature>
					<feature mandatory="true" name="I_3001728219__F_5063535F994E">
						<description>
							Lorem ipsum dolor sit amet, consetetur sadipscing elitr, sed diam nonumy eirmod tempor invi
						</description>
					</feature>
					<feature mandatory="true" name="I_3001728219__F_021F102ED780">
						<description>
							Lorem ipsum dolor sit amet, consetetur sadipscing elitr, sed diam nonumy eirmod tempor
						</description>
					</feature>
					<feature mandatory="true" name="I_3001728219__F_49818E57C9CB">
						<description>
							Lorem ipsum dolor sit amet, consetetur sadipscing elitr, sed diam nonumy eirmod tempor in
						</description>
					</feature>
				</alt>
				<alt mandatory="true" name="I_3066166072__F_F9AF162FD745">
					<description>
						Lorem ipsum dolor
					</description>
					<feature mandatory="true" name="I_3066166072__F_C1110B06642D">
						<description>
							Lorem ipsum dolor si
						</description>
					</feature>
					<feature mandatory="true" name="I_3066166072__F_A1864AAE10DF">
						<description>
							Lorem ipsum dolor sit amet, consetetur sadipscing elitr, se
						</description>
					</feature>
					<feature mandatory="true" name="I_3066166072__F_953069F949E2">
						<description>
							Lorem ipsum dolor sit amet, consetetur sadipscing elitr
						</description>
					</feature>
					<feature mandatory="true" name="I_3066166072__F_76FDC8E03252">
						<description>
							Lorem ipsum dolor sit amet, consetetur sadipscing elitr, sed diam nonumy eir
						</description>
					</feature>
					<feature mandatory="true" name="I_3066166072__F_6B0CD48B9113">
						<description>
							Lorem ipsum dolor sit amet, consetetur sadipscing elitr, sed diam nonumy eirmod tempor invi
						</description>
					</feature>
					<feature mandatory="true" name="I_3066166072__F_75FEECDD8A1C">
						<description>
							Lorem ipsum dolor sit amet, consetetur sadipscing elitr, sed diam nonumy eirmod tempor
						</description>
					</feature>
					<feature mandatory="true" name="I_3066166072__F_DB4E2F896EB8">
						<description>
							Lorem ipsum dolor sit amet, consetetur sadipscing elitr, sed diam nonumy eirmod tempor in
						</description>
					</feature>
				</alt>
				<alt mandatory="true" name="I_2594414880__F_73BF8B6D81C6">
					<description>
						Lorem ipsum dolor
					</description>
					<feature mandatory="true" name="I_2594414880__F_AF94610967BF">
						<description>
							Lorem ipsum dolor si
						</description>
					</feature>
					<feature mandatory="true" name="I_2594414880__F_47B328FDA80D">
						<description>
							Lorem ipsum dolor sit amet, consetetur sadipscing elitr, se
						</description>
					</feature>
					<feature mandatory="true" name="I_2594414880__F_3FA8A6E7E428">
						<description>
							Lorem ipsum dolor sit amet, consetetur sadipscing elitr
						</description>
					</feature>
					<feature mandatory="true" name="I_2594414880__F_15E202CE1BED">
						<description>
							Lorem ipsum dolor sit amet, consetetur sadipscing elitr, sed diam nonumy eir
						</description>
					</feature>
					<feature mandatory="true" name="I_2594414880__F_6DDBE20C1AC0">
						<description>
							Lorem ipsum dolor sit amet, consetetur sadipscing elitr, sed diam nonumy eirmod tempor invi
						</description>
					</feature>
					<feature mandatory="true" name="I_2594414880__F_74D398284B02">
						<description>
							Lorem ipsum dolor sit amet, consetetur sadipscing elitr, sed diam nonumy eirmod tempor
						</description>
					</feature>
					<feature mandatory="true" name="I_2594414880__F_413C9EF24FA2">
						<description>
							Lorem ipsum dolor sit amet, consetetur sadipscing elitr, sed diam nonumy eirmod tempor in
						</description>
					</feature>
				</alt>
				<alt mandatory="true" name="I_2438896432__F_68F28E4E8759">
					<description>
						Lorem ipsum dolor
					</description>
					<feature mandatory="true" name="I_2438896432__F_1CEBF09B76DE">
						<description>
							Lorem ipsum dolor si
						</description>
					</feature>
					<feature mandatory="true" name="I_2438896432__F_351F1EB5F644">
						<description>
							Lorem ipsum dolor sit amet, consetetur sadipscing elitr, se
						</description>
					</feature>
					<feature mandatory="true" name="I_2438896432__F_29C7E853AFEA">
						<description>
							Lorem ipsum dolor sit amet, consetetur sadipscing elitr
						</description>
					</feature>
					<feature mandatory="true" name="I_2438896432__F_981C97D49E72">
						<description>
							Lorem ipsum dolor sit amet, consetetur sadipscing elitr, sed diam nonumy eir
						</description>
					</feature>
					<feature mandatory="true" name="I_2438896432__F_B98D39DD18E5">
						<description>
							Lorem ipsum dolor sit amet, consetetur sadipscing elitr, sed diam nonumy eirmod tempor invi
						</description>
					</feature>
					<feature mandatory="true" name="I_2438896432__F_6BE51D64734A">
						<description>
							Lorem ipsum dolor sit amet, consetetur sadipscing elitr, sed diam nonumy eirmod tempor
						</description>
					</feature>
					<feature mandatory="true" name="I_2438896432__F_06165DBFF528">
						<description>
							Lorem ipsum dolor sit amet, consetetur sadipscing elitr, sed diam nonumy eirmod tempor in
						</description>
					</feature>
				</alt>
				<alt mandatory="true" name="I_1809764789__F_C7FC41FFE716">
					<description>
						Lorem ipsum dolor
					</description>
					<feature mandatory="true" name="I_1809764789__F_5D980E5BF02D">
						<description>
							Lorem ipsum dolor si
						</description>
					</feature>
					<feature mandatory="true" name="I_1809764789__F_F82BC42F16A6">
						<description>
							Lorem ipsum dolor sit amet, consetetur sadipscing elitr, se
						</description>
					</feature>
					<feature mandatory="true" name="I_1809764789__F_CA44FCAE99A5">
						<description>
							Lorem ipsum dolor sit amet, consetetur sadipscing elitr
						</description>
					</feature>
					<feature mandatory="true" name="I_1809764789__F_0CF6E5D14BCF">
						<description>
							Lorem ipsum dolor sit amet, consetetur sadipscing elitr, sed diam nonumy eir
						</description>
					</feature>
					<feature mandatory="true" name="I_1809764789__F_FE214D4F3188">
						<description>
							Lorem ipsum dolor sit amet, consetetur sadipscing elitr, sed diam nonumy eirmod tempor invi
						</description>
					</feature>
					<feature mandatory="true" name="I_1809764789__F_7347A32BF228">
						<description>
							Lorem ipsum dolor sit amet, consetetur sadipscing elitr, sed diam nonumy eirmod tempor
						</description>
					</feature>
					<feature mandatory="true" name="I_1809764789__F_437980E8FAF4">
						<description>
							Lorem ipsum dolor sit amet, consetetur sadipscing elitr, sed diam nonumy eirmod tempor in
						</description>
					</feature>
				</alt>
				<alt mandatory="true" name="I_3127812206__F_CF6117CAFB5F">
					<description>
						Lorem ipsum dolor
					</description>
					<feature mandatory="true" name="I_3127812206__F_57E37572AED6">
						<description>
							Lorem ipsum dolor si
						</description>
					</feature>
					<feature mandatory="true" name="I_3127812206__F_6689D5993CAB">
						<description>
							Lorem ipsum dolor sit amet, consetetur sadipscing elitr, se
						</description>
					</feature>
					<feature mandatory="true" name="I_3127812206__F_FFF0379E595D">
						<description>
							Lorem ipsum dolor sit amet, consetetur sadipscing elitr
						</description>
					</feature>
					<feature mandatory="true" name="I_3127812206__F_E3028A781508">
						<description>
							Lorem ipsum dolor sit amet, consetetur sadipscing elitr, sed diam nonumy eir
						</description>
					</feature>
					<feature mandatory="true" name="I_3127812206__F_D3BA6CA0AEFB">
						<description>
							Lorem ipsum dolor sit amet, consetetur sadipscing elitr, sed diam nonumy eirmod tempor invi
						</description>
					</feature>
					<feature mandatory="true" name="I_3127812206__F_A45F687B2BDD">
						<description>
							Lorem ipsum dolor sit amet, consetetur sadipscing elitr, sed diam nonumy eirmod tempor
						</description>
					</feature>
					<feature mandatory="true" name="I_3127812206__F_FC0C0618B534">
						<description>
							Lorem ipsum dolor sit amet, consetetur sadipscing elitr, sed diam nonumy eirmod tempor in
						</description>
					</feature>
				</alt>
				<alt mandatory="true" name="I_3994531770__F_9171FDEFE560">
					<description>
						Lorem ipsum dolor
					</description>
					<feature mandatory="true" name="I_3994531770__F_27AD817288D2">
						<description>
							Lorem ipsum dolor si
						</description>
					</feature>
					<feature mandatory="true" name="I_3994531770__F_03EE9AC3BC8B">
						<description>
							Lorem ipsum dolor sit amet, consetetur sadipscing elitr, se
						</description>
					</feature>
					<feature mandatory="true" name="I_3994531770__F_308959AC3E0A">
						<description>
							Lorem ipsum dolor sit amet, consetetur sadipscing elitr
						</description>
					</feature>
					<feature mandatory="true" name="I_3994531770__F_695FCD1E7AC3">
						<description>
							Lorem ipsum dolor sit amet, consetetur sadipscing elitr, sed diam nonumy eir
						</description>
					</feature>
					<feature mandatory="true" name="I_3994531770__F_2D50621EF4D0">
						<description>
							Lorem ipsum dolor sit amet, consetetur sadipscing elitr, sed diam nonumy eirmod tempor invi
						</description>
					</feature>
					<feature mandatory="true" name="I_3994531770__F_31D307816AFC">
						<description>
							Lorem ipsum dolor sit amet, consetetur sadipscing elitr, sed diam nonumy eirmod tempor
						</description>
					</feature>
					<feature mandatory="true" name="I_3994531770__F_909D1C35486F">
						<description>
							Lorem ipsum dolor sit amet, consetetur sadipscing elitr, sed diam nonumy eirmod tempor in
						</description>
					</feature>
				</alt>
				<alt mandatory="true" name="I_27702513__F_5F2C60EDC707">
					<description>
						Lorem ipsum dolor
					</description>
					<feature mandatory="true" name="I_27702513__F_8F044D0BD642">
						<description>
							Lorem ipsum dolor si
						</description>
					</feature>
					<feature mandatory="true" name="I_27702513__F_BCE9A04BB0FB">
						<description>
							Lorem ipsum dolor sit amet, consetetur sadipscing elitr, se
						</description>
					</feature>
					<feature mandatory="true" name="I_27702513__F_A2F8921953C4">
						<description>
							Lorem ipsum dolor sit amet, consetetur sadipscing elitr
						</description>
					</feature>
					<feature mandatory="true" name="I_27702513__F_BA9D33691402">
						<description>
							Lorem ipsum dolor sit amet, consetetur sadipscing elitr, sed diam nonumy eir
						</description>
					</feature>
					<feature mandatory="true" name="I_27702513__F_799A2DE7F412">
						<description>
							Lorem ipsum dolor sit amet, consetetur sadipscing elitr, sed diam nonumy eirmod tempor invi
						</description>
					</feature>
					<feature mandatory="true" name="I_27702513__F_1056B8FBD747">
						<description>
							Lorem ipsum dolor sit amet, consetetur sadipscing elitr, sed diam nonumy eirmod tempor
						</description>
					</feature>
					<feature mandatory="true" name="I_27702513__F_2226511C33E3">
						<description>
							Lorem ipsum dolor sit amet, consetetur sadipscing elitr, sed diam nonumy eirmod tempor in
						</description>
					</feature>
				</alt>
				<alt mandatory="true" name="I_794248616__F_F8A47A25CD25">
					<description>
						Lorem ipsum dolor
					</description>
					<feature mandatory="true" name="I_794248616__F_8D9C40CB7868">
						<description>
							Lorem ipsum dolor si
						</description>
					</feature>
					<feature mandatory="true" name="I_794248616__F_6808D6141F4E">
						<description>
							Lorem ipsum dolor sit amet, consetetur sadipscing elitr, se
						</description>
					</feature>
					<feature mandatory="true" name="I_794248616__F_E57F2701D212">
						<description>
							Lorem ipsum dolor sit amet, consetetur sadipscing elitr
						</description>
					</feature>
					<feature mandatory="true" name="I_794248616__F_5C5DEBE3D912">
						<description>
							Lorem ipsum dolor sit amet, consetetur sadipscing elitr, sed diam nonumy eir
						</description>
					</feature>
					<feature mandatory="true" name="I_794248616__F_47D6398DF5EA">
						<description>
							Lorem ipsum dolor sit amet, consetetur sadipscing elitr, sed diam nonumy eirmod tempor invi
						</description>
					</feature>
					<feature mandatory="true" name="I_794248616__F_703D1F667D5B">
						<description>
							Lorem ipsum dolor sit amet, consetetur sadipscing elitr, sed diam nonumy eirmod tempor
						</description>
					</feature>
					<feature mandatory="true" name="I_794248616__F_D06C14DC9AE2">
						<description>
							Lorem ipsum dolor sit amet, consetetur sadipscing elitr, sed diam nonumy eirmod tempor in
						</description>
					</feature>
				</alt>
				<alt mandatory="true" name="F_15CE9F000EF5">
					<description>
						Lorem ipsum dolor sit amet, consetetur sadipscing elitr, sed diam nonumy eirmod tempor invidunt ut labore et dolore magna aliquyam erat,
					</description>
					<feature mandatory="true" name="F_E167A6C09CE7">
						<description>
							
						</description>
					</feature>
					<feature mandatory="true" name="F_C8B51D5DCAAF">
						<description>
							
						</description>
					</feature>
					<feature mandatory="true" name="F_F2B753976FA1">
						<description>
							
						</description>
					</feature>
				</alt>
				<alt mandatory="true" name="F_6A9FDEC4A712">
					<description>
						Lorem ipsum dolor sit amet, consetetur sadipscing elitr, sed diam nonumy eirmod tempor invidunt ut labore et dolore magna aliquyam erat, sed diam voluptua.
					</description>
					<feature mandatory="true" name="F_71680742380F">
						<description>
							
						</description>
					</feature>
					<feature mandatory="true" name="F_320C3741E7E8">
						<description>
							
						</description>
					</feature>
				</alt>
				<alt mandatory="true" name="F_95EECCF76C7D">
					<description>
						Lorem ipsum dolor sit amet, consetetur sadipscing elitr, sed diam nonumy eirmod tempor invidunt ut labore et dolore magna aliquyam erat,
					</description>
					<feature mandatory="true" name="F_8C4F534B6349">
						<description>
							
						</description>
					</feature>
					<feature mandatory="true" name="F_EED5347392ED">
						<description>
							
						</description>
					</feature>
					<feature mandatory="true" name="F_2B4CB2C9D7DC">
						<description>
							
						</description>
					</feature>
				</alt>
				<alt mandatory="true" name="F_E67DAE5DFBA1">
					<description>
						Lorem ipsum dolor sit amet, consetetur sadipscing elitr, sed diam nonumy eirmod tempor invidunt ut labore et dolore magna aliquyam erat,
					</description>
					<feature mandatory="true" name="F_91F43911113B">
						<description>
							
						</description>
					</feature>
					<feature mandatory="true" name="F_85C003362DF5">
						<description>
							
						</description>
					</feature>
					<feature mandatory="true" name="F_778D89630DF4">
						<description>
							
						</description>
					</feature>
				</alt>
				<alt mandatory="true" name="F_E58B2B482FF1">
					<description>
						Lorem ipsum dolor sit amet, consetetur sadipscing elitr, sed diam nonumy eirmod tempor invidunt ut labore et dolore magna aliquyam erat,
					</description>
					<feature mandatory="true" name="F_715053B4F03B">
						<description>
							
						</description>
					</feature>
					<feature mandatory="true" name="F_39DBAC571029">
						<description>
							
						</description>
					</feature>
					<feature mandatory="true" name="F_E1DEE1EEDB71">
						<description>
							
						</description>
					</feature>
				</alt>
			</and>
		</struct>
		<constraints/>
		<calculations Auto="true" Constraints="true" Features="true" Redundant="true" Tautology="true"/>
		<comments>
			<c/>
		</comments>
		<featureOrder userDefined="false"/>
	</featureModel>
