<?xml version="1.0" encoding="UTF-8" standalone="no"?>
	<featureModel>
		<properties/>
		<struct>
			<and mandatory="true" name="N_3567789813__F_D9BAB7B884BA">
				<description>
					Lorem ips
				</description>
				<and mandatory="true" name="N_3567789813__F_DDDBF31A3CC1">
					<description>
						
					</description>
					<and mandatory="true" name="N_3567789813__F_BB0982758D41">
						<description>
							
						</description>
						<and mandatory="true" name="N_3567789813__F_731BBD9B4517">
							<description>
								
							</description>
							<feature name="F_1B767308B755">
								<description>
									
								</description>
							</feature>
							<feature name="F_70AF2CAE25DB">
								<description>
									
								</description>
							</feature>
							<feature name="F_9CE2A0E96AF0">
								<description>
									
								</description>
							</feature>
							<feature name="F_95B4127FAB89">
								<description>
									
								</description>
							</feature>
							<feature name="F_D975848DA00A">
								<description>
									
								</description>
							</feature>
							<feature name="F_BB2AF0B92297">
								<description>
									
								</description>
							</feature>
						</and>
					</and>
					<and mandatory="true" name="N_3567789813__F_E5496058ADD0">
						<description>
							
						</description>
						<or mandatory="true" name="F_B7BD558FE039">
							<description>
								
							</description>
							<feature mandatory="true" name="F_03BA3AC44246">
								<description>
									
								</description>
							</feature>
							<feature mandatory="true" name="F_14DCF0EE354D">
								<description>
									
								</description>
							</feature>
							<feature mandatory="true" name="F_D69EF5B3B6B2">
								<description>
									
								</description>
							</feature>
						</or>
						<or mandatory="true" name="F_DED17E1452B0">
							<description>
								
							</description>
							<feature mandatory="true" name="F_1EB509CA10C3">
								<description>
									Lorem ipsum dolor sit amet, consetetur sadipscing elitr, sed diam nonumy eirmod tempor invidunt ut labore et dolore magna aliquyam erat, sed diam voluptua. At vero eos et accusam
								</description>
							</feature>
							<feature mandatory="true" name="F_5EB41E1C2A6A">
								<description>
									Lorem ipsum dolor sit amet, consetetur sadipscing elitr, sed diam nonumy eirmod tempor invidunt ut labore et dolore magna aliquyam erat, sed diam voluptua.
								</description>
							</feature>
							<feature mandatory="true" name="F_C1EF9D9D703C">
								<description>
									Lorem ipsum dolor sit amet, consetetur sadipscing elitr, sed diam nonumy eirmod tempor invidunt ut labore et dolore magna aliquya
								</description>
							</feature>
							<feature mandatory="true" name="F_3D0483F46C71">
								<description>
									Lorem ipsum dolor sit amet, consetetur s
								</description>
							</feature>
							<feature mandatory="true" name="F_6FA24D490300">
								<description>
									Lorem ipsum dolor sit amet, consetetur sadipscing elitr, sed diam nonumy eirmod tempor invidunt ut labore et
								</description>
							</feature>
							<feature mandatory="true" name="F_B327DE851255">
								<description>
									Lorem ipsum dolor sit amet, consetetur sadipscing elitr, sed diam nonumy eirmod tempor invidunt ut labore et dolore magna aliquyam erat, sed diam voluptua. At vero eos et accusam et justo duo dolores et ea rebum. Stet clita kasd gubergren, no
								</description>
							</feature>
							<feature mandatory="true" name="F_E9E95FC54968">
								<description>
									Lorem ipsum dolor sit amet, consetetur sadipscing elitr, sed diam nonumy eirmod tempor invidunt ut labore et dolore magna aliquyam erat, sed
								</description>
							</feature>
							<feature mandatory="true" name="F_2C2A521CE9E2">
								<description>
									Lorem ipsum dolor sit amet, consetetur sadipscing elitr, sed diam nonumy eirmod tempor invidunt ut labore et
								</description>
							</feature>
							<feature mandatory="true" name="F_F0D344EA9B46">
								<description>
									Lorem ipsum dolor sit amet, consetetur sadipscing elitr, sed diam nonumy eirmod tempor invidunt ut labore et dolor
								</description>
							</feature>
							<feature mandatory="true" name="F_8A5A4B4022B7">
								<description>
									Lorem ipsum dolor sit amet
								</description>
							</feature>
						</or>
					</and>
					<and mandatory="true" name="N_3567789813__F_5799929BD5AD">
						<description>
							
						</description>
						<feature name="F_D0CBC3B5CA84">
							<description>
								Lorem ipsum dolor sit amet, consetetur sadipscing elitr, sed diam nonumy e
							</description>
						</feature>
						<feature name="F_00F12F10D487">
							<description>
								Lorem ipsum dolor sit amet, consetet
							</description>
						</feature>
						<feature name="F_BBED4EE16955">
							<description>
								Lorem ipsum dolor sit amet, consetetur sadipscing elitr, sed diam nonumy eirmod tempor invidunt ut labore et dolore magna aliquyam erat, sed diam voluptua. At vero eos et accusam et justo duo dolores et ea rebum. Stet clita kasd gubergren, no sea takimata sanctus est Lorem ipsum dolor sit amet. Lorem ipsum dolor sit amet, consetetur sadipscing elitr, sed diam nonumy eirmod tempor invidunt ut labore et dolore magna aliquyam erat, sed diam voluptua. At vero eos et accusam et justo duo dolores et ea rebum. Stet clita kasd gubergren, no sea takimata sanctus est Lorem ipsum dolor sit amet. Lorem ipsum dolor sit amet, consetetur sadips
							</description>
						</feature>
						<feature name="F_E730F94A125F">
							<description>
								Lorem ipsum dolor sit amet, consetetur sadipscing elitr, sed diam nonumy eirmod tempor invidunt ut labore et dolore magna aliquyam erat, sed diam voluptua. At vero eos et accusam et justo duo dolores et ea rebum. Stet clita kasd gubergren, no sea takimata sanctus est Lorem ipsum dolor sit amet. Lorem ipsum dolor sit amet, consetetur sadipscing elitr, sed diam nonumy eirmod
							</description>
						</feature>
						<feature name="F_96F53A059792">
							<description>
								Lorem ipsum dolor sit amet, consetetur sadipscing elitr, sed diam nonumy eirmod tempor invidunt ut labore et dolore magna aliquyam erat, sed diam volup
							</description>
						</feature>
						<feature mandatory="true" name="F_2D8E4703CE0A">
							<description>
								
							</description>
						</feature>
						<feature name="F_B891875DA670">
							<description>
								Lorem ipsum dolor sit amet, consetetur sadipsc
							</description>
						</feature>
						<feature name="F_E3F03031FD96">
							<description>
								Lorem ipsum dolor sit amet, consetetur sadipscing elitr, sed diam non
							</description>
						</feature>
						<feature name="F_E258E80BCB2A">
							<description>
								Lorem ipsum dolor sit amet, consetetur sadipscing elitr, sed diam nonumy eirmod tempor invidunt ut labore et dolore magna aliquyam erat, sed diam voluptua. At vero eos et accusam et justo duo dolores et ea rebum. Stet clita kasd gubergren, no sea takimata sanctus est Lorem ipsum dolor sit amet. Lorem ipsum dolor sit amet, conset
							</description>
						</feature>
						<feature name="F_3C0C5EADC124">
							<description>
								Lorem ipsum dolor
							</description>
						</feature>
						<feature name="F_B54BCE6420F4">
							<description>
								Lorem ipsum dolor sit amet, consetetur sadipscing elitr, sed diam nonumy eirmod tempor invidunt ut labore et dolore magna aliquyam erat, sed diam voluptua. At vero eos et accusam et justo duo dolores et ea rebum. Stet clita kasd gubergren, no sea takimata sanctus est Lorem ipsum dolor sit amet. Lorem ipsum dolor sit amet, consetetur
							</description>
						</feature>
						<feature name="F_CC7B8BFCA6CE">
							<description>
								Lorem ipsum dolor sit amet, consetetur sadipscing elitr, sed diam nonumy eirmod tempor invidunt ut labore et dolore magna aliquyam erat, sed diam voluptua. At vero eos et accusam et justo duo dolores et ea rebum. Stet clita kasd gubergren, no sea takimata sanctus est Lorem ipsum dolor sit amet. Lorem ipsum dolor sit amet, consetetur sadipscing elitr, sed diam nonumy eirmod tempor invidunt ut labore et dolore magna aliquyam erat, sed diam voluptua. At vero eos et accusam et justo duo dolores et ea rebum. Stet clita kasd gubergren, no sea takimata sanctus est Lorem ipsum dolor sit amet. Lorem ipsum dolor sit amet, consetetur sadipscing elitr, sed diam nonumy eirmod tempor invidunt ut labore et dolore magna aliquyam erat, sed diam voluptua. At vero eos et accusam et justo duo dolores et ea rebum.
							</description>
						</feature>
						<feature name="F_1434D62F6DA0">
							<description>
								Lorem ipsum dolor sit amet, consetetur sadipscing elitr, sed diam nonumy eirmod tempor invidunt ut labore et dolore magna aliquyam er
							</description>
						</feature>
						<feature mandatory="true" name="F_13618CA092D2">
							<description>
								Lorem ipsu
							</description>
						</feature>
						<feature mandatory="true" name="F_987330D4C48E">
							<description>
								Lorem ipsum dolor sit amet, consetetur sadipscing elitr, sed diam nonumy eirmod tempor invidunt ut labore et dolore magna aliquyam erat, sed d
							</description>
						</feature>
						<feature mandatory="true" name="F_9820193A6CF2">
							<description>
								Lorem ipsum dolor sit amet, consetetur sadipscing elitr, sed diam nonumy eirmod tempor invidunt ut labore et
							</description>
						</feature>
						<feature mandatory="true" name="F_EA62ECDA5F14">
							<description>
								Lorem ipsum dolor sit amet, consetetur sadipscing elitr, sed diam nonumy eirmod tempor invidunt ut labore et dolore magna aliquyam erat, sed diam voluptua. At vero eos et accusam et justo duo dolores et ea rebum. Stet clita kasd gubergren, no se
							</description>
						</feature>
						<alt mandatory="true" name="F_42ED9E905144">
							<description>
								
							</description>
							<feature mandatory="true" name="F_E26C5ED5247C">
								<description>
									
								</description>
							</feature>
							<feature mandatory="true" name="F_A8EB973DF749">
								<description>
									
								</description>
							</feature>
						</alt>
						<feature mandatory="true" name="F_D7CE55167229">
							<description>
								Lorem ipsum dolor sit amet, consetetur sadipscing elitr, sed diam nonumy eirmod tempor invidunt ut labore et dolore magna aliquyam erat, sed diam voluptua. At vero eos et accusam et justo duo dolores et ea rebum. Stet clita kasd gubergren, no sea takimata sanctus est Lorem ipsum
							</description>
						</feature>
						<feature mandatory="true" name="F_85A2F4277E76">
							<description>
								
							</description>
						</feature>
						<feature mandatory="true" name="F_17F2CA244FA2">
							<description>
								
							</description>
						</feature>
						<feature mandatory="true" name="F_362313F45CE7">
							<description>
								
							</description>
						</feature>
						<feature mandatory="true" name="F_3B643F67ACD8">
							<description>
								Lorem ipsum dolor sit amet, consetetur sadipscing
							</description>
						</feature>
						<feature mandatory="true" name="F_53846C108752">
							<description>
								Lorem ipsum dolor sit amet, consetetur sadipscing elitr, sed diam nonumy eirmod tempor invidunt ut labore et dolore magna aliquyam erat, sed diam
							</description>
						</feature>
						<feature mandatory="true" name="F_8360093195D1">
							<description>
								
							</description>
						</feature>
					</and>
					<and mandatory="true" name="N_3567789813__F_650F7F2B089D">
						<description>
							
						</description>
						<and mandatory="true" name="F_3866B64978D4">
							<description>
								
							</description>
							<feature name="F_DDCC35EB9F97">
								<description>
									Lorem ipsum dolor sit amet, consetetur sadipscing elitr, sed diam nonumy eirmod tempor invidunt ut labore et dolore magna aliquyam erat, sed diam voluptua. At vero eos et accu
								</description>
							</feature>
							<feature mandatory="true" name="F_D41A6B999479">
								<description>
									Lorem ipsum dolor sit amet, consetetur sadipscing elitr, sed diam nonumy eirmod tempor invidunt ut labore et dolore magna aliquyam
								</description>
							</feature>
							<feature mandatory="true" name="F_B7D0A8E55836">
								<description>
									Lorem ipsum dolor sit amet, consetetur sadipscing elitr, sed diam nonumy eirmod tempor invidunt ut labore et dolore magna aliquyam erat, sed diam voluptua. At vero eos et accusam et justo duo dolores et ea rebum. Stet clita kasd gubergren, no sea takimata sanctus est Lorem ipsum dolor sit amet. Lorem ipsum dolor sit amet, consetetur sadipscing
								</description>
							</feature>
							<feature mandatory="true" name="F_73C6CD33652B">
								<description>
									Lorem ipsum dolor sit amet, consetetur sadipscing elitr, sed diam nonumy eirmod tempor invidunt ut labore et dolore magna aliquyam erat, sed diam voluptua. At vero eos et accusam et justo duo dolores et
								</description>
							</feature>
							<feature name="F_5C7AF7BBED48">
								<description>
									Lorem ipsum dolor sit amet, consetetur sadipscing elitr, sed diam nonumy eirmod tempor invidunt ut labore et d
								</description>
							</feature>
							<feature name="F_05F6F744374E">
								<description>
									Lorem ipsum dolor sit amet, consetetur sadipscing elitr, sed diam nonumy eirmod tempor invidunt ut labore et dolore m
								</description>
							</feature>
							<feature name="F_D41B501BF887">
								<description>
									Lorem ipsum dolor sit amet, consetetur sadipscing elitr, sed diam nonumy eirmod tempor invidunt ut labore et dolore magna aliquyam erat, sed d
								</description>
							</feature>
							<and name="F_648C43F0AD8A">
								<description>
									Lorem ipsum dolor sit amet, consetetur sadipscing elitr, sed diam nonumy eirmod tempor invidunt ut labore
								</description>
								<feature mandatory="true" name="F_8679BD8D8AF6">
									<description>
										Lorem ipsum dolor sit amet, consetetur sadipscing eli
									</description>
								</feature>
								<feature mandatory="true" name="F_FEF503A39685">
									<description>
										Lorem ipsum dolor sit amet, consetetur sadipscing elitr, sed diam nonumy eirmod tempor invidunt ut labore et dolore magna aliquyam erat, sed dia
									</description>
								</feature>
								<feature mandatory="true" name="F_D3B7381C0A3D">
									<description>
										Lorem ipsum dolor sit amet, consetetur sadipscing elitr, sed diam nonumy eirmod tempor invidunt ut labore et dolore magna aliquyam erat, sed diam voluptua. At vero eos et accusam
									</description>
								</feature>
								<feature mandatory="true" name="F_A0670A4A9D6C">
									<description>
										Lorem ipsum dolor sit amet, consetetur sadip
									</description>
								</feature>
								<feature mandatory="true" name="F_BA4B11921C2B">
									<description>
										Lorem ipsum dolor sit amet, consetetur sadipscing elitr, sed diam nonumy eirmod tempor invidunt ut labore et dolore magna aliquyam erat, sed diam voluptua. At vero eos et accusam et justo duo dolores et ea rebum. Stet clita kasd gubergren, no sea takimata sanctus est Lo
									</description>
								</feature>
								<feature mandatory="true" name="F_9E18DA95EBC5">
									<description>
										Lorem ipsum dolor sit amet, consetetur sadipscing elitr, sed diam nonumy eirmo
									</description>
								</feature>
							</and>
							<feature name="F_7DB89348FEB9">
								<description>
									Lorem ipsum dolor sit amet, consetetur sadipscing elitr, sed diam nonumy eirmod tempor invidunt ut labore et dolore magna aliquyam erat, sed diam voluptua. At vero eos et accusam et justo duo dolores et ea rebum. Stet clita kasd gubergren, no sea
								</description>
							</feature>
						</and>
						<and mandatory="true" name="N_3567789813__F_BC3C577FA2BD">
							<description>
								
							</description>
							<feature mandatory="true" name="F_62970AA35049">
								<description>
									Lorem ipsum
								</description>
							</feature>
							<feature mandatory="true" name="F_E9DAE586218A">
								<description>
									Lorem ipsum
								</description>
							</feature>
							<feature mandatory="true" name="F_1F627F5CBA0C">
								<description>
									Lorem ipsum
								</description>
							</feature>
							<feature mandatory="true" name="F_F2B56EDC935C">
								<description>
									Lorem ipsum
								</description>
							</feature>
						</and>
						<and mandatory="true" name="N_3567789813__F_61BE6B33C407">
							<description>
								
							</description>
							<feature mandatory="true" name="F_B4D59640678C">
								<description>
									Lorem ipsum
								</description>
							</feature>
							<feature mandatory="true" name="F_7A6E6B407DA3">
								<description>
									Lorem ipsum
								</description>
							</feature>
							<feature mandatory="true" name="F_D57175C412AC">
								<description>
									Lorem ipsum
								</description>
							</feature>
						</and>
						<and mandatory="true" name="N_3567789813__F_0E9E9CB2F523">
							<description>
								
							</description>
							<feature mandatory="true" name="F_3F0BA59DD090">
								<description>
									Lorem ipsum
								</description>
							</feature>
						</and>
						<and mandatory="true" name="N_3567789813__F_AB181FF3FD93">
							<description>
								
							</description>
							<feature mandatory="true" name="F_3EFAE017AD20">
								<description>
									Lorem ipsum
								</description>
							</feature>
							<feature mandatory="true" name="F_FBA42E1C3007">
								<description>
									Lorem ipsum dolor sit amet, consetetur sadipscing elitr, sed diam nonumy eirmod tempor invidunt ut labore et dolore magna aliquyam erat, s
								</description>
							</feature>
							<feature mandatory="true" name="F_E03E5192A822">
								<description>
									Lorem ipsum dolor sit amet, co
								</description>
							</feature>
							<feature mandatory="true" name="F_44745EA87BC4">
								<description>
									Lorem ipsum dolor sit amet, consetetur sadipscing elitr, sed diam nonumy eirmod tempor invidunt ut labore et dolore magna aliquyam erat, sed diam voluptua. At vero eos et accusam et justo duo dolores et ea rebum. Stet clita kasd gubergren, no sea takimata sanctus est Lorem ipsum dolor sit amet. Lorem ipsum dolor sit amet, consetetur sadipscing elitr, sed diam nonumy eirmod tempor invidunt ut labore et dolore magna aliquyam erat, sed diam voluptua. At vero eos et accusam et justo duo dolores et ea rebum. Stet clita kasd gubergren, no sea takimata sanctus est Lorem ipsum dolor sit amet. Lorem ipsum dolor sit
								</description>
							</feature>
							<feature mandatory="true" name="F_05B607C69C0A">
								<description>
									Lorem ipsum dolor sit amet, consetetur sadipscing elitr, sed diam nonumy e
								</description>
							</feature>
							<feature mandatory="true" name="F_3F3371416422">
								<description>
									Lorem ipsum
								</description>
							</feature>
							<feature mandatory="true" name="F_9E5CF21E4A3E">
								<description>
									Lorem ipsum
								</description>
							</feature>
							<feature mandatory="true" name="F_70A23F1D65A4">
								<description>
									Lorem ipsum
								</description>
							</feature>
							<feature mandatory="true" name="F_210EC77B7668">
								<description>
									Lorem ipsu
								</description>
							</feature>
							<feature mandatory="true" name="F_F2B5B4E9421C">
								<description>
									Lorem ipsum
								</description>
							</feature>
							<feature mandatory="true" name="F_FEDA19A7EDB3">
								<description>
									Lorem ipsum
								</description>
							</feature>
							<feature mandatory="true" name="F_A63199555848">
								<description>
									Lorem ipsum
								</description>
							</feature>
							<feature mandatory="true" name="F_72AC89516393">
								<description>
									Lorem ipsum
								</description>
							</feature>
							<feature mandatory="true" name="F_26086B640FE1">
								<description>
									Lorem ipsum
								</description>
							</feature>
							<feature mandatory="true" name="F_91B9004DECC5">
								<description>
									Lorem ipsu
								</description>
							</feature>
							<feature mandatory="true" name="F_12BC31879E6E">
								<description>
									Lorem ipsum
								</description>
							</feature>
							<feature mandatory="true" name="F_3406865FE5C7">
								<description>
									Lorem ipsum
								</description>
							</feature>
							<feature mandatory="true" name="F_17A69F90E946">
								<description>
									Lorem ipsum
								</description>
							</feature>
							<feature mandatory="true" name="F_4371BF06BCC3">
								<description>
									Lorem ipsum
								</description>
							</feature>
							<feature mandatory="true" name="F_C63397E31DF3">
								<description>
									Lorem ipsum
								</description>
							</feature>
						</and>
						<and mandatory="true" name="N_3567789813__F_23FB18CA83B0">
							<description>
								
							</description>
							<feature mandatory="true" name="F_BEABEC24E58E">
								<description>
									Lorem ipsu
								</description>
							</feature>
						</and>
						<and mandatory="true" name="N_3567789813__F_93721724DCC0">
							<description>
								
							</description>
							<feature mandatory="true" name="F_5B8F964B2E35">
								<description>
									Lorem ipsu
								</description>
							</feature>
						</and>
						<and mandatory="true" name="N_3567789813__F_F2C63632566A">
							<description>
								Lo
							</description>
							<and name="F_48D04EE29B4C">
								<description>
									Lorem ipsum
								</description>
								<feature mandatory="true" name="F_47EDB3D0F176">
									<description>
										Lorem ipsum dolor sit amet, consetetur sadi
									</description>
								</feature>
								<feature mandatory="true" name="F_01F2243A3603">
									<description>
										Lorem ipsum dolor sit amet, consetetur sa
									</description>
								</feature>
								<feature mandatory="true" name="F_8E1E0C633F67">
									<description>
										Lorem ipsum dolor sit amet, consetetur sadipscing elitr, sed diam nonumy eirmod tempor
									</description>
								</feature>
								<feature mandatory="true" name="F_EB7A62F4DFC1">
									<description>
										Lorem ipsum dolor sit amet, consetetur sadi
									</description>
								</feature>
								<feature mandatory="true" name="F_D84DF5C17FEE">
									<description>
										Lorem ipsum dolor sit amet, consetetur sadipscing elitr, sed diam nonu
									</description>
								</feature>
								<feature mandatory="true" name="F_E96E1F41F7D0">
									<description>
										Lorem ipsum dolor sit amet, consetetur sadipscing elitr, sed
									</description>
								</feature>
								<feature mandatory="true" name="F_931AD65CFA1C">
									<description>
										Lorem ipsum dolor sit
									</description>
								</feature>
							</and>
							<feature mandatory="true" name="F_5513812E856A">
								<description>
									Lorem ipsum
								</description>
							</feature>
							<feature mandatory="true" name="F_D02C01CB34B1">
								<description>
									Lorem ipsum
								</description>
							</feature>
							<feature mandatory="true" name="F_DB617DF92246">
								<description>
									Lorem ipsum
								</description>
							</feature>
							<feature mandatory="true" name="F_B22BC07A06D7">
								<description>
									Lorem ipsum
								</description>
							</feature>
							<feature mandatory="true" name="F_FD559ACB71D4">
								<description>
									Lorem ipsum
								</description>
							</feature>
							<feature mandatory="true" name="F_F895CDB3D5F2">
								<description>
									Lorem ipsum
								</description>
							</feature>
							<feature mandatory="true" name="F_1047EE845580">
								<description>
									Lorem ipsu
								</description>
							</feature>
							<feature mandatory="true" name="F_F0306DD224FF">
								<description>
									Lorem ipsum
								</description>
							</feature>
							<feature mandatory="true" name="F_35EC6A382984">
								<description>
									Lorem ipsum
								</description>
							</feature>
							<feature mandatory="true" name="F_677F872F292C">
								<description>
									Lorem ipsum
								</description>
							</feature>
						</and>
						<and mandatory="true" name="N_3567789813__F_628C986A2F2F">
							<description>
								Lo
							</description>
							<feature mandatory="true" name="F_BDDA0EDCEB9E">
								<description>
									Lorem ipsum
								</description>
							</feature>
							<feature mandatory="true" name="F_CC48CA5A7676">
								<description>
									Lorem ipsum
								</description>
							</feature>
							<feature mandatory="true" name="F_2F2CE41DD35D">
								<description>
									Lorem ipsum
								</description>
							</feature>
							<feature mandatory="true" name="F_6F9CDF3C2EE6">
								<description>
									Lorem ipsum
								</description>
							</feature>
							<feature mandatory="true" name="F_A05C45F45F2B">
								<description>
									Lorem ipsum dolor sit amet, consetetur sadipscing elitr, sed diam nonumy eirmod tempor invidunt ut labore et d
								</description>
							</feature>
							<feature mandatory="true" name="F_D7389ACA3082">
								<description>
									Lorem ipsum dolor sit amet, consetetur sadipscing elitr, sed diam nonumy eirmod tempor invidunt ut labore et
								</description>
							</feature>
							<feature mandatory="true" name="F_CD803312CE66">
								<description>
									Lorem ipsum dolor sit amet, consetetur sadipscing elitr, sed diam nonumy eirmod tempor invidunt ut labore et dolore magna aliquyam erat, sed diam voluptua. At vero eos et accusam et justo duo dolores et ea rebum. Stet clita kasd gubergren, no sea takimata sanctus est Lorem ipsum dolor sit amet. Lorem ipsum dolor
								</description>
							</feature>
						</and>
						<and mandatory="true" name="N_3567789813__F_2056B593EB0A">
							<description>
								Lo
							</description>
							<and name="F_6FEE7A353FD6">
								<description>
									Lorem ipsum d
								</description>
								<feature mandatory="true" name="F_CF634488DA8D">
									<description>
										Lorem ipsum dolor sit amet, consetetur sadipscing elitr, sed diam nonumy
									</description>
								</feature>
								<feature mandatory="true" name="F_43A044D158E3">
									<description>
										Lorem ipsum dolor sit amet
									</description>
								</feature>
								<feature mandatory="true" name="F_74F8689CB509">
									<description>
										Lorem ipsum dolor sit am
									</description>
								</feature>
								<feature mandatory="true" name="F_D3C2D46AF30C">
									<description>
										Lorem ipsum dolor sit amet
									</description>
								</feature>
								<feature mandatory="true" name="F_961ECD5B2D3D">
									<description>
										Lorem ipsum dolor sit amet, consetetur sadipsc
									</description>
								</feature>
								<feature mandatory="true" name="F_613BF2202919">
									<description>
										Lorem ipsum dolor sit amet, consetetur sadipscin
									</description>
								</feature>
							</and>
						</and>
						<and mandatory="true" name="N_3567789813__F_44DB5801C541">
							<description>
								Lo
							</description>
							<and name="F_B2BF109B731E">
								<description>
									Lorem ipsum
								</description>
								<feature mandatory="true" name="F_A481617197D1">
									<description>
										
									</description>
								</feature>
								<feature mandatory="true" name="F_FEF04EE5324C">
									<description>
										Lorem ipsum dolor sit amet, consetetur sadipscing elitr, sed diam nonumy eirmod tempor invidunt ut labore et dolore magna aliquyam erat, sed diam voluptua. At vero eos et accusam et justo duo dolores et ea rebum. Stet clita kasd gubergren, no sea takimata sanctus
									</description>
								</feature>
							</and>
							<feature mandatory="true" name="F_617F0FFF3C6B">
								<description>
									Lorem ipsum
								</description>
							</feature>
						</and>
						<and mandatory="true" name="N_3567789813__F_4523CD5FBCC4">
							<description>
								Lo
							</description>
							<feature mandatory="true" name="F_0AB8CE2CEBBC">
								<description>
									Lorem ipsum
								</description>
							</feature>
						</and>
						<and mandatory="true" name="N_3567789813__F_D27FA40314CC">
							<description>
								Lo
							</description>
							<and name="F_B13F20811685">
								<description>
									Lorem ipsum
								</description>
								<feature mandatory="true" name="F_80426C808698">
									<description>
										
									</description>
								</feature>
								<feature mandatory="true" name="F_AEA999E6081A">
									<description>
										
									</description>
								</feature>
								<feature mandatory="true" name="F_2ED4CC740F3B">
									<description>
										
									</description>
								</feature>
							</and>
						</and>
						<and mandatory="true" name="N_3567789813__F_8AD222805376">
							<description>
								
							</description>
							<feature mandatory="true" name="F_1A298B9E574C">
								<description>
									Lorem ipsum
								</description>
							</feature>
							<feature mandatory="true" name="F_EDDE4A4A096F">
								<description>
									Lorem ipsum
								</description>
							</feature>
							<feature mandatory="true" name="F_F12E3E419E8C">
								<description>
									Lorem ipsum
								</description>
							</feature>
						</and>
						<and mandatory="true" name="F_C3558F954ACA">
							<description>
								
							</description>
							<feature mandatory="true" name="F_A1AE867843AC">
								<description>
									Lorem ipsum dolor sit amet, consetetur sadipscing elitr, sed diam nonumy eirmod tempor invidunt ut labore et dolore magna aliquyam er
								</description>
							</feature>
							<feature mandatory="true" name="F_B6AD0127FC89">
								<description>
									Lorem ipsum dolor sit amet, consetetur sadipscing elitr, sed di
								</description>
							</feature>
							<feature mandatory="true" name="F_53D4B13CADE6">
								<description>
									Lorem ipsum dolor sit amet, consetetur sadipscing elitr, sed diam
								</description>
							</feature>
							<feature mandatory="true" name="F_094E5D1B2D36">
								<description>
									Lorem ipsum dolor sit amet, consetetur sadipscing elitr, sed diam nonumy eirmod tempor invidunt ut labore et dolore magna aliquyam erat, sed diam voluptua. At vero eos et accusam et justo duo dolores et ea
								</description>
							</feature>
							<feature mandatory="true" name="F_B35C110C3673">
								<description>
									Lorem ipsum dolor sit amet, consetetur sadipscing elitr, sed diam nonumy eirmod tempor invidunt ut labore et dolore magna aliquyam erat, sed diam voluptua. At vero eos et accusam et justo duo dolores et ea rebum. Stet clita kasd gubergren, no sea takimata sanctus e
								</description>
							</feature>
							<feature mandatory="true" name="F_B56A6A91ACC3">
								<description>
									Lorem ipsum dolor sit amet, consetetur sadipscing elitr, sed diam nonumy eirmod tempor invidunt ut labore et dolore magna aliquyam erat, sed diam voluptua. At ve
								</description>
							</feature>
						</and>
					</and>
				</and>
				<and mandatory="true" name="N_3567789813__F_C4107E2DE884">
					<description>
						
					</description>
					<feature mandatory="true" name="F_2D5CB5DCE2A7">
						<description>
							Lorem ipsum dolor sit amet, consetetur sadipscing elitr, sed diam nonumy eirmod tempor invidunt ut labore et dolore magna aliquyam erat, sed diam voluptua. At vero eos et accusam et justo duo dolores et ea rebum. Stet clita kasd gubergren, n
						</description>
					</feature>
					<feature mandatory="true" name="F_63C936DDAE8E">
						<description>
							Lorem ipsum dolor sit amet, consetetur sadipscing elitr, sed diam nonumy eirmod tempor invidunt ut labore et dolore magna aliquyam erat,
						</description>
					</feature>
					<feature mandatory="true" name="F_46649F27FB92">
						<description>
							Lorem ipsum dolor sit amet, consetetur sadipscing elitr, sed diam nonumy eirmod tempor invidunt ut labore et dolore magna aliquyam erat, sed diam voluptua. At
						</description>
					</feature>
					<feature name="F_71EF29917042">
						<description>
							Lorem ipsum dolor sit amet, consetetur sadipscing elitr, sed diam nonumy eirmod tempor invidunt ut labore et dolore magna aliquyam erat, sed diam voluptua. At vero eos et accusam et justo duo dolores et ea rebum. Stet clita kasd gubergren, no sea takimata sanctus est Lorem
						</description>
					</feature>
					<feature name="F_B2A97193A557">
						<description>
							Lorem ipsum dolor sit amet, consetetur sadipscing elitr, sed diam nonumy eirmod tempor invidunt ut labore et dolore magna aliquyam erat, sed diam v
						</description>
					</feature>
					<feature name="F_24BB5F2908A2">
						<description>
							Lorem ipsum dolor sit amet, consetetur sadipscing elitr, sed diam nonumy eirmod tempor invidunt ut labore et dolore magna aliquyam erat, sed diam voluptua. At vero eos et accusam
						</description>
					</feature>
					<feature name="F_A09B47656D49">
						<description>
							Lorem ipsum dolor sit amet, consetetur sadipscing elitr, sed diam nonumy eirmod tempor invidunt ut labore
						</description>
					</feature>
					<feature name="F_7AD8D95A7A3C">
						<description>
							Lorem ipsum dolor sit amet, consetetur sadipscing elitr, sed diam nonumy eirmod tempor invidunt ut labore et dolore magna aliquyam erat, sed diam voluptua. At vero eos et accusam et justo duo dolores et ea rebum. Stet clita kasd gubergren, no sea takimata sanctus est Lorem ipsum dolor sit amet. Lorem ipsum dolor sit amet, consetetur sadipscing elitr
						</description>
					</feature>
					<feature name="F_2C566929C54D">
						<description>
							Lorem ipsum dolor sit amet, consetetur sadipscing elitr, sed diam nonumy eirmod tempor invidunt ut labore et dolore magna aliquyam erat, sed diam voluptua. At vero eos et accusam et justo duo dolores et ea rebum. Stet clita kasd gubergren, no sea takimata sanctus est Lorem ipsum dolor sit a
						</description>
					</feature>
					<feature name="F_06CB64B5BAB4">
						<description>
							Lorem ipsum dolor s
						</description>
					</feature>
					<and name="F_0E61D738265A">
						<description>
							Lorem ipsum dolor sit amet, consetetur sadipscing elitr, sed diam nonumy eirmod tempor invidunt ut labore et dolore mag
						</description>
						<feature mandatory="true" name="F_7BFA562B61DD">
							<description>
								Lorem ipsum dolor sit amet, consetetur sadipscing elitr, sed
							</description>
						</feature>
						<feature mandatory="true" name="F_20B724EAA416">
							<description>
								Lorem ipsum dolor sit amet, consetetur sadipscing elitr, sed
							</description>
						</feature>
						<feature mandatory="true" name="F_A280295B4E5A">
							<description>
								Lorem ipsum dolor sit amet, consetetur sadipscing elitr, sed diam n
							</description>
						</feature>
						<feature mandatory="true" name="F_B70084A298C2">
							<description>
								Lorem ipsum dolor sit amet, consetetur sadipscing elitr, sed diam n
							</description>
						</feature>
						<feature mandatory="true" name="F_7C1A6AD73EB3">
							<description>
								Lorem ipsum dolor sit amet, consetetur sadipscing elitr, sed diam n
							</description>
						</feature>
					</and>
					<feature name="F_568F5017D657">
						<description>
							Lorem ipsum dolor sit amet, consetetur sadipscing elitr, sed diam nonumy eirmod tempor invidunt ut labore et dolore magna aliquyam erat, sed diam voluptua. At vero eos et accusam et justo duo dolores et ea rebum. Stet clita kas
						</description>
					</feature>
					<feature mandatory="true" name="F_2B9926438FC7">
						<description>
							Lorem ipsum dolor sit amet, consetetur sadipscing elitr, sed diam nonumy eirmod tempor invidunt ut labore et dolore magna aliquyam erat, sed diam voluptua. At vero eos et accusam et justo duo dolores et ea rebum. Stet clita kasd gubergren, no sea takimata sanctus est Lorem ips
						</description>
					</feature>
					<and mandatory="true" name="N_3567789813__F_A5DA7D9A9657">
						<description>
							Lorem ipsum dolor sit amet, consetetur sadipscing elitr, sed diam nonum
						</description>
						<feature name="F_65ED56EC64FA">
							<description>
								Lorem ipsum dolor sit amet, consetetur sadipscing elitr, sed diam nonumy eirmod tempor invidunt ut labore et dolore magna aliquyam erat, sed dia
							</description>
						</feature>
						<feature name="F_7EA91EC0BD2C">
							<description>
								Lorem ipsum dolor sit amet, consetetur sadipscing elitr, sed diam nonumy eirmod tempor invidunt ut labore et dolore magna aliquyam erat, sed diam voluptua
							</description>
						</feature>
						<feature name="F_BE3019425FBB">
							<description>
								Lorem ipsum dolor sit amet, consetetur sadipscing elitr, sed diam nonumy eirmod tempor invidunt ut labore et dolore magna aliquyam erat, sed d
							</description>
						</feature>
						<feature name="F_6D4A04D96A38">
							<description>
								Lorem ipsum dolor sit amet, consetetur sadipscing elitr, sed diam nonumy eirmod tempor invidunt ut labore et dolore magna aliquyam erat, sed diam voluptua. At vero eos et accusam et justo duo dolores et ea rebum. Stet clita kasd guber
							</description>
						</feature>
						<feature name="F_4F67E5F38634">
							<description>
								Lorem ipsum dolor sit amet, consetetur sadipscing elitr, sed diam nonumy eirmod tempor invidunt ut labore et dolore magna aliquyam erat, sed diam vo
							</description>
						</feature>
					</and>
					<and mandatory="true" name="N_3567789813__F_2867A47BB0D3">
						<description>
							Lorem ipsum dolor sit amet, consetetur sadipscing elitr, sed diam nonumy eirmod tempor invidunt ut labore et dolore magna aliquyam erat, sed diam voluptua. At
						</description>
						<alt mandatory="true" name="F_1DDB88122AE2">
							<description>
								Lorem ipsum dolor sit amet, consetetur sadipscing elit
							</description>
							<feature mandatory="true" name="F_9DF93A164D7A">
								<description>
									Lorem ipsum dolor sit amet, consetetur sadipscing
								</description>
							</feature>
							<feature mandatory="true" name="F_C4002C359DE8">
								<description>
									Lorem ipsum dolor sit amet, consetetur sadipscing elitr, sed diam nonumy
								</description>
							</feature>
							<feature mandatory="true" name="F_6AF67313628C">
								<description>
									Lorem ipsum dolor sit amet, consetetur sadipscing elitr, sed diam nonumy e
								</description>
							</feature>
						</alt>
						<feature name="F_3D3B16B4728F">
							<description>
								Lorem ipsum dolor sit amet, consetetur sadipscing elitr, sed diam nonumy eirmod tempor invidunt ut labore et dolore magna aliquyam erat, sed diam voluptua. At vero eos et accusam et justo duo dolores et ea rebum. Stet clita kasd gubergren, no sea takimata sanctus est Lorem ipsum dolor sit amet. Lorem ipsum dolor sit
							</description>
						</feature>
						<feature name="F_A7713F056EC9">
							<description>
								Lorem ipsum dolor sit amet, consetetur sadipscing elitr, sed diam nonumy eirmod tempor invidunt ut labore et dolore magna aliquyam erat, sed diam voluptua. At vero eos et accusam et justo duo dolores et ea rebum. Stet c
							</description>
						</feature>
						<feature name="F_E3FDCF013E37">
							<description>
								Lorem ipsum dolor sit amet, consetetur sadipscing elitr, sed diam nonumy eirmod tempor invidunt ut labore et d
							</description>
						</feature>
						<feature mandatory="true" name="F_2B7DF4A4D295">
							<description>
								Lorem ipsum dolor sit amet, consetetur sadipscing elitr, sed diam nonumy eirmod tempor invidunt ut labore et dolore magna aliq
							</description>
						</feature>
					</and>
					<and mandatory="true" name="N_3567789813__F_AFA54E4C71BB">
						<description>
							Lorem ipsum dolor sit amet, consetetur sadipscing elitr, sed diam nonumy eirmod tempor invidunt ut labore et dolore magna aliquyam erat, sed diam voluptua. At vero eos et accusam et justo duo dolores et ea rebum. Stet clita kasd gubergren, no sea takimata sanctus est Lorem ipsum
						</description>
						<feature name="F_4742E9AEFD41">
							<description>
								Lorem ipsum dolor sit amet, consetetur sadipscing elitr, sed diam nonumy eirmod tempor invidunt u
							</description>
						</feature>
						<feature name="F_5F1EF1583965">
							<description>
								Lorem ipsum dolor sit amet, consetetur sadipscing elitr, sed diam nonumy eirmod tempor invidunt ut labore et dolore magn
							</description>
						</feature>
						<feature name="F_895D1F6074D6">
							<description>
								Lorem ipsum dolor sit amet, consetetur sadipscing elitr, sed diam nonumy eirmod tempor invidunt ut labore et dolor
							</description>
						</feature>
						<feature name="F_F4C1832DBF66">
							<description>
								Lorem ipsum dolor sit amet, consetetur sadipscing elitr, sed diam nonumy eirmod tempor invidunt ut labore et dolore magna aliquyam erat, sed diam voluptua. At ver
							</description>
						</feature>
						<feature mandatory="true" name="F_C21A68C9BD7C">
							<description>
								Lorem ipsum dolor sit amet, c
							</description>
						</feature>
					</and>
					<and mandatory="true" name="N_3567789813__F_B739B8D1952A">
						<description>
							Lorem ipsum dolor sit amet, consetetur
						</description>
						<feature mandatory="true" name="F_9784E6E4ACB4">
							<description>
								Lorem ipsum dolor sit amet, consetetur sadipscing elitr, sed diam nonumy eirmod t
							</description>
						</feature>
						<feature mandatory="true" name="F_DC2CB4578F53">
							<description>
								Lorem ipsum dolor sit amet, consetetur sadipscing elitr, sed diam nonumy eirmod temp
							</description>
						</feature>
						<feature mandatory="true" name="F_56F767CE3419">
							<description>
								Lorem ipsum dolor sit amet, consetetur sadipscing elitr, sed diam nonumy eirmod tem
							</description>
						</feature>
						<feature mandatory="true" name="F_01211AD10D19">
							<description>
								Lorem ipsum dolor sit amet, consetetur sadipscing elitr, sed diam nonumy eirmod tempor
							</description>
						</feature>
						<feature mandatory="true" name="F_1E553D1EF0CD">
							<description>
								Lorem ipsum dolor sit amet, consetetur sadipscing elitr, sed diam nonumy eirmod
							</description>
						</feature>
						<feature mandatory="true" name="F_084426C63781">
							<description>
								Lorem ipsum dolor sit amet, consetetur sadipscing elitr, sed diam nonumy eirmod tem
							</description>
						</feature>
						<feature mandatory="true" name="F_38CC48814F3F">
							<description>
								Lorem ipsum dolor sit amet, consetetur sadipscing elitr, sed diam nonumy eirmod tempor invidunt ut labore et dolore magna aliquyam erat, sed diam voluptua. At vero eos et accusam et justo duo dolores et ea rebum. Stet clita kasd gubergren,
							</description>
						</feature>
					</and>
					<and mandatory="true" name="N_3567789813__F_BD84564BD283">
						<description>
							Lorem ipsum dolor sit amet, co
						</description>
						<feature name="F_E5DBEFFBF088">
							<description>
								Lorem ipsum dolor sit amet, consetetur sadipscing elitr, sed diam nonumy eirmod tempor invidunt ut labore et dolore magna aliquyam erat, sed diam voluptua. At vero eos et accusam et justo duo dolores et ea rebum. Stet clita kasd gubergren, no sea takimata sanctus est Lorem ipsum dolor sit amet. Lorem ipsum d
							</description>
						</feature>
						<feature name="F_F70C83E0E810">
							<description>
								Lorem ipsum dolor sit amet, consetetur sadipscing elitr, sed diam nonumy eirmod tempor invidunt ut labore et dolore magna aliquyam erat, sed diam v
							</description>
						</feature>
						<feature name="F_38D2BF86AEA0">
							<description>
								Lorem ipsum dolor sit amet, consetetur sadipscing elitr, sed diam nonumy eirmod tempor invidunt ut labore et dolore magna aliquyam erat, sed diam voluptua. At vero eos et accusam et justo duo dolores et ea rebum. Stet clita kasd gu
							</description>
						</feature>
						<feature name="F_605DC47E0A2D">
							<description>
								Lorem ipsum dolor sit amet, consetetur sadipscing elitr, sed diam nonumy eirmod tempor invidunt ut labore et dolore magna aliquyam erat, sed
							</description>
						</feature>
						<feature mandatory="true" name="F_4080BCFF0933">
							<description>
								Lorem ipsum dolor sit amet, consetetur sadipscing elitr, sed diam nonu
							</description>
						</feature>
						<feature mandatory="true" name="F_AB2F18069163">
							<description>
								Lorem ipsum dolor sit amet, consetetur sadipscing elitr, sed diam non
							</description>
						</feature>
					</and>
					<and mandatory="true" name="N_3567789813__F_54C107A9BB7A">
						<description>
							Lorem ipsum dolor sit amet, consetetur s
						</description>
						<or mandatory="true" name="F_0B3DAA9256FC">
							<description>
								Lorem ipsum dolor sit amet, consetetur sadipscing elitr, sed diam nonumy eirmod tempor invidunt ut labore et dolore magna aliquyam er
							</description>
							<feature mandatory="true" name="F_D237C391420B">
								<description>
									Lorem ipsum dolor sit amet, consetetur sadipscing elitr, sed diam nonumy eirmo
								</description>
							</feature>
							<feature mandatory="true" name="F_B3DA10614541">
								<description>
									Lorem ipsum dolor sit amet, consetetur sadipscing elitr, sed diam nonumy eirmod tempor invidunt ut lab
								</description>
							</feature>
						</or>
						<feature name="F_832A7682F56E">
							<description>
								Lorem ipsum dolor sit amet, consetetur sadipscing elitr, sed diam nonumy eirmod tempor invidunt ut labore et dolore magna aliquyam erat, sed di
							</description>
						</feature>
						<feature name="F_13F396596AC0">
							<description>
								Lorem ipsum dolor sit amet, consetetur sadipscing elitr, sed diam nonumy eirmod tempor invidunt ut labore e
							</description>
						</feature>
						<feature name="F_666E99B52E36">
							<description>
								Lorem ipsum dolor sit amet, consetetur sadipscing elitr, sed diam nonumy eirmod tempor invidunt ut labore et d
							</description>
						</feature>
						<feature mandatory="true" name="F_09986E12DE57">
							<description>
								Lorem ipsum dolor sit amet, consetetur sadipscing elitr, sed diam nonumy
							</description>
						</feature>
						<feature mandatory="true" name="F_72D6FE720AAA">
							<description>
								Lorem ipsum dolor sit amet, consetetur sadipscing elitr, sed diam nonumy
							</description>
						</feature>
						<feature mandatory="true" name="F_D36407CE0D0B">
							<description>
								Lorem ipsum dolor sit amet, consetetur sadipscing elitr, sed diam nonumy eirmod tempor invidunt ut labore et dolore magna aliquyam erat, sed diam voluptua. At vero eos et accusam et justo duo dolores et ea rebum. Stet clita kasd gubergren, no sea takimata sanc
							</description>
						</feature>
						<feature mandatory="true" name="F_7361EAE382B9">
							<description>
								Lorem ipsum dolor sit amet, consetetur sadipscing elitr, sed diam nonumy eirmod tempor invidunt ut labore et dolore magna aliquyam erat, sed di
							</description>
						</feature>
					</and>
					<and mandatory="true" name="N_3567789813__F_688C5B88219C">
						<description>
							Lorem ipsum dolor sit amet, consetetur sadipscing e
						</description>
						<feature name="F_78D0ACFAA6A8">
							<description>
								Lorem ipsum dolor sit amet, consetetur sadipscing elitr,
							</description>
						</feature>
						<feature name="F_E3E44DC84B10">
							<description>
								Lorem ipsum dolor sit amet, consetetur sadipscing elitr, sed diam nonumy eirmod tempor invidunt ut labore et dolore magna aliquyam erat, sed diam voluptua. At vero eos et accusam et justo duo dolores et e
							</description>
						</feature>
						<alt mandatory="true" name="F_08EFF7521311">
							<description>
								Lorem ipsum dolor sit amet, consetetur sadipscing elitr, sed diam nonumy eirmod tempor invidunt ut labore et dolore magna aliquyam erat, sed diam voluptua. At vero eos et accusam et justo duo dolores et ea rebum. Stet clita kasd guber
							</description>
							<feature mandatory="true" name="F_09A60B5D1F3E">
								<description>
									Lorem ipsum dolor sit amet, conset
								</description>
							</feature>
							<feature mandatory="true" name="F_EFFF7D165E79">
								<description>
									Lorem ipsum dolor sit amet, conset
								</description>
							</feature>
							<feature mandatory="true" name="F_7A031BFCD56B">
								<description>
									Lorem ipsum dolor sit amet, conset
								</description>
							</feature>
							<feature mandatory="true" name="F_970A2D336623">
								<description>
									Lorem ipsum dolor sit amet, consete
								</description>
							</feature>
							<feature mandatory="true" name="F_CB379C854409">
								<description>
									Lorem ipsum dolor sit amet, consete
								</description>
							</feature>
							<feature mandatory="true" name="F_0ABF3251B70C">
								<description>
									Lorem ipsum dolor sit amet, consete
								</description>
							</feature>
							<feature mandatory="true" name="F_8D4E96959703">
								<description>
									Lorem ipsum dolor sit amet, consete
								</description>
							</feature>
							<feature mandatory="true" name="F_544E5B05569C">
								<description>
									Lorem ipsum dolor sit amet, consete
								</description>
							</feature>
						</alt>
					</and>
					<and mandatory="true" name="N_3567789813__F_8E35DB0CE631">
						<description>
							Lorem ipsum dolor sit amet, consetetur sadipscing elitr, sed diam
						</description>
						<feature name="F_CB19AE89FB9F">
							<description>
								Lorem ipsum dolor sit amet, consetetur sadipscing elitr, sed diam nonumy ei
							</description>
						</feature>
						<feature name="F_B74629981D2F">
							<description>
								Lorem ipsum dolor sit amet, consetetur sadipscing elitr, sed diam nonumy eirmod tempor invidunt ut labore et dolore magna aliquyam erat, sed diam voluptua. At vero eos et accusam et justo duo dolores et ea rebum. Stet clita kasd gubergren, no sea takimata sanctus est Lorem ipsum dolor sit amet. Lorem ipsum dolor sit amet, consetetur sadipscing elitr, sed diam nonumy eirmod tempor invidunt ut
							</description>
						</feature>
						<feature name="F_D0FEEA1EBC62">
							<description>
								Lorem ipsum dolor sit amet, consetetur sadipscing elitr, sed diam nonumy eirmod tempor invidunt ut labore et dolore magna aliquyam era
							</description>
						</feature>
						<feature name="F_82C6627D5BD1">
							<description>
								Lorem ipsum dolor sit amet, consetetur sadipscing elitr, sed diam nonumy eirmod te
							</description>
						</feature>
						<feature name="F_0906B6DD7009">
							<description>
								Lorem ipsum dolor sit amet, consetetur sadipscing elitr, sed diam nonumy eirmod tempor invidunt
							</description>
						</feature>
					</and>
					<and mandatory="true" name="N_3567789813__F_2997B708B9F5">
						<description>
							Lorem ipsum dolor sit amet, consetetur sadipscing elitr, sed diam nonumy eirmod tempor invidunt ut labore et dolore magna aliquyam erat, sed di
						</description>
						<feature name="F_7AC187EE7C25">
							<description>
								
							</description>
						</feature>
						<feature name="F_7B8006020B6C">
							<description>
								
							</description>
						</feature>
					</and>
				</and>
				<and mandatory="true" name="N_3567789813__F_DEB87CE38A27">
					<description>
						
					</description>
					<and mandatory="true" name="N_3567789813__F_133C67C36232">
						<description>
							
						</description>
						<feature name="F_880F64D2F86B">
							<description>
								
							</description>
						</feature>
						<feature name="F_F75FE297FEA7">
							<description>
								
							</description>
						</feature>
						<feature name="F_CA12994A2651">
							<description>
								
							</description>
						</feature>
						<feature name="F_E0D82B5E4352">
							<description>
								
							</description>
						</feature>
						<feature name="F_960243D6785C">
							<description>
								
							</description>
						</feature>
						<feature name="F_5002A24AB5FC">
							<description>
								
							</description>
						</feature>
						<feature name="F_F0C6D074DEEE">
							<description>
								
							</description>
						</feature>
						<feature name="F_7C8432EAEDD3">
							<description>
								
							</description>
						</feature>
						<feature name="F_41871E0FD6E8">
							<description>
								
							</description>
						</feature>
						<feature name="F_471FBBB4EC71">
							<description>
								
							</description>
						</feature>
						<feature name="F_5A587BA4D217">
							<description>
								
							</description>
						</feature>
						<feature name="F_1ACC4F21E7DD">
							<description>
								
							</description>
						</feature>
						<feature name="F_638EE43275DA">
							<description>
								
							</description>
						</feature>
						<feature name="F_45AFA80F69E1">
							<description>
								
							</description>
						</feature>
						<feature name="F_7451F623DC57">
							<description>
								
							</description>
						</feature>
					</and>
					<and mandatory="true" name="N_3567789813__F_3A8BF3917760">
						<description>
							
						</description>
						<feature name="F_6709CCC6533E">
							<description>
								
							</description>
						</feature>
						<feature name="F_E717F00CF1BF">
							<description>
								
							</description>
						</feature>
						<feature name="F_7D869B919498">
							<description>
								
							</description>
						</feature>
						<feature name="F_756D0BA2AA6E">
							<description>
								
							</description>
						</feature>
						<feature name="F_7A863003A36B">
							<description>
								
							</description>
						</feature>
						<feature name="F_055872522D0B">
							<description>
								
							</description>
						</feature>
						<feature name="F_A3EDBF636CEB">
							<description>
								
							</description>
						</feature>
						<feature name="F_A81E0598C5A9">
							<description>
								
							</description>
						</feature>
						<feature name="F_7D256028E0A8">
							<description>
								
							</description>
						</feature>
						<feature name="F_1AC140DF94C6">
							<description>
								
							</description>
						</feature>
						<feature name="F_5C93E400AE62">
							<description>
								
							</description>
						</feature>
						<feature name="F_D45541466824">
							<description>
								
							</description>
						</feature>
						<feature name="F_3F48989151DD">
							<description>
								
							</description>
						</feature>
						<feature name="F_01FADDBE6BAF">
							<description>
								
							</description>
						</feature>
						<feature name="F_6326103BA665">
							<description>
								
							</description>
						</feature>
						<feature name="F_6437E24F4742">
							<description>
								
							</description>
						</feature>
						<feature name="F_7213B512AE61">
							<description>
								
							</description>
						</feature>
						<feature name="F_4FD841289C32">
							<description>
								
							</description>
						</feature>
						<feature name="F_CD36F3E2BD63">
							<description>
								
							</description>
						</feature>
						<feature name="F_3CD16BD5CEDA">
							<description>
								
							</description>
						</feature>
						<feature name="F_FE551A462D75">
							<description>
								
							</description>
						</feature>
						<feature name="F_A1076E1F0A5B">
							<description>
								
							</description>
						</feature>
						<feature name="F_64BF1B0634A4">
							<description>
								
							</description>
						</feature>
						<feature name="F_76022648AFB7">
							<description>
								
							</description>
						</feature>
						<feature name="F_95795FBC4150">
							<description>
								
							</description>
						</feature>
						<feature name="F_E9794FCF7A2F">
							<description>
								
							</description>
						</feature>
						<feature name="F_783D3C7C82A6">
							<description>
								
							</description>
						</feature>
						<feature name="F_8E9F98FAB6A9">
							<description>
								
							</description>
						</feature>
						<feature name="F_C974E32B5B22">
							<description>
								
							</description>
						</feature>
						<feature name="F_F08C41B0371A">
							<description>
								
							</description>
						</feature>
						<feature name="F_1E0860678135">
							<description>
								
							</description>
						</feature>
						<feature name="F_785D89A9B964">
							<description>
								
							</description>
						</feature>
						<feature name="F_8582F4BAF061">
							<description>
								
							</description>
						</feature>
						<feature name="F_ABDA58515EED">
							<description>
								
							</description>
						</feature>
					</and>
				</and>
			</and>
		</struct>
		<constraints>
			<rule>
				<disj>
					<var>F_E3FDCF013E37</var>
					<var>F_6D4A04D96A38</var>
				</disj>
			</rule>
			<rule>
				<imp>
					<var>F_F70C83E0E810</var>
					<var>F_38D2BF86AEA0</var>
				</imp>
			</rule>
			<rule>
				<imp>
					<var>F_832A7682F56E</var>
					<var>F_666E99B52E36</var>
				</imp>
			</rule>
			<rule>
				<imp>
					<var>F_D237C391420B</var>
					<var>F_7AC187EE7C25</var>
				</imp>
			</rule>
			<rule>
				<eq>
					<var>F_7B8006020B6C</var>
					<var>F_B3DA10614541</var>
				</eq>
			</rule>
		</constraints>
		<calculations Auto="true" Constraints="true" Features="true" Redundant="true" Tautology="true"/>
		<comments>
			<c/>
		</comments>
		<featureOrder userDefined="false"/>
	</featureModel>
