<?xml version="1.0" encoding="UTF-8" standalone="no"?>
	<featureModel>
		<properties/>
		<struct>
			<and abstract="true" mandatory="true" name="F_079A5285BA97">
				<description>
					Lorem
				</description>
				<feature abstract="true" mandatory="true" name="F_B08E92EB7F0A">
					<description>
						
					</description>
				</feature>
				<feature name="F_4AA1EA10E8E2">
					<description>
						
					</description>
				</feature>
				<alt mandatory="true" name="F_32C254010D41">
					<description>
						Lorem ipsum dolor sit amet, consetetur sadipscing elitr, sed diam nonumy eirmod tempor invidunt
					</description>
					<feature mandatory="true" name="F_4FFA588DA0A4">
						<description>
							
						</description>
					</feature>
					<feature mandatory="true" name="F_1B827832FB4C">
						<description>
							
						</description>
					</feature>
					<feature mandatory="true" name="F_B8B3E9EF0DFF">
						<description>
							
						</description>
					</feature>
				</alt>
				<feature name="F_CF2A3C78444C">
					<description>
						
					</description>
				</feature>
				<feature name="F_B35E7DF3012A">
					<description>
						
					</description>
				</feature>
				<feature name="F_5E6BFF737359">
					<description>
						
					</description>
				</feature>
				<and mandatory="true" name="F_5D256A83D5F9">
					<description>
						
					</description>
					<feature name="F_38CA949755D1">
						<description>
							
						</description>
					</feature>
					<feature name="F_7C3C02465B80">
						<description>
							
						</description>
					</feature>
					<feature name="F_5D1674A2A440">
						<description>
							
						</description>
					</feature>
					<feature name="F_B7D96251F7CC">
						<description>
							
						</description>
					</feature>
					<feature name="F_8B531C609895">
						<description>
							
						</description>
					</feature>
					<feature name="F_52D9EF976890">
						<description>
							
						</description>
					</feature>
					<feature name="F_2862F5EEF5EF">
						<description>
							
						</description>
					</feature>
					<feature name="F_375AE58A0C14">
						<description>
							
						</description>
					</feature>
					<feature name="F_7E7C2DC01A17">
						<description>
							
						</description>
					</feature>
					<feature name="F_D86F03821B9B">
						<description>
							
						</description>
					</feature>
				</and>
				<alt mandatory="true" name="F_49C3A9AD53BA">
					<description>
						Lorem ipsum dolor sit amet, consetetur sadipscing elitr, sed diam nonumy eirmod tempor invidunt ut labore et dolore magna aliquyam erat, sed diam voluptua. At vero eos et accusam et justo duo dolores et ea rebum. Stet clita kasd gubergren, no sea
					</description>
					<feature mandatory="true" name="F_C2CCAFE50523">
						<description>
							
						</description>
					</feature>
					<feature mandatory="true" name="F_7C2ECE82F322">
						<description>
							
						</description>
					</feature>
					<feature mandatory="true" name="F_7AA2E548C4C9">
						<description>
							
						</description>
					</feature>
					<feature mandatory="true" name="F_B4DE7013C5B7">
						<description>
							
						</description>
					</feature>
				</alt>
				<feature name="F_712EEC34CAA0">
					<description>
						
					</description>
				</feature>
				<feature name="F_3690CBC30D0D">
					<description>
						
					</description>
				</feature>
				<alt mandatory="true" name="F_CB7A77652930">
					<description>
						
					</description>
					<feature mandatory="true" name="F_404DB39C8CDA">
						<description>
							
						</description>
					</feature>
					<feature mandatory="true" name="F_A66BA71BFFB7">
						<description>
							
						</description>
					</feature>
				</alt>
				<feature name="F_F6723A2C6220">
					<description>
						
					</description>
				</feature>
				<alt mandatory="true" name="F_9DC4AA9E13D6">
					<description>
						
					</description>
					<feature mandatory="true" name="F_E01DBDB09354">
						<description>
							
						</description>
					</feature>
					<feature mandatory="true" name="F_E8EF7702C1CB">
						<description>
							
						</description>
					</feature>
					<feature mandatory="true" name="F_3357EFC3889F">
						<description>
							
						</description>
					</feature>
				</alt>
				<alt mandatory="true" name="I_2063493806__F_154C88655C50">
					<description>
						
					</description>
					<feature mandatory="true" name="I_2063493806__F_F69E7F706F2E">
						<description>
							
						</description>
					</feature>
					<feature mandatory="true" name="I_2063493806__F_825957E77D7E">
						<description>
							
						</description>
					</feature>
					<feature mandatory="true" name="I_2063493806__F_CBFD51FEB81A">
						<description>
							
						</description>
					</feature>
					<feature mandatory="true" name="I_2063493806__F_CBD822BE4A9E">
						<description>
							
						</description>
					</feature>
				</alt>
				<feature name="F_5C9D46467C60">
					<description>
						
					</description>
				</feature>
				<alt mandatory="true" name="F_28030336A57F">
					<description>
						
					</description>
					<feature mandatory="true" name="F_72CEFA16C126">
						<description>
							
						</description>
					</feature>
					<feature mandatory="true" name="F_4FCA5C0FBFFA">
						<description>
							
						</description>
					</feature>
					<feature mandatory="true" name="F_584A26964211">
						<description>
							
						</description>
					</feature>
					<feature mandatory="true" name="F_F2B89ED7ACEC">
						<description>
							
						</description>
					</feature>
					<feature mandatory="true" name="F_2551D91445FC">
						<description>
							
						</description>
					</feature>
					<feature mandatory="true" name="F_70F1E373D4BE">
						<description>
							
						</description>
					</feature>
					<feature mandatory="true" name="F_5C3382BBAEB0">
						<description>
							
						</description>
					</feature>
					<feature mandatory="true" name="F_CBA07440CDDE">
						<description>
							
						</description>
					</feature>
					<feature mandatory="true" name="F_C3928103702A">
						<description>
							
						</description>
					</feature>
					<feature mandatory="true" name="F_49643C50BFA7">
						<description>
							
						</description>
					</feature>
					<feature mandatory="true" name="F_57BD199024B3">
						<description>
							
						</description>
					</feature>
					<feature mandatory="true" name="F_C30439BC9E15">
						<description>
							
						</description>
					</feature>
					<feature mandatory="true" name="F_7EA76BE8E04C">
						<description>
							
						</description>
					</feature>
				</alt>
				<feature name="F_14AE801EFA46">
					<description>
						
					</description>
				</feature>
				<feature name="F_9320A0C39F50">
					<description>
						
					</description>
				</feature>
				<alt mandatory="true" name="F_9DBED97E3EFE">
					<description>
						
					</description>
					<feature mandatory="true" name="F_13C2103B3DE1">
						<description>
							
						</description>
					</feature>
					<feature mandatory="true" name="F_4F7D59B1A297">
						<description>
							
						</description>
					</feature>
				</alt>
				<feature name="F_ED163BF04379">
					<description>
						
					</description>
				</feature>
				<alt name="F_C16BFEF10D54">
					<description>
						
					</description>
					<feature mandatory="true" name="F_0FD10D26F7B1">
						<description>
							
						</description>
					</feature>
					<feature mandatory="true" name="F_76A7AD4A7AED">
						<description>
							
						</description>
					</feature>
				</alt>
				<feature name="F_CF8F0096C625">
					<description>
						
					</description>
				</feature>
				<alt mandatory="true" name="F_32FAA9606809">
					<description>
						
					</description>
					<feature mandatory="true" name="F_84FD31A6A208">
						<description>
							
						</description>
					</feature>
					<feature mandatory="true" name="F_8A4A3330DCAE">
						<description>
							
						</description>
					</feature>
					<feature mandatory="true" name="F_2873704C772B">
						<description>
							
						</description>
					</feature>
					<feature mandatory="true" name="F_B9B0C039C5FA">
						<description>
							
						</description>
					</feature>
				</alt>
				<feature name="F_946EBE87B97C">
					<description>
						
					</description>
				</feature>
				<feature name="F_8ABA34AC977C">
					<description>
						
					</description>
				</feature>
				<feature name="F_CAF68868D4B3">
					<description>
						
					</description>
				</feature>
				<feature name="F_DACB010EB52F">
					<description>
						
					</description>
				</feature>
				<feature name="F_A61C495E0A3F">
					<description>
						
					</description>
				</feature>
				<feature name="F_92339DEA751D">
					<description>
						
					</description>
				</feature>
				<alt mandatory="true" name="F_0C43FD732944">
					<description>
						
					</description>
					<feature mandatory="true" name="F_AF0BADC11E63">
						<description>
							
						</description>
					</feature>
					<feature mandatory="true" name="F_2765FA3C23DB">
						<description>
							
						</description>
					</feature>
					<feature mandatory="true" name="F_62E4E9334EA4">
						<description>
							
						</description>
					</feature>
					<feature mandatory="true" name="F_4DBA7FCE2BEC">
						<description>
							
						</description>
					</feature>
				</alt>
				<feature name="F_A0A4945779CA">
					<description>
						
					</description>
				</feature>
				<feature name="F_9C046B3129DF">
					<description>
						
					</description>
				</feature>
				<alt mandatory="true" name="F_36F89A3D7AD5">
					<description>
						
					</description>
					<feature mandatory="true" name="F_BC26389FF0F1">
						<description>
							
						</description>
					</feature>
					<feature mandatory="true" name="F_6702FBE6AF4A">
						<description>
							
						</description>
					</feature>
				</alt>
				<alt mandatory="true" name="F_28672FAC534F">
					<description>
						
					</description>
					<feature mandatory="true" name="F_F0ABBBEE812E">
						<description>
							
						</description>
					</feature>
					<feature mandatory="true" name="F_191859F27323">
						<description>
							
						</description>
					</feature>
					<feature mandatory="true" name="F_0FF4E50AB5A4">
						<description>
							
						</description>
					</feature>
					<feature mandatory="true" name="F_9A5EC5CEF22C">
						<description>
							
						</description>
					</feature>
					<feature mandatory="true" name="F_1BEEA28F4E03">
						<description>
							
						</description>
					</feature>
					<feature mandatory="true" name="F_BA6F080A4022">
						<description>
							
						</description>
					</feature>
				</alt>
				<alt mandatory="true" name="F_126BF88CE2BB">
					<description>
						
					</description>
					<feature mandatory="true" name="F_B5E0C10AFC86">
						<description>
							
						</description>
					</feature>
					<feature mandatory="true" name="F_D3BD28FAA4B7">
						<description>
							
						</description>
					</feature>
					<feature mandatory="true" name="F_DAE0DF11527F">
						<description>
							
						</description>
					</feature>
					<feature mandatory="true" name="F_60A0856802EE">
						<description>
							
						</description>
					</feature>
				</alt>
				<alt mandatory="true" name="F_C3A0992EA044">
					<description>
						
					</description>
					<feature mandatory="true" name="F_F8937218A563">
						<description>
							
						</description>
					</feature>
					<feature mandatory="true" name="F_7F6F1D0058E8">
						<description>
							
						</description>
					</feature>
					<feature mandatory="true" name="F_8A7E9963C97A">
						<description>
							
						</description>
					</feature>
					<feature mandatory="true" name="F_00CFDE71AB61">
						<description>
							
						</description>
					</feature>
				</alt>
				<feature name="F_20405AEEF74D">
					<description>
						
					</description>
				</feature>
				<feature name="F_33348E77C0D9">
					<description>
						
					</description>
				</feature>
				<feature name="F_7B95BFDDD40A">
					<description>
						
					</description>
				</feature>
				<feature name="F_6DC3B0EBE916">
					<description>
						
					</description>
				</feature>
				<alt mandatory="true" name="I_1296972118__F_407734999406">
					<description>
						
					</description>
					<feature mandatory="true" name="I_1296972118__F_DD8747325C0C">
						<description>
							
						</description>
					</feature>
					<feature mandatory="true" name="I_1296972118__F_64F926F41D5E">
						<description>
							
						</description>
					</feature>
					<feature mandatory="true" name="I_1296972118__F_6B6C8CCCC617">
						<description>
							
						</description>
					</feature>
					<feature mandatory="true" name="I_1296972118__F_EBCB2433E9FA">
						<description>
							
						</description>
					</feature>
				</alt>
				<feature name="F_1A0843F608A4">
					<description>
						
					</description>
				</feature>
				<alt mandatory="true" name="F_B3FD7C1BEF50">
					<description>
						
					</description>
					<feature mandatory="true" name="F_C12E85C435A0">
						<description>
							
						</description>
					</feature>
					<feature mandatory="true" name="F_BF8CB5F4CEBC">
						<description>
							
						</description>
					</feature>
				</alt>
				<feature name="F_C774353284E2">
					<description>
						
					</description>
				</feature>
				<feature name="F_231F83B926C0">
					<description>
						
					</description>
				</feature>
				<feature name="F_BA63B1F2684E">
					<description>
						
					</description>
				</feature>
				<feature name="F_2038ED9E5AFA">
					<description>
						
					</description>
				</feature>
				<feature name="F_CCC0CCA80ECC">
					<description>
						
					</description>
				</feature>
				<feature name="F_23158B17CF29">
					<description>
						
					</description>
				</feature>
				<feature name="F_10905FB09CA6">
					<description>
						
					</description>
				</feature>
				<alt mandatory="true" name="I_1484566597__F_80052A65C41F">
					<description>
						
					</description>
					<feature mandatory="true" name="I_1484566597__F_B87758999948">
						<description>
							
						</description>
					</feature>
					<feature mandatory="true" name="I_1484566597__F_BBE3FA725CA6">
						<description>
							
						</description>
					</feature>
					<feature mandatory="true" name="I_1484566597__F_2B2185B96E1C">
						<description>
							
						</description>
					</feature>
					<feature mandatory="true" name="I_1484566597__F_CA38D7C86E77">
						<description>
							
						</description>
					</feature>
				</alt>
				<alt mandatory="true" name="F_DFDF56F3AA44">
					<description>
						
					</description>
					<feature mandatory="true" name="F_B296C0946373">
						<description>
							
						</description>
					</feature>
					<feature mandatory="true" name="F_A70BF40A0227">
						<description>
							
						</description>
					</feature>
				</alt>
				<alt mandatory="true" name="I_2225963575__F_085F979E3646">
					<description>
						
					</description>
					<feature mandatory="true" name="I_2225963575__F_F58C762ECA94">
						<description>
							
						</description>
					</feature>
					<feature mandatory="true" name="I_2225963575__F_3EE9C97417CF">
						<description>
							
						</description>
					</feature>
					<feature mandatory="true" name="I_2225963575__F_9A4519BE5605">
						<description>
							
						</description>
					</feature>
					<feature mandatory="true" name="I_2225963575__F_4BE916CA4C3C">
						<description>
							
						</description>
					</feature>
				</alt>
				<alt mandatory="true" name="I_1420843952__F_4ADFCA765F9A">
					<description>
						
					</description>
					<feature mandatory="true" name="I_1420843952__F_A1E03ECFEA6B">
						<description>
							
						</description>
					</feature>
					<feature mandatory="true" name="I_1420843952__F_5D55D740AAC8">
						<description>
							
						</description>
					</feature>
					<feature mandatory="true" name="I_1420843952__F_8CD6B08614A8">
						<description>
							
						</description>
					</feature>
					<feature mandatory="true" name="I_1420843952__F_3C96CC1FED5D">
						<description>
							
						</description>
					</feature>
				</alt>
				<feature name="F_972D7A9AC209">
					<description>
						
					</description>
				</feature>
				<feature name="F_160033A5739D">
					<description>
						
					</description>
				</feature>
				<feature name="F_34D990C78709">
					<description>
						
					</description>
				</feature>
				<alt mandatory="true" name="F_68779F45F743">
					<description>
						
					</description>
					<feature mandatory="true" name="F_B769A3DDD36E">
						<description>
							
						</description>
					</feature>
					<feature mandatory="true" name="F_AE87751D2A89">
						<description>
							
						</description>
					</feature>
					<feature mandatory="true" name="F_B42BDA441012">
						<description>
							
						</description>
					</feature>
					<feature mandatory="true" name="F_9A0864178F8B">
						<description>
							
						</description>
					</feature>
				</alt>
				<feature name="F_D7160D6F5DF1">
					<description>
						
					</description>
				</feature>
				<alt mandatory="true" name="I_2299038048__F_886482EBC5C0">
					<description>
						
					</description>
					<feature mandatory="true" name="I_2299038048__F_43C988F07874">
						<description>
							
						</description>
					</feature>
					<feature mandatory="true" name="I_2299038048__F_09A687E26C29">
						<description>
							
						</description>
					</feature>
					<feature mandatory="true" name="I_2299038048__F_777C6B0C56D2">
						<description>
							
						</description>
					</feature>
					<feature mandatory="true" name="I_2299038048__F_23D5834887B4">
						<description>
							
						</description>
					</feature>
				</alt>
				<feature name="F_5B05404A95CF">
					<description>
						
					</description>
				</feature>
				<alt mandatory="true" name="F_BDE9EE406377">
					<description>
						
					</description>
					<feature mandatory="true" name="F_C41DCE5AC90A">
						<description>
							
						</description>
					</feature>
					<feature mandatory="true" name="F_C8B24444D96E">
						<description>
							
						</description>
					</feature>
					<feature mandatory="true" name="F_31ABF46C909D">
						<description>
							
						</description>
					</feature>
					<feature mandatory="true" name="F_41540B9AD35B">
						<description>
							
						</description>
					</feature>
					<feature mandatory="true" name="F_08BEDC3F051E">
						<description>
							
						</description>
					</feature>
				</alt>
				<feature name="F_E317B844AB09">
					<description>
						
					</description>
				</feature>
				<feature name="F_B16544C65374">
					<description>
						
					</description>
				</feature>
				<feature name="F_AF971A94940C">
					<description>
						
					</description>
				</feature>
				<feature name="F_6EF233CB6088">
					<description>
						
					</description>
				</feature>
				<feature name="F_C4712E6D576A">
					<description>
						
					</description>
				</feature>
				<feature name="F_2972C245F7FA">
					<description>
						
					</description>
				</feature>
				<and mandatory="true" name="F_A9AB1B753101">
					<description>
						
					</description>
					<feature name="F_3DC93A88C30B">
						<description>
							
						</description>
					</feature>
					<feature name="F_F0C477A6947E">
						<description>
							
						</description>
					</feature>
					<feature name="F_FDCB79001273">
						<description>
							
						</description>
					</feature>
					<feature name="F_35C0B90C8041">
						<description>
							
						</description>
					</feature>
					<feature name="F_284C306B1786">
						<description>
							
						</description>
					</feature>
					<feature name="F_5764582AA4D3">
						<description>
							
						</description>
					</feature>
					<feature name="F_AA6770BB6689">
						<description>
							
						</description>
					</feature>
					<feature name="F_86112F21F9D0">
						<description>
							
						</description>
					</feature>
					<feature name="F_4966F252E434">
						<description>
							
						</description>
					</feature>
					<feature name="F_9CB8AA6B5C76">
						<description>
							
						</description>
					</feature>
					<feature name="F_E9C28442110C">
						<description>
							Lorem ipsum dolor sit amet,
						</description>
					</feature>
					<feature name="F_9158190A4A77">
						<description>
							
						</description>
					</feature>
					<feature name="F_35C7913DCBC1">
						<description>
							
						</description>
					</feature>
				</and>
				<alt mandatory="true" name="F_1242CCB9D6F1">
					<description>
						
					</description>
					<feature mandatory="true" name="F_5E4A9030EC73">
						<description>
							
						</description>
					</feature>
					<feature mandatory="true" name="F_F8960B42E151">
						<description>
							
						</description>
					</feature>
				</alt>
				<feature name="F_5A1B6B6F7750">
					<description>
						
					</description>
				</feature>
				<alt mandatory="true" name="F_F61D7DF4F3BD">
					<description>
						
					</description>
					<feature mandatory="true" name="F_7FF179F5D449">
						<description>
							
						</description>
					</feature>
					<feature mandatory="true" name="F_FFC82B5D98EB">
						<description>
							
						</description>
					</feature>
				</alt>
				<alt mandatory="true" name="F_904800EC5B0B">
					<description>
						
					</description>
					<feature mandatory="true" name="F_D01F70E6BA43">
						<description>
							
						</description>
					</feature>
					<feature mandatory="true" name="F_27D00D28EF6F">
						<description>
							
						</description>
					</feature>
					<feature mandatory="true" name="F_A9ABD78C97AE">
						<description>
							
						</description>
					</feature>
				</alt>
				<feature name="F_C9B8BD0C00D9">
					<description>
						
					</description>
				</feature>
				<and mandatory="true" name="F_9473E86B0D01">
					<description>
						
					</description>
					<feature name="F_D61FD67C6967">
						<description>
							
						</description>
					</feature>
					<feature name="F_A50A1CD3A005">
						<description>
							
						</description>
					</feature>
					<feature name="F_DDDDC3B2B7E6">
						<description>
							
						</description>
					</feature>
					<feature name="F_5407313A1D07">
						<description>
							
						</description>
					</feature>
				</and>
				<feature name="F_0A33E375DB03">
					<description>
						
					</description>
				</feature>
				<feature name="F_8B57160212D8">
					<description>
						
					</description>
				</feature>
				<feature name="F_5A34032B4F67">
					<description>
						
					</description>
				</feature>
				<feature name="F_DB2471066448">
					<description>
						
					</description>
				</feature>
				<feature name="F_F9C1D114245C">
					<description>
						
					</description>
				</feature>
				<feature name="F_DE90224380C1">
					<description>
						
					</description>
				</feature>
				<alt mandatory="true" name="F_88AADDE4C705">
					<description>
						
					</description>
					<feature mandatory="true" name="F_29120D578F97">
						<description>
							
						</description>
					</feature>
					<feature mandatory="true" name="F_785C38F48B59">
						<description>
							
						</description>
					</feature>
					<feature mandatory="true" name="F_82096645E3A2">
						<description>
							
						</description>
					</feature>
					<feature mandatory="true" name="F_458E328AC448">
						<description>
							
						</description>
					</feature>
					<feature mandatory="true" name="F_3DBF3FB2AD2F">
						<description>
							
						</description>
					</feature>
				</alt>
				<alt mandatory="true" name="I_3158998358__F_0333A02B5D0F">
					<description>
						
					</description>
					<feature mandatory="true" name="I_3158998358__F_CFD2C1E9856B">
						<description>
							
						</description>
					</feature>
					<feature mandatory="true" name="I_3158998358__F_BEAD5F631559">
						<description>
							
						</description>
					</feature>
					<feature mandatory="true" name="I_3158998358__F_201D430E7F94">
						<description>
							
						</description>
					</feature>
					<feature mandatory="true" name="I_3158998358__F_816606813C88">
						<description>
							
						</description>
					</feature>
				</alt>
				<feature name="F_D01C86FBF1D1">
					<description>
						
					</description>
				</feature>
				<alt mandatory="true" name="F_C294E7B2D450">
					<description>
						
					</description>
					<feature mandatory="true" name="F_F939C4079F5C">
						<description>
							
						</description>
					</feature>
					<feature mandatory="true" name="F_C709FD4BC38F">
						<description>
							
						</description>
					</feature>
					<feature mandatory="true" name="F_517F39E69595">
						<description>
							
						</description>
					</feature>
				</alt>
				<alt mandatory="true" name="F_03AEAF0ACA61">
					<description>
						
					</description>
					<feature mandatory="true" name="F_02182861A103">
						<description>
							
						</description>
					</feature>
					<feature mandatory="true" name="F_51CD7973D149">
						<description>
							
						</description>
					</feature>
					<feature mandatory="true" name="F_959B8F05E03E">
						<description>
							
						</description>
					</feature>
					<feature mandatory="true" name="F_E532A8040943">
						<description>
							
						</description>
					</feature>
				</alt>
				<and mandatory="true" name="F_39B7B90A3EF6">
					<description>
						
					</description>
					<feature name="F_714B32917AB1">
						<description>
							
						</description>
					</feature>
					<feature name="F_0D898DCED33A">
						<description>
							
						</description>
					</feature>
					<feature name="F_BCC115CCE7A2">
						<description>
							
						</description>
					</feature>
					<feature name="F_951079130B5A">
						<description>
							
						</description>
					</feature>
					<feature name="F_ECEC6E9A13BC">
						<description>
							
						</description>
					</feature>
					<feature name="F_6635C90E8BCF">
						<description>
							
						</description>
					</feature>
				</and>
				<feature name="F_E4DE018D255D">
					<description>
						
					</description>
				</feature>
				<alt mandatory="true" name="F_5BCB93D92532">
					<description>
						
					</description>
					<feature mandatory="true" name="F_5C97E093FAC2">
						<description>
							
						</description>
					</feature>
					<feature mandatory="true" name="F_200EAA54EF36">
						<description>
							
						</description>
					</feature>
				</alt>
				<alt mandatory="true" name="F_957329EE5206">
					<description>
						
					</description>
					<feature mandatory="true" name="F_D00432A40E33">
						<description>
							
						</description>
					</feature>
					<feature mandatory="true" name="F_BE4F71865303">
						<description>
							
						</description>
					</feature>
					<feature mandatory="true" name="F_49FE3E901826">
						<description>
							
						</description>
					</feature>
					<feature mandatory="true" name="F_1A9BF3AF9FD9">
						<description>
							
						</description>
					</feature>
					<feature mandatory="true" name="F_BD1483E365C0">
						<description>
							
						</description>
					</feature>
				</alt>
				<or mandatory="true" name="I_971250568__F_2587A808CCF8">
					<description>
						Lorem
					</description>
					<feature mandatory="true" name="I_971250568__F_DC1B3E33E998">
						<description>
							
						</description>
					</feature>
					<feature mandatory="true" name="I_971250568__F_833B96944C45">
						<description>
							
						</description>
					</feature>
					<feature mandatory="true" name="I_971250568__F_AC4AABBE5AD0">
						<description>
							
						</description>
					</feature>
					<feature mandatory="true" name="I_971250568__F_171A858AA731">
						<description>
							
						</description>
					</feature>
					<feature mandatory="true" name="I_971250568__F_477CB1FB9180">
						<description>
							
						</description>
					</feature>
					<feature mandatory="true" name="I_971250568__F_42CD3A7249D3">
						<description>
							
						</description>
					</feature>
					<feature mandatory="true" name="I_971250568__F_464AC9F22CB8">
						<description>
							
						</description>
					</feature>
					<feature mandatory="true" name="I_971250568__F_E0C91E4A6EE7">
						<description>
							
						</description>
					</feature>
				</or>
				<or mandatory="true" name="I_1520641489__F_E1A176203175">
					<description>
						Lorem
					</description>
					<feature mandatory="true" name="I_1520641489__F_6DD15BAEC904">
						<description>
							
						</description>
					</feature>
					<feature mandatory="true" name="I_1520641489__F_A5D5BD3E208D">
						<description>
							
						</description>
					</feature>
					<feature mandatory="true" name="I_1520641489__F_07133D42E1A1">
						<description>
							
						</description>
					</feature>
					<feature mandatory="true" name="I_1520641489__F_7715DFFFD52A">
						<description>
							
						</description>
					</feature>
					<feature mandatory="true" name="I_1520641489__F_70C259668C03">
						<description>
							
						</description>
					</feature>
					<feature mandatory="true" name="I_1520641489__F_293DF24DCBB1">
						<description>
							
						</description>
					</feature>
					<feature mandatory="true" name="I_1520641489__F_C13499083814">
						<description>
							
						</description>
					</feature>
					<feature mandatory="true" name="I_1520641489__F_2A877D93E108">
						<description>
							
						</description>
					</feature>
				</or>
				<or mandatory="true" name="I_2674040949__F_964C461C08BB">
					<description>
						Lorem
					</description>
					<feature mandatory="true" name="I_2674040949__F_BA4B03A0AF7E">
						<description>
							
						</description>
					</feature>
					<feature mandatory="true" name="I_2674040949__F_1E24DD740C7A">
						<description>
							
						</description>
					</feature>
					<feature mandatory="true" name="I_2674040949__F_ACF4EBC64E6D">
						<description>
							
						</description>
					</feature>
					<feature mandatory="true" name="I_2674040949__F_CC9EF28CB04A">
						<description>
							
						</description>
					</feature>
					<feature mandatory="true" name="I_2674040949__F_99691D82AC33">
						<description>
							
						</description>
					</feature>
					<feature mandatory="true" name="I_2674040949__F_52D5586BB135">
						<description>
							
						</description>
					</feature>
					<feature mandatory="true" name="I_2674040949__F_257FB6E2E7B3">
						<description>
							
						</description>
					</feature>
					<feature mandatory="true" name="I_2674040949__F_CA40BB0636C8">
						<description>
							
						</description>
					</feature>
				</or>
				<or mandatory="true" name="I_1915112965__F_D37985E7DF0E">
					<description>
						Lorem
					</description>
					<feature mandatory="true" name="I_1915112965__F_B06818ADA078">
						<description>
							
						</description>
					</feature>
					<feature mandatory="true" name="I_1915112965__F_14217BC2934A">
						<description>
							
						</description>
					</feature>
					<feature mandatory="true" name="I_1915112965__F_89EEF44AE518">
						<description>
							
						</description>
					</feature>
					<feature mandatory="true" name="I_1915112965__F_48B3D15EB724">
						<description>
							
						</description>
					</feature>
					<feature mandatory="true" name="I_1915112965__F_1FCEF1E44665">
						<description>
							
						</description>
					</feature>
					<feature mandatory="true" name="I_1915112965__F_188A5AEFF323">
						<description>
							
						</description>
					</feature>
					<feature mandatory="true" name="I_1915112965__F_79A1A2BA86C0">
						<description>
							
						</description>
					</feature>
					<feature mandatory="true" name="I_1915112965__F_FDCDF9B80E13">
						<description>
							
						</description>
					</feature>
				</or>
				<or mandatory="true" name="I_3056168386__F_8A550D94E533">
					<description>
						Lorem
					</description>
					<feature mandatory="true" name="I_3056168386__F_F1869BB04471">
						<description>
							
						</description>
					</feature>
					<feature mandatory="true" name="I_3056168386__F_56042E2E0983">
						<description>
							
						</description>
					</feature>
					<feature mandatory="true" name="I_3056168386__F_787C04B886B5">
						<description>
							
						</description>
					</feature>
					<feature mandatory="true" name="I_3056168386__F_2595F526B4EC">
						<description>
							
						</description>
					</feature>
					<feature mandatory="true" name="I_3056168386__F_D67D41EFB11D">
						<description>
							
						</description>
					</feature>
					<feature mandatory="true" name="I_3056168386__F_4CEAE6C78410">
						<description>
							
						</description>
					</feature>
					<feature mandatory="true" name="I_3056168386__F_1C110F2A519C">
						<description>
							
						</description>
					</feature>
					<feature mandatory="true" name="I_3056168386__F_25B041DEA26B">
						<description>
							
						</description>
					</feature>
				</or>
				<or mandatory="true" name="I_439951634__F_4539D50CEB42">
					<description>
						Lorem
					</description>
					<feature mandatory="true" name="I_439951634__F_40BF40B0582D">
						<description>
							
						</description>
					</feature>
					<feature mandatory="true" name="I_439951634__F_53C380F63F62">
						<description>
							
						</description>
					</feature>
					<feature mandatory="true" name="I_439951634__F_EBB5CE532280">
						<description>
							
						</description>
					</feature>
					<feature mandatory="true" name="I_439951634__F_0D2822946FF6">
						<description>
							
						</description>
					</feature>
					<feature mandatory="true" name="I_439951634__F_1E949CCD4B6D">
						<description>
							
						</description>
					</feature>
					<feature mandatory="true" name="I_439951634__F_ADC05CDFE19B">
						<description>
							
						</description>
					</feature>
					<feature mandatory="true" name="I_439951634__F_DFB48923B71D">
						<description>
							
						</description>
					</feature>
					<feature mandatory="true" name="I_439951634__F_B788088B23B6">
						<description>
							
						</description>
					</feature>
				</or>
				<or mandatory="true" name="I_2286307785__F_7772D9782280">
					<description>
						Lorem
					</description>
					<feature mandatory="true" name="I_2286307785__F_55B3C7F71D57">
						<description>
							
						</description>
					</feature>
					<feature mandatory="true" name="I_2286307785__F_EDFF22B8708F">
						<description>
							
						</description>
					</feature>
					<feature mandatory="true" name="I_2286307785__F_0C28E9296EF7">
						<description>
							
						</description>
					</feature>
					<feature mandatory="true" name="I_2286307785__F_7D1FC6390A1F">
						<description>
							
						</description>
					</feature>
					<feature mandatory="true" name="I_2286307785__F_85801E0CE516">
						<description>
							
						</description>
					</feature>
					<feature mandatory="true" name="I_2286307785__F_8D92E58312CC">
						<description>
							
						</description>
					</feature>
					<feature mandatory="true" name="I_2286307785__F_5E5C61B05CBE">
						<description>
							
						</description>
					</feature>
					<feature mandatory="true" name="I_2286307785__F_5F61D85F38F0">
						<description>
							
						</description>
					</feature>
				</or>
				<or mandatory="true" name="I_3927145093__F_BD044BC25840">
					<description>
						Lorem
					</description>
					<feature mandatory="true" name="I_3927145093__F_4DC6DC247523">
						<description>
							
						</description>
					</feature>
					<feature mandatory="true" name="I_3927145093__F_714C9E7CBAB4">
						<description>
							
						</description>
					</feature>
					<feature mandatory="true" name="I_3927145093__F_519FCCE911EE">
						<description>
							
						</description>
					</feature>
					<feature mandatory="true" name="I_3927145093__F_630B08774127">
						<description>
							
						</description>
					</feature>
					<feature mandatory="true" name="I_3927145093__F_EA6086A94CA4">
						<description>
							
						</description>
					</feature>
					<feature mandatory="true" name="I_3927145093__F_EEDC8E046DB7">
						<description>
							
						</description>
					</feature>
					<feature mandatory="true" name="I_3927145093__F_F9420D214F74">
						<description>
							
						</description>
					</feature>
					<feature mandatory="true" name="I_3927145093__F_292B8C316713">
						<description>
							
						</description>
					</feature>
				</or>
				<or mandatory="true" name="I_2945777336__F_9579F7A757C6">
					<description>
						Lorem
					</description>
					<feature mandatory="true" name="I_2945777336__F_7617D35DDA4B">
						<description>
							
						</description>
					</feature>
					<feature mandatory="true" name="I_2945777336__F_177F71355E7C">
						<description>
							
						</description>
					</feature>
					<feature mandatory="true" name="I_2945777336__F_691210290A0D">
						<description>
							
						</description>
					</feature>
					<feature mandatory="true" name="I_2945777336__F_087C690D93AE">
						<description>
							
						</description>
					</feature>
					<feature mandatory="true" name="I_2945777336__F_9F5A257FDA0D">
						<description>
							
						</description>
					</feature>
					<feature mandatory="true" name="I_2945777336__F_0DBF2218F61A">
						<description>
							
						</description>
					</feature>
					<feature mandatory="true" name="I_2945777336__F_AD3CA9EE3756">
						<description>
							
						</description>
					</feature>
					<feature mandatory="true" name="I_2945777336__F_C2FF97DCD891">
						<description>
							
						</description>
					</feature>
				</or>
				<feature mandatory="true" name="F_BD6411FA9855">
					<description>
						Lorem ipsum dolor sit amet, consetetur sadipscing el
					</description>
				</feature>
				<or mandatory="true" name="I_2280760300__F_60ABC745C36D">
					<description>
						Lorem
					</description>
					<feature mandatory="true" name="I_2280760300__F_32CDC9B3BF20">
						<description>
							
						</description>
					</feature>
					<feature mandatory="true" name="I_2280760300__F_9A4A14059EC6">
						<description>
							
						</description>
					</feature>
					<feature mandatory="true" name="I_2280760300__F_D627D59318DD">
						<description>
							
						</description>
					</feature>
					<feature mandatory="true" name="I_2280760300__F_7AB7250DB1E2">
						<description>
							
						</description>
					</feature>
					<feature mandatory="true" name="I_2280760300__F_A7D3F41B2D85">
						<description>
							
						</description>
					</feature>
					<feature mandatory="true" name="I_2280760300__F_F2D999577D2B">
						<description>
							
						</description>
					</feature>
					<feature mandatory="true" name="I_2280760300__F_1ABDAE33A3F2">
						<description>
							
						</description>
					</feature>
					<feature mandatory="true" name="I_2280760300__F_7F0145215EE6">
						<description>
							
						</description>
					</feature>
				</or>
				<or mandatory="true" name="I_3386712753__F_9EF59D6A4797">
					<description>
						Lorem
					</description>
					<feature mandatory="true" name="I_3386712753__F_A05E105075D7">
						<description>
							
						</description>
					</feature>
					<feature mandatory="true" name="I_3386712753__F_851323045719">
						<description>
							
						</description>
					</feature>
					<feature mandatory="true" name="I_3386712753__F_A14D6EAECBAD">
						<description>
							
						</description>
					</feature>
					<feature mandatory="true" name="I_3386712753__F_5EC5CDACC544">
						<description>
							
						</description>
					</feature>
					<feature mandatory="true" name="I_3386712753__F_EE99A206810C">
						<description>
							
						</description>
					</feature>
					<feature mandatory="true" name="I_3386712753__F_8E0BBEEBA4AD">
						<description>
							
						</description>
					</feature>
					<feature mandatory="true" name="I_3386712753__F_C2BE8556BD5A">
						<description>
							
						</description>
					</feature>
					<feature mandatory="true" name="I_3386712753__F_4C6C3A396900">
						<description>
							
						</description>
					</feature>
				</or>
				<or mandatory="true" name="I_789218679__F_43B3267A53BB">
					<description>
						Lorem
					</description>
					<feature mandatory="true" name="I_789218679__F_40059D57A084">
						<description>
							
						</description>
					</feature>
					<feature mandatory="true" name="I_789218679__F_91D69D853E38">
						<description>
							
						</description>
					</feature>
					<feature mandatory="true" name="I_789218679__F_BEC24BE99F30">
						<description>
							
						</description>
					</feature>
					<feature mandatory="true" name="I_789218679__F_4BA5F2D70F36">
						<description>
							
						</description>
					</feature>
					<feature mandatory="true" name="I_789218679__F_D09C16168960">
						<description>
							
						</description>
					</feature>
					<feature mandatory="true" name="I_789218679__F_CED61026406C">
						<description>
							
						</description>
					</feature>
					<feature mandatory="true" name="I_789218679__F_2F0258898FAC">
						<description>
							
						</description>
					</feature>
					<feature mandatory="true" name="I_789218679__F_DDC37C953EA4">
						<description>
							
						</description>
					</feature>
				</or>
				<or mandatory="true" name="I_3387607761__F_FCEA65A891F3">
					<description>
						Lorem
					</description>
					<feature mandatory="true" name="I_3387607761__F_6559CDFE7AF1">
						<description>
							
						</description>
					</feature>
					<feature mandatory="true" name="I_3387607761__F_597A02BEBDB3">
						<description>
							
						</description>
					</feature>
					<feature mandatory="true" name="I_3387607761__F_8C1D09136F34">
						<description>
							
						</description>
					</feature>
					<feature mandatory="true" name="I_3387607761__F_DB798B7A030E">
						<description>
							
						</description>
					</feature>
					<feature mandatory="true" name="I_3387607761__F_298FC3A9B2EE">
						<description>
							
						</description>
					</feature>
					<feature mandatory="true" name="I_3387607761__F_695854C4A274">
						<description>
							
						</description>
					</feature>
					<feature mandatory="true" name="I_3387607761__F_DE8CDEEA1CBC">
						<description>
							
						</description>
					</feature>
					<feature mandatory="true" name="I_3387607761__F_3047AD9C23DD">
						<description>
							
						</description>
					</feature>
				</or>
				<or mandatory="true" name="I_524685542__F_1D1662916359">
					<description>
						Lorem
					</description>
					<feature mandatory="true" name="I_524685542__F_24543819139C">
						<description>
							
						</description>
					</feature>
					<feature mandatory="true" name="I_524685542__F_5187A2BDB72F">
						<description>
							
						</description>
					</feature>
					<feature mandatory="true" name="I_524685542__F_3566ABA4F008">
						<description>
							
						</description>
					</feature>
					<feature mandatory="true" name="I_524685542__F_87B4859479A1">
						<description>
							
						</description>
					</feature>
					<feature mandatory="true" name="I_524685542__F_A849DBB653A5">
						<description>
							
						</description>
					</feature>
					<feature mandatory="true" name="I_524685542__F_BEBF4D922245">
						<description>
							
						</description>
					</feature>
					<feature mandatory="true" name="I_524685542__F_AFAAC523DCE7">
						<description>
							
						</description>
					</feature>
					<feature mandatory="true" name="I_524685542__F_40FB14693654">
						<description>
							
						</description>
					</feature>
				</or>
				<or mandatory="true" name="I_500239726__F_AC2E711FA5C8">
					<description>
						Lorem
					</description>
					<feature mandatory="true" name="I_500239726__F_155636DA8B77">
						<description>
							
						</description>
					</feature>
					<feature mandatory="true" name="I_500239726__F_9CDAF5B35DCA">
						<description>
							
						</description>
					</feature>
					<feature mandatory="true" name="I_500239726__F_1C9734CC104C">
						<description>
							
						</description>
					</feature>
					<feature mandatory="true" name="I_500239726__F_E5DCC37EACBD">
						<description>
							
						</description>
					</feature>
					<feature mandatory="true" name="I_500239726__F_F083618FB409">
						<description>
							
						</description>
					</feature>
					<feature mandatory="true" name="I_500239726__F_107A554D8BB6">
						<description>
							
						</description>
					</feature>
					<feature mandatory="true" name="I_500239726__F_735233F80DFB">
						<description>
							
						</description>
					</feature>
					<feature mandatory="true" name="I_500239726__F_0F1DD89EFB11">
						<description>
							
						</description>
					</feature>
				</or>
				<or mandatory="true" name="I_3734118231__F_C159FF40885B">
					<description>
						Lorem
					</description>
					<feature mandatory="true" name="I_3734118231__F_2D0BA9328FB0">
						<description>
							
						</description>
					</feature>
					<feature mandatory="true" name="I_3734118231__F_3870D2648231">
						<description>
							
						</description>
					</feature>
					<feature mandatory="true" name="I_3734118231__F_79ADFFAE1012">
						<description>
							
						</description>
					</feature>
					<feature mandatory="true" name="I_3734118231__F_DC3E509F9CF9">
						<description>
							
						</description>
					</feature>
					<feature mandatory="true" name="I_3734118231__F_E3242F4338FD">
						<description>
							
						</description>
					</feature>
					<feature mandatory="true" name="I_3734118231__F_F8C8646900F2">
						<description>
							
						</description>
					</feature>
					<feature mandatory="true" name="I_3734118231__F_8AFD07F78355">
						<description>
							
						</description>
					</feature>
					<feature mandatory="true" name="I_3734118231__F_38D7B1C98B05">
						<description>
							
						</description>
					</feature>
				</or>
				<feature mandatory="true" name="F_A5603A56270F">
					<description>
						
					</description>
				</feature>
				<feature name="F_383016E9FDAB">
					<description>
						
					</description>
				</feature>
				<feature name="F_44CF474C1DD5">
					<description>
						
					</description>
				</feature>
				<alt mandatory="true" name="F_D99E4036ED42">
					<description>
						
					</description>
					<feature mandatory="true" name="F_8439639B73FF">
						<description>
							
						</description>
					</feature>
					<feature mandatory="true" name="F_1372FB623FE7">
						<description>
							
						</description>
					</feature>
				</alt>
				<alt mandatory="true" name="F_5F6D388FDAB3">
					<description>
						
					</description>
					<feature mandatory="true" name="F_98C9762745C1">
						<description>
							
						</description>
					</feature>
					<feature mandatory="true" name="F_9B36F5B4B4A7">
						<description>
							
						</description>
					</feature>
				</alt>
				<alt mandatory="true" name="F_8BCC7BE53D96">
					<description>
						
					</description>
					<feature mandatory="true" name="F_6DEE1F5C8440">
						<description>
							
						</description>
					</feature>
					<feature mandatory="true" name="F_6B5EF2E988B9">
						<description>
							
						</description>
					</feature>
				</alt>
				<alt mandatory="true" name="F_87DD8E8C2B99">
					<description>
						
					</description>
					<feature mandatory="true" name="F_1C6783CDF11E">
						<description>
							
						</description>
					</feature>
					<feature mandatory="true" name="F_4C33E5FDD98F">
						<description>
							
						</description>
					</feature>
				</alt>
				<alt mandatory="true" name="F_9CDDEFF1AC99">
					<description>
						
					</description>
					<feature mandatory="true" name="F_DDC14A06991B">
						<description>
							
						</description>
					</feature>
					<feature mandatory="true" name="F_D940FC181A7D">
						<description>
							
						</description>
					</feature>
				</alt>
				<alt mandatory="true" name="F_09F49F67BADF">
					<description>
						
					</description>
					<feature mandatory="true" name="F_C54E7F8E1403">
						<description>
							
						</description>
					</feature>
					<feature mandatory="true" name="F_674B75035505">
						<description>
							
						</description>
					</feature>
				</alt>
				<alt mandatory="true" name="F_765CC3A3F104">
					<description>
						
					</description>
					<feature mandatory="true" name="F_00061F87F584">
						<description>
							
						</description>
					</feature>
					<feature mandatory="true" name="F_650BBBCE17DC">
						<description>
							
						</description>
					</feature>
				</alt>
				<alt mandatory="true" name="F_55B432ECB388">
					<description>
						
					</description>
					<feature mandatory="true" name="F_C7AC3D311EB5">
						<description>
							
						</description>
					</feature>
					<feature mandatory="true" name="F_A15BEC95E915">
						<description>
							
						</description>
					</feature>
				</alt>
				<alt mandatory="true" name="F_6B3FAD4117F4">
					<description>
						
					</description>
					<feature mandatory="true" name="F_53078A50CF94">
						<description>
							
						</description>
					</feature>
					<feature mandatory="true" name="F_CAD4DBAB0178">
						<description>
							
						</description>
					</feature>
				</alt>
				<alt mandatory="true" name="F_67BE00AC9962">
					<description>
						
					</description>
					<feature mandatory="true" name="F_4C57977FAB18">
						<description>
							
						</description>
					</feature>
					<feature mandatory="true" name="F_9892BBEF4AB9">
						<description>
							
						</description>
					</feature>
				</alt>
				<alt mandatory="true" name="F_45DF2BE75B2C">
					<description>
						
					</description>
					<feature mandatory="true" name="F_51DCD7ED3F8D">
						<description>
							
						</description>
					</feature>
					<feature mandatory="true" name="F_CDCC03A27392">
						<description>
							
						</description>
					</feature>
				</alt>
				<alt mandatory="true" name="F_2BD02A33D1D7">
					<description>
						
					</description>
					<feature mandatory="true" name="F_44C5F3D79493">
						<description>
							
						</description>
					</feature>
					<feature mandatory="true" name="F_E0241971AF07">
						<description>
							
						</description>
					</feature>
				</alt>
				<alt mandatory="true" name="F_06B4DD23A57D">
					<description>
						Lorem ipsum dolor sit amet, consetetur sadipscing elitr, sed diam nonumy eirmod tempor invidunt ut labore et dolore magna aliquyam erat, sed diam voluptua. At vero eos et accusam et justo duo dolores et ea rebum. Stet clita kasd gubergren, no sea takimata sanctus est Lorem ipsum dolor sit amet. Lorem ipsum dolor sit amet, consetetur sadipscing elitr, sed diam nonumy eirmod tempor invidunt ut labore et dolore magna aliquyam erat, sed d
					</description>
					<feature mandatory="true" name="F_AA6E6B2E3B6E">
						<description>
							
						</description>
					</feature>
					<feature mandatory="true" name="F_2ACCF74E9936">
						<description>
							
						</description>
					</feature>
				</alt>
				<alt mandatory="true" name="F_ED78B33E5561">
					<description>
						
					</description>
					<feature mandatory="true" name="F_1C99CAF29670">
						<description>
							
						</description>
					</feature>
					<feature mandatory="true" name="F_42AD8E933F0F">
						<description>
							
						</description>
					</feature>
				</alt>
				<feature name="F_C6A092564EB7">
					<description>
						
					</description>
				</feature>
				<alt name="F_0101B1B41B5F">
					<description>
						
					</description>
					<feature mandatory="true" name="F_CC0C2DA99499">
						<description>
							
						</description>
					</feature>
					<feature mandatory="true" name="F_863D2852820C">
						<description>
							
						</description>
					</feature>
					<feature mandatory="true" name="F_D3AC67679806">
						<description>
							
						</description>
					</feature>
				</alt>
				<feature name="F_80D293226F75">
					<description>
						
					</description>
				</feature>
				<feature name="F_332A3ACD4F5F">
					<description>
						
					</description>
				</feature>
				<feature name="F_11D7DC49D5E9">
					<description>
						
					</description>
				</feature>
				<feature name="F_A9BC94361248">
					<description>
						
					</description>
				</feature>
				<feature name="F_A3C5A584B271">
					<description>
						
					</description>
				</feature>
				<feature name="F_52649EEC5F86">
					<description>
						
					</description>
				</feature>
				<feature name="F_372BCED4FAC5">
					<description>
						
					</description>
				</feature>
				<feature name="F_528B8705DBCD">
					<description>
						Lorem ipsum dolor sit amet, consetetur sadipscing elitr, sed diam nonumy eirmod tempor invi
					</description>
				</feature>
				<feature name="F_8E02FB17CA8D">
					<description>
						Lorem ipsum dolor sit amet, consetetur sadipscing elitr, sed diam non
					</description>
				</feature>
				<or name="F_206983698E83">
					<description>
						
					</description>
					<feature mandatory="true" name="F_42C917B04284">
						<description>
							
						</description>
					</feature>
					<feature mandatory="true" name="F_3DD06DEE4736">
						<description>
							
						</description>
					</feature>
					<feature mandatory="true" name="F_577CE63AC9BB">
						<description>
							
						</description>
					</feature>
				</or>
				<alt mandatory="true" name="F_6F0DCC065400">
					<description>
						Lorem ipsum dolor sit amet, consetetur sadipscing elitr, sed diam nonumy eirmod tempor invidunt ut labore et dolore magna aliqu
					</description>
					<feature mandatory="true" name="F_BC3C2AF20D99">
						<description>
							Lorem ipsum dolor sit amet, consetetur sadipscing
						</description>
					</feature>
					<feature mandatory="true" name="F_3FEBF3F51CE9">
						<description>
							Lorem ipsum dolor sit amet, consetetur sadipscing
						</description>
					</feature>
					<feature mandatory="true" name="F_A0E23CEDF965">
						<description>
							
						</description>
					</feature>
				</alt>
				<alt mandatory="true" name="F_6551B33CD68F">
					<description>
						Lorem ipsum dolor sit amet, consetetur sadipscing elitr, sed diam nonumy eirmod tempor invidunt
					</description>
					<feature mandatory="true" name="F_B1555C0AEA56">
						<description>
							
						</description>
					</feature>
					<feature mandatory="true" name="F_621201082B9A">
						<description>
							
						</description>
					</feature>
					<feature mandatory="true" name="F_101D0028F828">
						<description>
							
						</description>
					</feature>
					<feature mandatory="true" name="F_B891B4AE9461">
						<description>
							
						</description>
					</feature>
				</alt>
				<or mandatory="true" name="F_3789CE8AEB20">
					<description>
						Lorem ipsum dolor sit amet, consetetur sadipscing elitr, sed diam nonumy eirmod tempor invidunt ut labore et dolore magna aliquyam erat, sed diam voluptua. At v
					</description>
					<feature mandatory="true" name="F_C2B1FFCCDAFF">
						<description>
							
						</description>
					</feature>
					<feature mandatory="true" name="F_235BD743A458">
						<description>
							
						</description>
					</feature>
					<feature mandatory="true" name="F_C648B0CFB5D9">
						<description>
							
						</description>
					</feature>
					<feature mandatory="true" name="F_88EF1BB15978">
						<description>
							
						</description>
					</feature>
					<feature mandatory="true" name="F_921B7DA7E671">
						<description>
							
						</description>
					</feature>
					<feature mandatory="true" name="F_D2C30ECA6D0E">
						<description>
							
						</description>
					</feature>
					<feature mandatory="true" name="F_40698B9CC185">
						<description>
							Lorem ipsum dolor sit
						</description>
					</feature>
					<feature mandatory="true" name="F_0978DE94C670">
						<description>
							Lorem ipsum dolor sit amet, consetetur sadipscin
						</description>
					</feature>
					<feature mandatory="true" name="F_3EA7DBC617D1">
						<description>
							
						</description>
					</feature>
					<feature mandatory="true" name="F_5C7CA2B942CD">
						<description>
							
						</description>
					</feature>
					<feature mandatory="true" name="F_6E737CC0E884">
						<description>
							
						</description>
					</feature>
					<feature mandatory="true" name="F_2E30929AC742">
						<description>
							
						</description>
					</feature>
					<feature mandatory="true" name="F_61BDC80A74D0">
						<description>
							
						</description>
					</feature>
					<feature mandatory="true" name="F_3273501277B5">
						<description>
							
						</description>
					</feature>
				</or>
				<alt name="F_630DBBA04FEC">
					<description>
						Lorem ipsum dolor sit amet, consetetur sadipscing elitr, sed diam nonumy eirmod tempor invidunt ut labore et dolore magna aliquyam erat, sed diam voluptua. At vero eos et accusam et justo duo dolores et ea rebum. Stet clita kasd gubergren, no sea takimata sanctus est Lorem ipsum dolor sit amet. Lorem ipsum dolor sit amet, consetetur sadipscing elitr, sed diam nonumy eirmod tempor invidunt ut labore et dolore magna aliquyam erat, sed
					</description>
					<feature mandatory="true" name="F_D0C3AC79B4A4">
						<description>
							Lorem ipsum dolor sit amet,
						</description>
					</feature>
					<feature mandatory="true" name="F_394D501CC3B2">
						<description>
							Lorem ipsum dolor sit amet,
						</description>
					</feature>
					<feature mandatory="true" name="F_2358DDBAE5FC">
						<description>
							Lorem ipsum dolor sit amet, consetetur
						</description>
					</feature>
					<feature mandatory="true" name="F_F07579DB475F">
						<description>
							Lorem ipsum dolor sit amet, consetetur s
						</description>
					</feature>
					<feature mandatory="true" name="F_CFADB674AEEA">
						<description>
							Lorem ipsum dolor sit amet, conse
						</description>
					</feature>
					<feature mandatory="true" name="F_38DA52C8E77A">
						<description>
							Lorem ipsum dolor sit amet, conse
						</description>
					</feature>
					<feature mandatory="true" name="F_90F9F94AF309">
						<description>
							
						</description>
					</feature>
				</alt>
				<alt mandatory="true" name="F_A6F835FA4832">
					<description>
						Lorem ipsum dolor sit amet, consetetur sadipscing elitr, sed diam nonumy eirmod tempor invidunt ut labore et dolore magna aliquyam erat, sed diam voluptua. At vero eos et accusam et justo duo dolores et ea rebum. Stet clita kasd gubergren, no sea takimata sanctus est Lorem ipsum dolor sit amet. Lorem ipsum dolor sit amet, consetetur sadipscing elitr, sed diam nonumy eirmod tempor invidunt ut labore et dolore magna aliquyam erat, sed diam voluptua. At vero eos et accusam et justo duo dolores et ea rebum. Stet clita kasd gubergren, no sea takimata sanctus est Lorem i
					</description>
					<feature mandatory="true" name="F_A4F0C7F1D5F2">
						<description>
							Lorem ipsum dolor sit amet, consetetur sadipscing
						</description>
					</feature>
					<feature mandatory="true" name="F_558B8402C115">
						<description>
							Lorem ipsum dolor sit amet, consetetur sadipscin
						</description>
					</feature>
					<feature mandatory="true" name="F_237BEB5D700D">
						<description>
							Lorem ipsum dolor sit amet, consetetur sadipsci
						</description>
					</feature>
					<feature mandatory="true" name="F_C4474EDBBFEF">
						<description>
							Lorem ipsum dolor sit amet, consetetur sadips
						</description>
					</feature>
					<feature mandatory="true" name="F_E3FF8885AAC2">
						<description>
							
						</description>
					</feature>
				</alt>
				<or mandatory="true" name="I_2575240668__F_718778E8A555">
					<description>
						
					</description>
					<feature mandatory="true" name="I_2575240668__F_38261CAA555E">
						<description>
							
						</description>
					</feature>
					<feature mandatory="true" name="I_2575240668__F_9B89DBCD35C4">
						<description>
							
						</description>
					</feature>
					<feature mandatory="true" name="I_2575240668__F_FD685B1243BC">
						<description>
							
						</description>
					</feature>
					<feature mandatory="true" name="I_2575240668__F_DAAB1089A7BE">
						<description>
							
						</description>
					</feature>
					<feature mandatory="true" name="I_2575240668__F_1462BAF59BAA">
						<description>
							
						</description>
					</feature>
				</or>
				<or mandatory="true" name="I_3262149947__F_BDBCE73DFEC9">
					<description>
						
					</description>
					<feature mandatory="true" name="I_3262149947__F_A372546D6069">
						<description>
							
						</description>
					</feature>
					<feature mandatory="true" name="I_3262149947__F_29DB38F7C3C0">
						<description>
							
						</description>
					</feature>
					<feature mandatory="true" name="I_3262149947__F_F36A19562C3F">
						<description>
							
						</description>
					</feature>
					<feature mandatory="true" name="I_3262149947__F_DF501E0598E9">
						<description>
							
						</description>
					</feature>
					<feature mandatory="true" name="I_3262149947__F_1C97B5C2E971">
						<description>
							
						</description>
					</feature>
				</or>
				<or mandatory="true" name="I_1292210238__F_AD3B784CA594">
					<description>
						
					</description>
					<feature mandatory="true" name="I_1292210238__F_38F77C0552C3">
						<description>
							
						</description>
					</feature>
					<feature mandatory="true" name="I_1292210238__F_BC9A08E1418B">
						<description>
							
						</description>
					</feature>
					<feature mandatory="true" name="I_1292210238__F_00B1C62B350A">
						<description>
							
						</description>
					</feature>
					<feature mandatory="true" name="I_1292210238__F_359EC3C2B43E">
						<description>
							
						</description>
					</feature>
					<feature mandatory="true" name="I_1292210238__F_9883363B59C9">
						<description>
							
						</description>
					</feature>
				</or>
				<feature name="F_4C7DDAD1D483">
					<description>
						
					</description>
				</feature>
				<feature name="F_C5607C208129">
					<description>
						
					</description>
				</feature>
				<feature name="F_5CE336E3FF92">
					<description>
						
					</description>
				</feature>
				<alt mandatory="true" name="F_20D49F62B0DA">
					<description>
						
					</description>
					<feature mandatory="true" name="F_60B635D2C8A4">
						<description>
							
						</description>
					</feature>
					<feature mandatory="true" name="F_090EDB0DFF3F">
						<description>
							
						</description>
					</feature>
				</alt>
				<alt mandatory="true" name="F_3AB7EF4398FA">
					<description>
						
					</description>
					<feature mandatory="true" name="F_064080E1B52E">
						<description>
							
						</description>
					</feature>
					<feature mandatory="true" name="F_71C26DAEF5B2">
						<description>
							
						</description>
					</feature>
				</alt>
				<alt mandatory="true" name="F_CACE37F7FEB2">
					<description>
						
					</description>
					<feature mandatory="true" name="F_638D549F2D7C">
						<description>
							
						</description>
					</feature>
					<feature mandatory="true" name="F_93782A6F2693">
						<description>
							
						</description>
					</feature>
				</alt>
				<alt mandatory="true" name="F_3ABB1F1894AD">
					<description>
						
					</description>
					<feature mandatory="true" name="F_8750C1B9DEAA">
						<description>
							
						</description>
					</feature>
					<feature mandatory="true" name="F_9B73B1927DB3">
						<description>
							
						</description>
					</feature>
				</alt>
				<alt mandatory="true" name="F_553603CB1910">
					<description>
						
					</description>
					<feature mandatory="true" name="F_C29FBA2D424A">
						<description>
							
						</description>
					</feature>
					<feature mandatory="true" name="F_98684D88768B">
						<description>
							
						</description>
					</feature>
				</alt>
				<alt mandatory="true" name="F_8BFA9399DC31">
					<description>
						
					</description>
					<feature mandatory="true" name="F_03BCB6A80B14">
						<description>
							
						</description>
					</feature>
					<feature mandatory="true" name="F_0FE5862F5D58">
						<description>
							
						</description>
					</feature>
				</alt>
				<feature name="F_999351237F78">
					<description>
						
					</description>
				</feature>
				<feature name="F_085580F7606B">
					<description>
						
					</description>
				</feature>
				<feature name="F_723A02903A6F">
					<description>
						
					</description>
				</feature>
				<alt mandatory="true" name="F_DC66EEF2B06C">
					<description>
						
					</description>
					<feature mandatory="true" name="F_C7F9CE01EB60">
						<description>
							
						</description>
					</feature>
					<feature mandatory="true" name="F_DB098597E3CA">
						<description>
							
						</description>
					</feature>
				</alt>
				<feature name="F_F4682BD100D1">
					<description>
						Lorem ipsum dolor sit amet, consetetur sadipscing elitr, sed diam nonumy eirmod te
					</description>
				</feature>
				<alt mandatory="true" name="I_2442177381__F_D62E40C8F333">
					<description>
						Lorem ipsum dolor sit amet
					</description>
					<feature mandatory="true" name="I_2442177381__F_EE59BE5A38FC">
						<description>
							
						</description>
					</feature>
					<feature mandatory="true" name="I_2442177381__F_034E0952D62D">
						<description>
							
						</description>
					</feature>
					<feature mandatory="true" name="I_2442177381__F_623FE75297C7">
						<description>
							
						</description>
					</feature>
					<feature mandatory="true" name="I_2442177381__F_C5CDC6925976">
						<description>
							
						</description>
					</feature>
					<feature mandatory="true" name="I_2442177381__F_DDA51CDDA684">
						<description>
							
						</description>
					</feature>
					<feature mandatory="true" name="I_2442177381__F_CF4037B67BEA">
						<description>
							
						</description>
					</feature>
					<feature mandatory="true" name="I_2442177381__F_86A81DA2DCCB">
						<description>
							
						</description>
					</feature>
					<feature mandatory="true" name="I_2442177381__F_240438AA2989">
						<description>
							
						</description>
					</feature>
					<feature mandatory="true" name="I_2442177381__F_F0FB3181426C">
						<description>
							
						</description>
					</feature>
					<feature mandatory="true" name="I_2442177381__F_269403962C80">
						<description>
							
						</description>
					</feature>
				</alt>
				<alt mandatory="true" name="I_651829037__F_DBC064540077">
					<description>
						Lorem ipsum dolor sit amet
					</description>
					<feature mandatory="true" name="I_651829037__F_9FD203524C9B">
						<description>
							
						</description>
					</feature>
					<feature mandatory="true" name="I_651829037__F_169CA4B828F1">
						<description>
							
						</description>
					</feature>
					<feature mandatory="true" name="I_651829037__F_9B0DE225F8D4">
						<description>
							
						</description>
					</feature>
					<feature mandatory="true" name="I_651829037__F_ED50E08D85B3">
						<description>
							
						</description>
					</feature>
					<feature mandatory="true" name="I_651829037__F_11F9B747E233">
						<description>
							
						</description>
					</feature>
					<feature mandatory="true" name="I_651829037__F_5B8F9CB4BD64">
						<description>
							
						</description>
					</feature>
					<feature mandatory="true" name="I_651829037__F_39A023310677">
						<description>
							
						</description>
					</feature>
					<feature mandatory="true" name="I_651829037__F_07207A1F5D4B">
						<description>
							
						</description>
					</feature>
					<feature mandatory="true" name="I_651829037__F_1B8A526150FC">
						<description>
							
						</description>
					</feature>
					<feature mandatory="true" name="I_651829037__F_912FC23FCFC0">
						<description>
							
						</description>
					</feature>
				</alt>
				<alt mandatory="true" name="F_D207CC059879">
					<description>
						
					</description>
					<feature mandatory="true" name="F_B6FE74B69DE2">
						<description>
							
						</description>
					</feature>
					<feature mandatory="true" name="F_D18AD57C2980">
						<description>
							
						</description>
					</feature>
				</alt>
				<feature name="F_CE325E48C4D0">
					<description>
						
					</description>
				</feature>
				<feature name="F_02F738740212">
					<description>
						
					</description>
				</feature>
				<feature name="F_1F693F506052">
					<description>
						
					</description>
				</feature>
				<feature name="F_403A005EAF2E">
					<description>
						
					</description>
				</feature>
				<and mandatory="true" name="F_F6EBA8D4B497">
					<description>
						
					</description>
					<feature name="F_826295A20D6D">
						<description>
							
						</description>
					</feature>
					<feature name="F_F4571D53BC69">
						<description>
							
						</description>
					</feature>
					<feature name="F_4A9AF08ECAC0">
						<description>
							
						</description>
					</feature>
				</and>
				<feature name="F_D2082674FB4C">
					<description>
						
					</description>
				</feature>
				<feature name="F_D8C38FE1E647">
					<description>
						
					</description>
				</feature>
				<feature name="F_0772378E4096">
					<description>
						
					</description>
				</feature>
				<feature name="F_738B6E6EEBCE">
					<description>
						
					</description>
				</feature>
				<feature name="F_9634F1568FFC">
					<description>
						
					</description>
				</feature>
				<feature name="F_4870D8EB644F">
					<description>
						
					</description>
				</feature>
				<feature name="F_FA289A56F9EA">
					<description>
						
					</description>
				</feature>
				<feature name="F_5113F2CB31B7">
					<description>
						
					</description>
				</feature>
				<feature name="F_D032D7FCBA1E">
					<description>
						
					</description>
				</feature>
				<feature name="F_E6587676A87E">
					<description>
						
					</description>
				</feature>
				<feature name="F_F7A2E84C9F46">
					<description>
						
					</description>
				</feature>
				<feature name="F_DB049ECA16DD">
					<description>
						
					</description>
				</feature>
				<feature name="F_5E2BC3DCD4CC">
					<description>
						
					</description>
				</feature>
				<feature name="F_340CBB335C93">
					<description>
						
					</description>
				</feature>
				<feature name="F_11A67A54DEB3">
					<description>
						
					</description>
				</feature>
				<feature name="F_F40297549109">
					<description>
						
					</description>
				</feature>
				<feature name="F_E00455788F89">
					<description>
						
					</description>
				</feature>
				<alt mandatory="true" name="I_122007309__F_2BD3188997CD">
					<description>
						
					</description>
					<feature mandatory="true" name="I_122007309__F_5B76B246CFC9">
						<description>
							
						</description>
					</feature>
					<feature mandatory="true" name="I_122007309__F_B602D824A745">
						<description>
							
						</description>
					</feature>
					<feature mandatory="true" name="I_122007309__F_1D2DBCC21753">
						<description>
							
						</description>
					</feature>
					<feature mandatory="true" name="I_122007309__F_137EEE2798FA">
						<description>
							
						</description>
					</feature>
				</alt>
				<alt mandatory="true" name="I_323285826__F_ED4F876DEDF7">
					<description>
						
					</description>
					<feature mandatory="true" name="I_323285826__F_90BF069BCAA4">
						<description>
							
						</description>
					</feature>
					<feature mandatory="true" name="I_323285826__F_BDDEBD09634C">
						<description>
							
						</description>
					</feature>
					<feature mandatory="true" name="I_323285826__F_E315684A0C21">
						<description>
							
						</description>
					</feature>
					<feature mandatory="true" name="I_323285826__F_C6663D16F15D">
						<description>
							
						</description>
					</feature>
				</alt>
			</and>
		</struct>
		<constraints>
			<rule>
				<eq>
					<var>F_4C33E5FDD98F</var>
					<var>F_14AE801EFA46</var>
				</eq>
			</rule>
			<rule>
				<eq>
					<var>F_9B36F5B4B4A7</var>
					<var>F_92339DEA751D</var>
				</eq>
			</rule>
			<rule>
				<eq>
					<var>F_6B5EF2E988B9</var>
					<var>F_1A0843F608A4</var>
				</eq>
			</rule>
			<rule>
				<eq>
					<var>F_1372FB623FE7</var>
					<var>F_972D7A9AC209</var>
				</eq>
			</rule>
			<rule>
				<eq>
					<var>F_D940FC181A7D</var>
					<var>F_5A34032B4F67</var>
				</eq>
			</rule>
			<rule>
				<eq>
					<var>F_674B75035505</var>
					<var>F_5A34032B4F67</var>
				</eq>
			</rule>
		</constraints>
		<calculations Auto="true" Constraints="true" Features="true" Redundant="true" Tautology="true"/>
		<comments>
			<c/>
		</comments>
		<featureOrder userDefined="false"/>
	</featureModel>
