<?xml version="1.0" encoding="UTF-8" standalone="no"?>
	<featureModel>
		<properties/>
		<struct>
			<and mandatory="true" name="F_13333FCFD00D">
				<description>
					Lorem ip
				</description>
				<and mandatory="true" name="F_4FA3CEFB84E2">
					<description>
						
					</description>
					<alt mandatory="true" name="F_017FF907E9C9">
						<description>
							Lorem ipsum dolor sit amet, consetetu
						</description>
						<feature mandatory="true" name="F_E94FA0964097">
							<description>
								
							</description>
						</feature>
						<feature mandatory="true" name="F_9C2232817B22">
							<description>
								
							</description>
						</feature>
					</alt>
					<alt mandatory="true" name="F_5430BE059AC6">
						<description>
							Lorem ipsum dolor sit amet, consetetur sadipscing elitr, sed diam nonumy eirmod tempor invidunt ut labore et dolore magna aliquyam erat, sed diam voluptua. At vero eos et a
						</description>
						<feature mandatory="true" name="F_06AD0BEF1FAE">
							<description>
								
							</description>
						</feature>
						<feature mandatory="true" name="F_5410ECB64F9F">
							<description>
								
							</description>
						</feature>
					</alt>
					<alt mandatory="true" name="F_4ED01DA67D48">
						<description>
							Lorem ipsum dolor sit amet, consetetur sadipscing elitr, sed diam nonumy eirmod tempor invidunt ut labore et dolore magna aliquyam erat, sed diam
						</description>
						<feature mandatory="true" name="F_3CC20C596679">
							<description>
								
							</description>
						</feature>
						<feature mandatory="true" name="F_B3571505FE79">
							<description>
								
							</description>
						</feature>
					</alt>
					<alt mandatory="true" name="F_9EE13247D5C8">
						<description>
							Lorem ipsum dolor sit amet, consetetur sadipscing elitr, sed diam nonumy eirmod tempor invidunt ut labore et dolore magna aliquyam erat, sed diam voluptua. At vero eos et accusam et justo duo dolores et ea rebum. Stet clita kasd gubergren, no sea takimata sanctus est Lorem ipsum dolor sit amet. Lorem ip
						</description>
						<feature mandatory="true" name="F_3C445F3AF963">
							<description>
								
							</description>
						</feature>
						<feature mandatory="true" name="F_DED561FB2C7E">
							<description>
								Lorem ipsum dolor sit amet, consetetur s
							</description>
						</feature>
						<feature mandatory="true" name="F_22098D9A9ED1">
							<description>
								Lorem ipsum dolor sit amet, consetetur s
							</description>
						</feature>
						<feature mandatory="true" name="F_A52EC0F68203">
							<description>
								Lorem ipsum dolor sit amet, consetetur sa
							</description>
						</feature>
					</alt>
				</and>
				<and mandatory="true" name="F_6EB9D74917DB">
					<description>
						
					</description>
					<alt mandatory="true" name="F_22CEC53AD9C5">
						<description>
							Lorem ipsum dolor sit amet, consetetur sadipscing elitr, sed diam nonumy eirmod tempor invidunt ut labore et dolore magna aliquyam erat, sed diam voluptua. At vero eos et accusam et justo duo dolores et ea rebum. Stet clita kasd gubergren, no sea takimata sanctus est Lorem ipsum dolor si
						</description>
						<feature mandatory="true" name="F_1E0ECDD3FF5C">
							<description>
								
							</description>
						</feature>
						<feature mandatory="true" name="F_068D8A3B84F6">
							<description>
								
							</description>
						</feature>
					</alt>
					<feature name="F_C2530D59EEE7">
						<description>
							Lorem ipsum dolor sit amet, consetetur sadipscing elitr, sed di
						</description>
					</feature>
					<feature name="F_6373FFF99A5C">
						<description>
							Lorem ipsum dolor sit amet, consetetur sadipscing elitr, sed di
						</description>
					</feature>
					<feature name="F_A70846F4830B">
						<description>
							Lorem ipsum dolor sit amet, consetetur sadipscing elitr, sed diam no
						</description>
					</feature>
				</and>
				<and mandatory="true" name="F_3FF8472A95B5">
					<description>
						
					</description>
					<or mandatory="true" name="F_C4A178F19B65">
						<description>
							Lorem ipsum dolor sit amet, consetetur sadipscing elitr, sed diam nonumy eirmod tempor invidunt ut labore et dolore magna aliquyam erat, sed diam voluptua. At vero eos et accusam et justo duo dolores et ea rebum. Stet clita kasd gubergren, no sea takimata sanctus est Lorem ipsum dolor sit amet. Lorem ipsum dolor sit amet, consetetur sadipscing elitr, sed diam nonumy eirmod tempor invidunt ut labore et dolore magna aliquyam erat, sed diam voluptua. At vero eos et accusam et justo duo dolores et ea rebum. Stet clita kasd gubergren, no sea takimata sanctus est Lorem ipsum dolor sit amet. Lor
						</description>
						<feature mandatory="true" name="F_327066E4FDD8">
							<description>
								
							</description>
						</feature>
						<feature mandatory="true" name="F_D21F9F261217">
							<description>
								
							</description>
						</feature>
						<feature mandatory="true" name="F_2E2164245C1F">
							<description>
								
							</description>
						</feature>
						<feature mandatory="true" name="F_3964D9AAFF67">
							<description>
								
							</description>
						</feature>
						<feature mandatory="true" name="F_40BC7F62D112">
							<description>
								
							</description>
						</feature>
						<feature mandatory="true" name="F_EB309BBDD2B8">
							<description>
								
							</description>
						</feature>
						<feature mandatory="true" name="F_A0108997BE66">
							<description>
								
							</description>
						</feature>
						<feature mandatory="true" name="F_14310FBC2C83">
							<description>
								
							</description>
						</feature>
						<feature mandatory="true" name="F_7B841EE8ADDC">
							<description>
								
							</description>
						</feature>
					</or>
					<alt mandatory="true" name="F_E1D7F3A7A729">
						<description>
							Lorem ipsum dolor sit amet, consetetur sadipscing elitr, sed diam nonumy eirmod tempor invidunt ut labore et dolore magna aliquyam erat, sed diam voluptua. At vero eos et accusam e
						</description>
						<feature mandatory="true" name="F_DEBD864E2BF0">
							<description>
								
							</description>
						</feature>
						<feature mandatory="true" name="F_F6C36636EFEB">
							<description>
								
							</description>
						</feature>
						<feature mandatory="true" name="F_17D6DA40AC33">
							<description>
								
							</description>
						</feature>
						<feature mandatory="true" name="F_062AF4089B8F">
							<description>
								
							</description>
						</feature>
						<feature mandatory="true" name="F_7F9F6280A728">
							<description>
								
							</description>
						</feature>
						<feature mandatory="true" name="F_9F7D9D52BD21">
							<description>
								
							</description>
						</feature>
						<feature mandatory="true" name="F_7DDEE1D4784A">
							<description>
								
							</description>
						</feature>
						<feature mandatory="true" name="F_E1ACDFB39F54">
							<description>
								
							</description>
						</feature>
						<feature mandatory="true" name="F_E4EE0084BDE3">
							<description>
								
							</description>
						</feature>
						<feature mandatory="true" name="F_D04A0BD95C52">
							<description>
								Lorem ipsum dolor sit amet, consetetur sadipscing elitr, sed diam nonumy
							</description>
						</feature>
						<feature mandatory="true" name="F_412F72628B74">
							<description>
								Lorem ipsum dolor sit amet, consetetur sadipscing elitr, se
							</description>
						</feature>
					</alt>
					<alt mandatory="true" name="F_42F8BABCE1E2">
						<description>
							Lorem ipsum dolor sit amet, consetetur sadipscing elitr, sed diam nonumy eirmod tempor invidunt ut labore et dolore magna aliquyam erat, sed diam voluptua. At vero eos et accusam et justo duo dolores et ea r
						</description>
						<feature mandatory="true" name="F_5A6B2C581187">
							<description>
								
							</description>
						</feature>
						<feature mandatory="true" name="F_3D3D4B05BB53">
							<description>
								
							</description>
						</feature>
					</alt>
				</and>
				<and mandatory="true" name="F_70A8EE346D2E">
					<description>
						
					</description>
					<alt mandatory="true" name="F_465511664667">
						<description>
							Lorem ipsum dolor sit amet, consetetur sadipscing elitr, sed diam nonumy eirmod tempor invidunt ut labore et dolore magna aliquyam erat, sed diam voluptua. At vero eos et accusam e
						</description>
						<feature mandatory="true" name="F_CBE883DE1C27">
							<description>
								
							</description>
						</feature>
						<feature mandatory="true" name="F_BF2AA25A1C9F">
							<description>
								
							</description>
						</feature>
					</alt>
					<alt mandatory="true" name="F_BDBBDD04DB0D">
						<description>
							Lorem ipsum dolor sit amet, consetetur sadipscing elitr, sed diam nonumy eirmod tempor invidunt ut labore et dolore magna aliquyam erat, sed diam voluptua. At vero eos et accusam et justo duo dolores et ea rebum. Stet clita kasd gubergren, no sea takimata sanctus est Lorem ipsum dolor sit amet. Lorem ipsum dolor sit amet, consetetur sadipscing elitr, sed diam nonumy eirmod tempor invidunt ut labore et dolore magna aliquyam erat
						</description>
						<feature mandatory="true" name="F_F9A5A9619E63">
							<description>
								Lorem ipsum dolor sit ame
							</description>
						</feature>
						<feature mandatory="true" name="F_3A15C15C2167">
							<description>
								Lorem ipsum dolor sit amet, consetetur sadipscing elitr, sed diam nonumy eirmod tempor invidunt ut
							</description>
						</feature>
						<feature mandatory="true" name="F_8A2054FE3E54">
							<description>
								Lorem ipsum dolor sit amet, consetetur sadipscing elitr, sed diam nonumy eirmod tempor invidunt ut l
							</description>
						</feature>
					</alt>
				</and>
				<and mandatory="true" name="F_490FDD971A3F">
					<description>
						
					</description>
					<alt mandatory="true" name="I_3675284913__F_0A4A5E2C0A1F">
						<description>
							Lorem ipsum dolor sit amet, consetetur sadipscing elitr, sed diam nonumy eirmod tempor invidunt ut labore et dolore magna aliquyam erat, sed diam voluptua. At vero eos et accusam et justo du
						</description>
						<feature mandatory="true" name="I_3675284913__F_29CE0A2F092F">
							<description>
								
							</description>
						</feature>
						<feature mandatory="true" name="I_3675284913__F_A918E6A7296A">
							<description>
								Lorem ipsum dolor sit amet, consetetur sadip
							</description>
						</feature>
						<feature mandatory="true" name="I_3675284913__F_F66D6257715C">
							<description>
								Lorem ipsum dolor sit amet, consetetur
							</description>
						</feature>
						<feature mandatory="true" name="I_3675284913__F_6A7019FCEE61">
							<description>
								Lorem ipsum dolor sit amet, consetetur s
							</description>
						</feature>
						<feature mandatory="true" name="I_3675284913__F_3F4ACA782BD3">
							<description>
								Lorem ipsum dolor sit amet, consetetur sadipscing
							</description>
						</feature>
						<feature mandatory="true" name="I_3675284913__F_7837E5D796C6">
							<description>
								Lorem ipsum dolor sit amet, consetetur sadipscing
							</description>
						</feature>
						<feature mandatory="true" name="I_3675284913__F_CD0DD654DDAF">
							<description>
								Lorem ipsum dolor sit amet, consetetur sa
							</description>
						</feature>
						<feature mandatory="true" name="I_3675284913__F_B9625741BAE1">
							<description>
								Lorem ipsum dolor sit amet, consetetur
							</description>
						</feature>
						<feature mandatory="true" name="I_3675284913__F_C15F19B7E713">
							<description>
								Lorem ipsum dolor sit amet, consetetur
							</description>
						</feature>
						<feature mandatory="true" name="I_3675284913__F_472DED36F15C">
							<description>
								Lorem ipsum dolor sit amet, consetetur
							</description>
						</feature>
						<feature mandatory="true" name="I_3675284913__F_0EDDBBA3F051">
							<description>
								Lorem ipsum dolor sit amet, consetetur
							</description>
						</feature>
						<feature mandatory="true" name="I_3675284913__F_F59D7E1FF529">
							<description>
								Lorem ipsum dolor sit amet, consetetur
							</description>
						</feature>
					</alt>
					<alt mandatory="true" name="I_2363959501__F_589AF3A1CE6D">
						<description>
							Lorem ipsum dolor sit amet, consetetur sadipscing elitr, sed diam nonumy eirmod tempor invidunt ut labore et dolore magna aliquyam erat, sed diam voluptua. At vero eos et accusam et justo duo dolores et ea rebum. Stet clita kasd gubergren, no sea takimata sanctus est Lorem ipsum
						</description>
						<feature mandatory="true" name="I_2363959501__F_F36941251D21">
							<description>
								
							</description>
						</feature>
						<feature mandatory="true" name="I_2363959501__F_F62F9CB25381">
							<description>
								Lorem ipsum dolor sit amet, conset
							</description>
						</feature>
						<feature mandatory="true" name="I_2363959501__F_C5B7C919FC50">
							<description>
								Lorem ipsum dolor sit amet, conset
							</description>
						</feature>
						<feature mandatory="true" name="I_2363959501__F_6AC487C7BC76">
							<description>
								Lorem ipsum dolor sit amet, conset
							</description>
						</feature>
						<feature mandatory="true" name="I_2363959501__F_7EB8EFDE42BE">
							<description>
								Lorem ipsum dolor sit amet, conset
							</description>
						</feature>
						<feature mandatory="true" name="I_2363959501__F_081F332CFC9C">
							<description>
								Lorem ipsum dolor sit amet, conset
							</description>
						</feature>
						<feature mandatory="true" name="I_2363959501__F_B67466B01863">
							<description>
								Lorem ipsum dolor sit amet, conset
							</description>
						</feature>
						<feature mandatory="true" name="I_2363959501__F_286058F52F7D">
							<description>
								Lorem ipsum dolor sit amet, conset
							</description>
						</feature>
						<feature mandatory="true" name="I_2363959501__F_7A197C2A0420">
							<description>
								Lorem ipsum dolor sit amet, consetetur s
							</description>
						</feature>
						<feature mandatory="true" name="I_2363959501__F_DEC2B96005B3">
							<description>
								Lorem ipsum dolor sit amet, consetetur sa
							</description>
						</feature>
						<feature mandatory="true" name="I_2363959501__F_CE0336219712">
							<description>
								Lorem ipsum dolor sit a
							</description>
						</feature>
						<feature mandatory="true" name="I_2363959501__F_7AD1568B1D06">
							<description>
								Lorem ipsum dolor sit amet, consetetur sadipscin
							</description>
						</feature>
						<feature mandatory="true" name="I_2363959501__F_24F5B53D110C">
							<description>
								Lorem ipsum dolor sit amet, consetetur sadipscin
							</description>
						</feature>
						<feature mandatory="true" name="I_2363959501__F_6EE3536864BA">
							<description>
								Lorem ipsum dolor sit amet, consetetur sadipscin
							</description>
						</feature>
						<feature mandatory="true" name="I_2363959501__F_BB141E32D20C">
							<description>
								Lorem ipsum dolor sit amet, consetetur sadipscing elitr, sed diam nonumy eir
							</description>
						</feature>
						<feature mandatory="true" name="I_2363959501__F_1D4097825103">
							<description>
								Lorem ipsum dolor sit ame
							</description>
						</feature>
						<feature mandatory="true" name="I_2363959501__F_6226DBC9370B">
							<description>
								Lorem ipsum dolor sit amet, consetetur sadi
							</description>
						</feature>
						<feature mandatory="true" name="I_2363959501__F_D4E768447255">
							<description>
								Lorem ipsum dolor sit amet
							</description>
						</feature>
						<feature mandatory="true" name="I_2363959501__F_11759B6C060E">
							<description>
								Lorem ipsum dolor sit amet, c
							</description>
						</feature>
						<feature mandatory="true" name="I_2363959501__F_A451D020AA6B">
							<description>
								
							</description>
						</feature>
						<feature mandatory="true" name="I_2363959501__F_923016A64D0B">
							<description>
								Lorem ipsum dolor sit amet, consetetur sad
							</description>
						</feature>
						<feature mandatory="true" name="I_2363959501__F_BD7AC5A02800">
							<description>
								Lorem ipsum dolor sit amet, consetetur sadipscing elitr, se
							</description>
						</feature>
						<feature mandatory="true" name="I_2363959501__F_CB4931153F13">
							<description>
								Lorem ipsum dolor sit amet, consetetur sadipscing elitr, sed d
							</description>
						</feature>
					</alt>
					<alt mandatory="true" name="I_1899544075__F_F66187C06D28">
						<description>
							Lorem ipsum dolor sit amet, consetetur sadipscing elitr, sed diam nonumy eirmod tempor invidunt ut labore et dol
						</description>
						<feature mandatory="true" name="I_1899544075__F_CF0E299D45AA">
							<description>
								Lorem ipsum dolor sit amet, consetetur sadipscing el
							</description>
						</feature>
						<feature mandatory="true" name="I_1899544075__F_D01A4BFCCFE8">
							<description>
								Lorem ipsum dolor sit amet, consetetur sadipscing elitr, sed diam nonumy eirmod tempor invi
							</description>
						</feature>
						<feature mandatory="true" name="I_1899544075__F_0611B8B6ED8A">
							<description>
								Lorem ipsum dolor sit amet, consetetur sadipscing el
							</description>
						</feature>
					</alt>
				</and>
				<and mandatory="true" name="F_C4E96680C8A6">
					<description>
						
					</description>
					<alt mandatory="true" name="I_831961299__F_D9659F0BE79D">
						<description>
							Lorem ipsum dolor sit amet, consetetur sadipscing elitr, sed diam nonumy eirmod tempor invidunt ut labore et dolore magna aliquyam erat, sed diam voluptua. At vero eos et accusam et justo du
						</description>
						<feature mandatory="true" name="I_831961299__F_CA7313E74612">
							<description>
								
							</description>
						</feature>
						<feature mandatory="true" name="I_831961299__F_251D93E994DD">
							<description>
								Lorem ipsum dolor sit amet, consetetur sadip
							</description>
						</feature>
						<feature mandatory="true" name="I_831961299__F_325862EBEA4F">
							<description>
								Lorem ipsum dolor sit amet, consetetur
							</description>
						</feature>
						<feature mandatory="true" name="I_831961299__F_E6271AB03D78">
							<description>
								Lorem ipsum dolor sit amet, consetetur s
							</description>
						</feature>
						<feature mandatory="true" name="I_831961299__F_1C7CC6FD263F">
							<description>
								Lorem ipsum dolor sit amet, consetetur sadipscing
							</description>
						</feature>
						<feature mandatory="true" name="I_831961299__F_F61EFA0795D4">
							<description>
								Lorem ipsum dolor sit amet, consetetur sadipscing
							</description>
						</feature>
						<feature mandatory="true" name="I_831961299__F_7742F3DAFD43">
							<description>
								Lorem ipsum dolor sit amet, consetetur sa
							</description>
						</feature>
						<feature mandatory="true" name="I_831961299__F_4FA5DB0C036A">
							<description>
								Lorem ipsum dolor sit amet, consetetur
							</description>
						</feature>
						<feature mandatory="true" name="I_831961299__F_4DE281510C4C">
							<description>
								Lorem ipsum dolor sit amet, consetetur
							</description>
						</feature>
						<feature mandatory="true" name="I_831961299__F_4581C12A545C">
							<description>
								Lorem ipsum dolor sit amet, consetetur
							</description>
						</feature>
						<feature mandatory="true" name="I_831961299__F_7B70677A4D4D">
							<description>
								Lorem ipsum dolor sit amet, consetetur
							</description>
						</feature>
						<feature mandatory="true" name="I_831961299__F_5C8D21AAD7AA">
							<description>
								Lorem ipsum dolor sit amet, consetetur
							</description>
						</feature>
					</alt>
					<alt mandatory="true" name="I_2771360831__F_A76072D3A08F">
						<description>
							Lorem ipsum dolor sit amet, consetetur sadipscing elitr, sed diam nonumy eirmod tempor invidunt ut labore et dolore magna aliquyam erat, sed diam voluptua. At vero eos et accusam et justo duo dolores et ea rebum. Stet clita kasd gubergren, no sea takimata sanctus est Lorem ipsum
						</description>
						<feature mandatory="true" name="I_2771360831__F_315A8B4DA637">
							<description>
								
							</description>
						</feature>
						<feature mandatory="true" name="I_2771360831__F_26BE5AECB517">
							<description>
								Lorem ipsum dolor sit amet, conset
							</description>
						</feature>
						<feature mandatory="true" name="I_2771360831__F_45216E4C4EF1">
							<description>
								Lorem ipsum dolor sit amet, conset
							</description>
						</feature>
						<feature mandatory="true" name="I_2771360831__F_211155D3D90B">
							<description>
								Lorem ipsum dolor sit amet, conset
							</description>
						</feature>
						<feature mandatory="true" name="I_2771360831__F_8AB38255E1E7">
							<description>
								Lorem ipsum dolor sit amet, conset
							</description>
						</feature>
						<feature mandatory="true" name="I_2771360831__F_0DBB71EDAC6A">
							<description>
								Lorem ipsum dolor sit amet, conset
							</description>
						</feature>
						<feature mandatory="true" name="I_2771360831__F_FFF8C0487E75">
							<description>
								Lorem ipsum dolor sit amet, conset
							</description>
						</feature>
						<feature mandatory="true" name="I_2771360831__F_BA90EDA8B580">
							<description>
								Lorem ipsum dolor sit amet, conset
							</description>
						</feature>
						<feature mandatory="true" name="I_2771360831__F_740F1F49421F">
							<description>
								Lorem ipsum dolor sit amet, consetetur s
							</description>
						</feature>
						<feature mandatory="true" name="I_2771360831__F_B77BF7851247">
							<description>
								Lorem ipsum dolor sit amet, consetetur sa
							</description>
						</feature>
						<feature mandatory="true" name="I_2771360831__F_D4FFA1BE8CAF">
							<description>
								Lorem ipsum dolor sit a
							</description>
						</feature>
						<feature mandatory="true" name="I_2771360831__F_CF0FF6B8CE83">
							<description>
								Lorem ipsum dolor sit amet, consetetur sadipscin
							</description>
						</feature>
						<feature mandatory="true" name="I_2771360831__F_2F5D00D78C36">
							<description>
								Lorem ipsum dolor sit amet, consetetur sadipscin
							</description>
						</feature>
						<feature mandatory="true" name="I_2771360831__F_5283D058A34B">
							<description>
								Lorem ipsum dolor sit amet, consetetur sadipscin
							</description>
						</feature>
						<feature mandatory="true" name="I_2771360831__F_EE080127E953">
							<description>
								Lorem ipsum dolor sit amet, consetetur sadipscing elitr, sed diam nonumy eir
							</description>
						</feature>
						<feature mandatory="true" name="I_2771360831__F_A31230FA6DFB">
							<description>
								Lorem ipsum dolor sit ame
							</description>
						</feature>
						<feature mandatory="true" name="I_2771360831__F_0AEB04387870">
							<description>
								Lorem ipsum dolor sit amet, consetetur sadi
							</description>
						</feature>
						<feature mandatory="true" name="I_2771360831__F_762F2F4267E5">
							<description>
								Lorem ipsum dolor sit amet
							</description>
						</feature>
						<feature mandatory="true" name="I_2771360831__F_1ADD1E62A257">
							<description>
								Lorem ipsum dolor sit amet, c
							</description>
						</feature>
						<feature mandatory="true" name="I_2771360831__F_508AB9B2E11F">
							<description>
								
							</description>
						</feature>
						<feature mandatory="true" name="I_2771360831__F_8F7AB29A8D75">
							<description>
								Lorem ipsum dolor sit amet, consetetur sad
							</description>
						</feature>
						<feature mandatory="true" name="I_2771360831__F_4E31C84EE4DE">
							<description>
								Lorem ipsum dolor sit amet, consetetur sadipscing elitr, se
							</description>
						</feature>
						<feature mandatory="true" name="I_2771360831__F_B1D17B66D024">
							<description>
								Lorem ipsum dolor sit amet, consetetur sadipscing elitr, sed d
							</description>
						</feature>
					</alt>
					<alt mandatory="true" name="I_1615189106__F_92ED6A226358">
						<description>
							Lorem ipsum dolor sit amet, consetetur sadipscing elitr, sed diam nonumy eirmod tempor invidunt ut labore et dol
						</description>
						<feature mandatory="true" name="I_1615189106__F_44B9A8AD9117">
							<description>
								Lorem ipsum dolor sit amet, consetetur sadipscing el
							</description>
						</feature>
						<feature mandatory="true" name="I_1615189106__F_BD7DCC74F6DD">
							<description>
								Lorem ipsum dolor sit amet, consetetur sadipscing elitr, sed diam nonumy eirmod tempor invi
							</description>
						</feature>
						<feature mandatory="true" name="I_1615189106__F_52395EF70F7A">
							<description>
								Lorem ipsum dolor sit amet, consetetur sadipscing el
							</description>
						</feature>
					</alt>
				</and>
				<and mandatory="true" name="F_DDEACAA59D1E">
					<description>
						
					</description>
					<alt mandatory="true" name="I_3737390642__F_32130AC9E4EA">
						<description>
							Lorem ipsum dolor sit amet, consetetur sadipscing elitr, sed diam nonumy eirmod tempor invidunt ut labore et dolore magna aliquyam erat, sed diam voluptua. At vero eos et accusam et justo du
						</description>
						<feature mandatory="true" name="I_3737390642__F_EBC36C50096E">
							<description>
								
							</description>
						</feature>
						<feature mandatory="true" name="I_3737390642__F_90DE5C071376">
							<description>
								Lorem ipsum dolor sit amet, consetetur sadip
							</description>
						</feature>
						<feature mandatory="true" name="I_3737390642__F_C16C69CCB627">
							<description>
								Lorem ipsum dolor sit amet, consetetur
							</description>
						</feature>
						<feature mandatory="true" name="I_3737390642__F_2D13925ABC2A">
							<description>
								Lorem ipsum dolor sit amet, consetetur s
							</description>
						</feature>
						<feature mandatory="true" name="I_3737390642__F_ADBE1D658E71">
							<description>
								Lorem ipsum dolor sit amet, consetetur sadipscing
							</description>
						</feature>
						<feature mandatory="true" name="I_3737390642__F_6A149E6A0193">
							<description>
								Lorem ipsum dolor sit amet, consetetur sadipscing
							</description>
						</feature>
						<feature mandatory="true" name="I_3737390642__F_E4DA8B33D4A6">
							<description>
								Lorem ipsum dolor sit amet, consetetur sa
							</description>
						</feature>
						<feature mandatory="true" name="I_3737390642__F_60E62311BB42">
							<description>
								Lorem ipsum dolor sit amet, consetetur
							</description>
						</feature>
						<feature mandatory="true" name="I_3737390642__F_0E8BD811A488">
							<description>
								Lorem ipsum dolor sit amet, consetetur
							</description>
						</feature>
						<feature mandatory="true" name="I_3737390642__F_D2F8E311D5C2">
							<description>
								Lorem ipsum dolor sit amet, consetetur
							</description>
						</feature>
						<feature mandatory="true" name="I_3737390642__F_42A00A69B9E2">
							<description>
								Lorem ipsum dolor sit amet, consetetur
							</description>
						</feature>
						<feature mandatory="true" name="I_3737390642__F_95C2C52EDE9D">
							<description>
								Lorem ipsum dolor sit amet, consetetur
							</description>
						</feature>
					</alt>
					<alt mandatory="true" name="I_189205934__F_DCFD947DAF0A">
						<description>
							Lorem ipsum dolor sit amet, consetetur sadipscing elitr, sed diam nonumy eirmod tempor invidunt ut labore et dolore magna aliquyam erat, sed diam voluptua. At vero eos et accusam et justo duo dolores et ea rebum. Stet clita kasd gubergren, no sea takimata sanctus est Lorem ipsum
						</description>
						<feature mandatory="true" name="I_189205934__F_BA633247DF98">
							<description>
								
							</description>
						</feature>
						<feature mandatory="true" name="I_189205934__F_558981D7E2F2">
							<description>
								Lorem ipsum dolor sit amet, conset
							</description>
						</feature>
						<feature mandatory="true" name="I_189205934__F_11291AEB63DA">
							<description>
								Lorem ipsum dolor sit amet, conset
							</description>
						</feature>
						<feature mandatory="true" name="I_189205934__F_50C1B9F563B7">
							<description>
								Lorem ipsum dolor sit amet, conset
							</description>
						</feature>
						<feature mandatory="true" name="I_189205934__F_3412DC316CF1">
							<description>
								Lorem ipsum dolor sit amet, conset
							</description>
						</feature>
						<feature mandatory="true" name="I_189205934__F_49C6AD8077B9">
							<description>
								Lorem ipsum dolor sit amet, conset
							</description>
						</feature>
						<feature mandatory="true" name="I_189205934__F_A92A142C95ED">
							<description>
								Lorem ipsum dolor sit amet, conset
							</description>
						</feature>
						<feature mandatory="true" name="I_189205934__F_A66FE24B20D6">
							<description>
								Lorem ipsum dolor sit amet, conset
							</description>
						</feature>
						<feature mandatory="true" name="I_189205934__F_A6CADF6D797C">
							<description>
								Lorem ipsum dolor sit amet, consetetur s
							</description>
						</feature>
						<feature mandatory="true" name="I_189205934__F_21E9F691B84F">
							<description>
								Lorem ipsum dolor sit amet, consetetur sa
							</description>
						</feature>
						<feature mandatory="true" name="I_189205934__F_D2E6602356DB">
							<description>
								Lorem ipsum dolor sit a
							</description>
						</feature>
						<feature mandatory="true" name="I_189205934__F_288891CA937B">
							<description>
								Lorem ipsum dolor sit amet, consetetur sadipscin
							</description>
						</feature>
						<feature mandatory="true" name="I_189205934__F_2511DB6DF579">
							<description>
								Lorem ipsum dolor sit amet, consetetur sadipscin
							</description>
						</feature>
						<feature mandatory="true" name="I_189205934__F_115EEB8240AA">
							<description>
								Lorem ipsum dolor sit amet, consetetur sadipscin
							</description>
						</feature>
						<feature mandatory="true" name="I_189205934__F_C82C2E4DF219">
							<description>
								Lorem ipsum dolor sit amet, consetetur sadipscing elitr, sed diam nonumy eir
							</description>
						</feature>
						<feature mandatory="true" name="I_189205934__F_2EA209C0B60B">
							<description>
								Lorem ipsum dolor sit ame
							</description>
						</feature>
						<feature mandatory="true" name="I_189205934__F_CCF2BEB1FBC8">
							<description>
								Lorem ipsum dolor sit amet, consetetur sadi
							</description>
						</feature>
						<feature mandatory="true" name="I_189205934__F_CAA496AC2C6D">
							<description>
								Lorem ipsum dolor sit amet
							</description>
						</feature>
						<feature mandatory="true" name="I_189205934__F_949CA0B755E9">
							<description>
								Lorem ipsum dolor sit amet, c
							</description>
						</feature>
						<feature mandatory="true" name="I_189205934__F_F770C45DC1BE">
							<description>
								
							</description>
						</feature>
						<feature mandatory="true" name="I_189205934__F_FFE5E01528DE">
							<description>
								Lorem ipsum dolor sit amet, consetetur sad
							</description>
						</feature>
						<feature mandatory="true" name="I_189205934__F_5EAF2384F11A">
							<description>
								Lorem ipsum dolor sit amet, consetetur sadipscing elitr, se
							</description>
						</feature>
						<feature mandatory="true" name="I_189205934__F_B32CC7713154">
							<description>
								Lorem ipsum dolor sit amet, consetetur sadipscing elitr, sed d
							</description>
						</feature>
					</alt>
					<alt mandatory="true" name="I_3653111706__F_0E5469D1CA91">
						<description>
							Lorem ipsum dolor sit amet, consetetur sadipscing elitr, sed diam nonumy eirmod tempor invidunt ut labore et dol
						</description>
						<feature mandatory="true" name="I_3653111706__F_A8AAAAE3144D">
							<description>
								Lorem ipsum dolor sit amet, consetetur sadipscing el
							</description>
						</feature>
						<feature mandatory="true" name="I_3653111706__F_B780B8EC7A07">
							<description>
								Lorem ipsum dolor sit amet, consetetur sadipscing elitr, sed diam nonumy eirmod tempor invi
							</description>
						</feature>
						<feature mandatory="true" name="I_3653111706__F_AA1FC5E490D1">
							<description>
								Lorem ipsum dolor sit amet, consetetur sadipscing el
							</description>
						</feature>
					</alt>
				</and>
				<and mandatory="true" name="F_9BA3143D02B2">
					<description>
						
					</description>
					<alt mandatory="true" name="I_1072301142__F_F7D79E32C24E">
						<description>
							Lorem ipsum dolor sit amet, consetetur sadipscing elitr, sed diam nonumy eirmod tempor invidunt ut labore et dolore magna aliquyam erat, sed diam voluptua. At vero eos et accusam et justo du
						</description>
						<feature mandatory="true" name="I_1072301142__F_3CFAE229DE31">
							<description>
								
							</description>
						</feature>
						<feature mandatory="true" name="I_1072301142__F_AB12F5340AF2">
							<description>
								Lorem ipsum dolor sit amet, consetetur sadip
							</description>
						</feature>
						<feature mandatory="true" name="I_1072301142__F_5F53F9BA5874">
							<description>
								Lorem ipsum dolor sit amet, consetetur
							</description>
						</feature>
						<feature mandatory="true" name="I_1072301142__F_75E034CC910D">
							<description>
								Lorem ipsum dolor sit amet, consetetur s
							</description>
						</feature>
						<feature mandatory="true" name="I_1072301142__F_A851B47A2817">
							<description>
								Lorem ipsum dolor sit amet, consetetur sadipscing
							</description>
						</feature>
						<feature mandatory="true" name="I_1072301142__F_984875C9EBC5">
							<description>
								Lorem ipsum dolor sit amet, consetetur sadipscing
							</description>
						</feature>
						<feature mandatory="true" name="I_1072301142__F_C149717018F9">
							<description>
								Lorem ipsum dolor sit amet, consetetur sa
							</description>
						</feature>
						<feature mandatory="true" name="I_1072301142__F_D7E7A1692445">
							<description>
								Lorem ipsum dolor sit amet, consetetur
							</description>
						</feature>
						<feature mandatory="true" name="I_1072301142__F_88A86027F08F">
							<description>
								Lorem ipsum dolor sit amet, consetetur
							</description>
						</feature>
						<feature mandatory="true" name="I_1072301142__F_48CD9414B958">
							<description>
								Lorem ipsum dolor sit amet, consetetur
							</description>
						</feature>
						<feature mandatory="true" name="I_1072301142__F_2FF0A331364F">
							<description>
								Lorem ipsum dolor sit amet, consetetur
							</description>
						</feature>
						<feature mandatory="true" name="I_1072301142__F_A754EEA78F7E">
							<description>
								Lorem ipsum dolor sit amet, consetetur
							</description>
						</feature>
					</alt>
					<alt mandatory="true" name="I_4139709915__F_33B8B57D8CF4">
						<description>
							Lorem ipsum dolor sit amet, consetetur sadipscing elitr, sed diam nonumy eirmod tempor invidunt ut labore et dolore magna aliquyam erat, sed diam voluptua. At vero eos et accusam et justo duo dolores et ea rebum. Stet clita kasd gubergren, no sea takimata sanctus est Lorem ipsum
						</description>
						<feature mandatory="true" name="I_4139709915__F_6236281ADC14">
							<description>
								
							</description>
						</feature>
						<feature mandatory="true" name="I_4139709915__F_E3C2131707E7">
							<description>
								Lorem ipsum dolor sit amet, conset
							</description>
						</feature>
						<feature mandatory="true" name="I_4139709915__F_05F7F3819D55">
							<description>
								Lorem ipsum dolor sit amet, conset
							</description>
						</feature>
						<feature mandatory="true" name="I_4139709915__F_6CEAAE35AA55">
							<description>
								Lorem ipsum dolor sit amet, conset
							</description>
						</feature>
						<feature mandatory="true" name="I_4139709915__F_2F77A92353D7">
							<description>
								Lorem ipsum dolor sit amet, conset
							</description>
						</feature>
						<feature mandatory="true" name="I_4139709915__F_A61179C7ADF6">
							<description>
								Lorem ipsum dolor sit amet, conset
							</description>
						</feature>
						<feature mandatory="true" name="I_4139709915__F_5E316F49DB94">
							<description>
								Lorem ipsum dolor sit amet, conset
							</description>
						</feature>
						<feature mandatory="true" name="I_4139709915__F_E818C38ABC02">
							<description>
								Lorem ipsum dolor sit amet, conset
							</description>
						</feature>
						<feature mandatory="true" name="I_4139709915__F_21683A03116E">
							<description>
								Lorem ipsum dolor sit amet, consetetur s
							</description>
						</feature>
						<feature mandatory="true" name="I_4139709915__F_F61C13C1FDF1">
							<description>
								Lorem ipsum dolor sit amet, consetetur sa
							</description>
						</feature>
						<feature mandatory="true" name="I_4139709915__F_506D98E96D7F">
							<description>
								Lorem ipsum dolor sit a
							</description>
						</feature>
						<feature mandatory="true" name="I_4139709915__F_D4E1C2E3F82A">
							<description>
								Lorem ipsum dolor sit amet, consetetur sadipscin
							</description>
						</feature>
						<feature mandatory="true" name="I_4139709915__F_46DBF0D6E62F">
							<description>
								Lorem ipsum dolor sit amet, consetetur sadipscin
							</description>
						</feature>
						<feature mandatory="true" name="I_4139709915__F_7ACB6A06283C">
							<description>
								Lorem ipsum dolor sit amet, consetetur sadipscin
							</description>
						</feature>
						<feature mandatory="true" name="I_4139709915__F_3AC122BB9910">
							<description>
								Lorem ipsum dolor sit amet, consetetur sadipscing elitr, sed diam nonumy eir
							</description>
						</feature>
						<feature mandatory="true" name="I_4139709915__F_41313A433B0F">
							<description>
								Lorem ipsum dolor sit ame
							</description>
						</feature>
						<feature mandatory="true" name="I_4139709915__F_F3109929C446">
							<description>
								Lorem ipsum dolor sit amet, consetetur sadi
							</description>
						</feature>
						<feature mandatory="true" name="I_4139709915__F_0D969C693246">
							<description>
								Lorem ipsum dolor sit amet
							</description>
						</feature>
						<feature mandatory="true" name="I_4139709915__F_B4B0F7F91447">
							<description>
								Lorem ipsum dolor sit amet, c
							</description>
						</feature>
						<feature mandatory="true" name="I_4139709915__F_663D4562B239">
							<description>
								
							</description>
						</feature>
						<feature mandatory="true" name="I_4139709915__F_151567FBE230">
							<description>
								Lorem ipsum dolor sit amet, consetetur sad
							</description>
						</feature>
						<feature mandatory="true" name="I_4139709915__F_6C90D38F7627">
							<description>
								Lorem ipsum dolor sit amet, consetetur sadipscing elitr, se
							</description>
						</feature>
						<feature mandatory="true" name="I_4139709915__F_9E7F659F34C4">
							<description>
								Lorem ipsum dolor sit amet, consetetur sadipscing elitr, sed d
							</description>
						</feature>
					</alt>
					<alt mandatory="true" name="I_1119813760__F_3F7F4476B04E">
						<description>
							Lorem ipsum dolor sit amet, consetetur sadipscing elitr, sed diam nonumy eirmod tempor invidunt ut labore et dol
						</description>
						<feature mandatory="true" name="I_1119813760__F_428914712C9A">
							<description>
								Lorem ipsum dolor sit amet, consetetur sadipscing el
							</description>
						</feature>
						<feature mandatory="true" name="I_1119813760__F_7DAB6645A27E">
							<description>
								Lorem ipsum dolor sit amet, consetetur sadipscing elitr, sed diam nonumy eirmod tempor invi
							</description>
						</feature>
						<feature mandatory="true" name="I_1119813760__F_165A82CA292F">
							<description>
								Lorem ipsum dolor sit amet, consetetur sadipscing el
							</description>
						</feature>
					</alt>
				</and>
				<and mandatory="true" name="F_11E6A5732D30">
					<description>
						
					</description>
					<or mandatory="true" name="F_B5B7ABCF56B8">
						<description>
							Lorem ipsum dolor sit amet, consetetur sadipscing elitr, sed diam nonumy eirmod tempor invidunt ut labore et dolore magna aliquyam er
						</description>
						<feature mandatory="true" name="F_04136EA53D93">
							<description>
								
							</description>
						</feature>
						<feature mandatory="true" name="F_A5D1A6D153BB">
							<description>
								Lorem ipsum dolor sit amet, consetetur sadipscing elitr,
							</description>
						</feature>
						<feature mandatory="true" name="F_AD38EAEE6424">
							<description>
								Lorem ipsum dolor sit amet, consetetur sadipscing elitr
							</description>
						</feature>
						<feature mandatory="true" name="F_71C26B67992C">
							<description>
								Lorem ipsum dolor sit amet, consetetur sadipscing elitr, se
							</description>
						</feature>
						<feature mandatory="true" name="F_8CBBA2EE4E94">
							<description>
								Lorem ipsum dolor sit amet, consetetur sadipsci
							</description>
						</feature>
						<feature mandatory="true" name="F_1C1DD3FBC2AC">
							<description>
								Lorem ipsum dolor sit amet, consetetur sadipscing elitr,
							</description>
						</feature>
						<feature mandatory="true" name="F_D1429DDA894E">
							<description>
								Lorem ipsum dolor sit amet, consetetur sadipscing elitr,
							</description>
						</feature>
						<feature mandatory="true" name="F_DB2B5B98588A">
							<description>
								Lorem ipsum dolor sit amet, consetetur sadipscing elitr, se
							</description>
						</feature>
						<feature mandatory="true" name="F_B25FF66E9B3C">
							<description>
								Lorem ipsum dolor sit amet, consetetur sadipsci
							</description>
						</feature>
					</or>
				</and>
				<feature name="F_75EA7F9D4070">
					<description>
						Lorem ipsum dolor sit amet, consetetur sadipscing elitr, sed diam nonumy eirmod tempor invidunt ut labore et dolore magna aliquyam erat, sed diam voluptua. At vero eos et accusam et justo duo dolores et ea rebum. Stet clita kasd gubergren, no sea takimata sanctus est Lorem ipsum dolor sit am
					</description>
				</feature>
				<feature mandatory="true" name="F_9A175A8F3647">
					<description>
						
					</description>
				</feature>
				<feature name="F_C2710CCDD372">
					<description>
						
					</description>
				</feature>
				<feature name="F_8F5EA86E1F60">
					<description>
						
					</description>
				</feature>
				<feature name="F_4D6DC274FEDA">
					<description>
						
					</description>
				</feature>
				<feature name="F_30FA1C3987C2">
					<description>
						
					</description>
				</feature>
				<feature name="F_5A089EBA471F">
					<description>
						Lorem ipsum dolor sit amet, consetetur sadipscing elitr, sed diam nonumy eirmod tempor invidunt ut labore et dolore magna aliquyam erat, sed diam voluptua. At vero eos et accusam et justo duo dolores et ea rebum. Stet clita kasd gubergren, no sea taki
					</description>
				</feature>
				<feature name="F_93720F3D7CB7">
					<description>
						
					</description>
				</feature>
				<feature name="F_65C4C805F4DA">
					<description>
						
					</description>
				</feature>
				<feature name="F_AB49BAB217C4">
					<description>
						
					</description>
				</feature>
				<feature name="F_BB4279C8604B">
					<description>
						Lorem ipsum dolor sit amet, consetetur sadipscing elitr, sed diam nonumy eirmod tempor invidunt ut labore et dolore magna aliquyam erat, sed diam voluptua. At vero eos et accusam et justo duo dolores et ea rebum. Ste
					</description>
				</feature>
				<feature name="F_0269BC40C40E">
					<description>
						Lorem ipsum dolor sit amet, consetetur sadipscing elitr, sed diam nonumy eirmod tempor invidunt ut labore et dolore magna aliquyam erat, sed diam vo
					</description>
				</feature>
				<feature name="F_20F2C6D903A8">
					<description>
						Lorem ipsum dolor sit amet, consetetur sadipscing elitr, sed diam nonumy eirmod tempor invidunt ut labore et dolore magna aliquyam erat, sed diam voluptua. At vero eos et accusam et ju
					</description>
				</feature>
				<feature name="F_9E9C4B47788C">
					<description>
						
					</description>
				</feature>
				<feature name="F_1711F28A497E">
					<description>
						
					</description>
				</feature>
				<feature name="F_89F99D95C0D2">
					<description>
						
					</description>
				</feature>
				<feature name="F_96692392590F">
					<description>
						Lorem ipsum dolor sit amet, consetetur sadipscing elitr, sed diam nonumy eir
					</description>
				</feature>
				<feature name="F_B8DB3F3EA6CD">
					<description>
						
					</description>
				</feature>
				<feature mandatory="true" name="F_2DDD45F684A1">
					<description>
						Lorem ipsum dolor sit amet, consetetur sadipscing elitr, sed diam nonumy eirmod tempor invidunt ut labore et dolore magna aliquyam erat, sed di
					</description>
				</feature>
				<feature mandatory="true" name="F_8A124B996C47">
					<description>
						Lorem ipsum dolor sit amet, consetetur sadipscing elitr, sed diam nonumy eirmod tempor invidunt ut labore et dolore magna aliquyam erat, sed diam
					</description>
				</feature>
				<feature name="F_C18FE0BD9666">
					<description>
						Lorem ipsum dolor sit amet, consetetur sadipscing elitr, sed diam nonumy eirmod tempor invidunt ut labore et dolore magna aliquyam erat, sed diam voluptua. At vero eos et accusam et justo du
					</description>
				</feature>
				<feature name="F_2C1D491EDE4E">
					<description>
						
					</description>
				</feature>
				<feature name="F_3EC4C928DFAF">
					<description>
						
					</description>
				</feature>
				<feature name="F_942416628F2B">
					<description>
						Lorem ipsum dolor sit amet, consetetur sadipscing elitr, sed diam nonumy eirmod tempor invidunt ut labore et dolore magn
					</description>
				</feature>
				<feature name="F_FDBE3BEDF4F6">
					<description>
						Lorem ipsum dolor sit amet, consetetur sadipscing elitr, sed diam nonumy eirmod tempor invidunt ut labore et dolore magna aliquyam era
					</description>
				</feature>
				<feature mandatory="true" name="F_62B432EF64BE">
					<description>
						Lorem ipsum dolor sit amet, consetetur sadipscing elitr, sed diam nonumy eirmod tempor invidunt ut labore et dolore magna aliquyam erat, sed diam
					</description>
				</feature>
				<feature name="F_EEC2294A6DCD">
					<description>
						
					</description>
				</feature>
				<feature name="F_68B8FF759643">
					<description>
						Lorem ipsum dolor sit amet, consetetur sadipscing elitr, sed diam nonumy eirmod tempor invidunt ut labore et dolore magna aliquyam erat, sed diam voluptua. At vero eos et accusam et justo duo dolores et ea rebum. Stet clita kasd gubergren, no sea takimata sanctus est Lorem ipsum dolor sit amet. Lorem ipsum dolor sit amet, consetetur sadipscing elitr, sed diam nonumy eir
					</description>
				</feature>
				<feature mandatory="true" name="F_DFF2E4BA4319">
					<description>
						Lorem ipsum dolor sit amet, consetetur sadipscing elitr, sed diam nonumy eirmod tempor invidunt ut labore et dolore magna aliquyam erat, sed diam voluptua. At vero eos et accusam et justo duo dolores et ea rebum. Stet clita kasd gubergren, no sea takimata sanctus est Lorem ipsum dolor sit amet. Lorem ipsum dolor sit amet, consetetur sadipscing elitr, sed diam nonumy eirmod tempor invidunt ut labore et dolore magna aliquy
					</description>
				</feature>
				<feature name="F_CC880FDA6285">
					<description>
						
					</description>
				</feature>
			</and>
		</struct>
		<constraints/>
		<calculations Auto="true" Constraints="true" Features="true" Redundant="true" Tautology="true"/>
		<comments>
			<c/>
		</comments>
		<featureOrder userDefined="false"/>
	</featureModel>
