<?xml version="1.0" encoding="UTF-8" standalone="no"?>
	<featureModel>
		<properties/>
		<struct>
			<and mandatory="true" name="F_1DB4A8F021D3">
				<description>
					Lorem
				</description>
				<feature name="F_0D82EA46FBBB">
					<description>
						
					</description>
				</feature>
				<alt mandatory="true" name="F_347FF2E3B2E8">
					<description>
						
					</description>
					<feature mandatory="true" name="F_81EBCF6E0907">
						<description>
							
						</description>
					</feature>
					<feature mandatory="true" name="F_B5E459A1D1C3">
						<description>
							Lo
						</description>
					</feature>
					<feature mandatory="true" name="F_99EBFB0F4B15">
						<description>
							
						</description>
					</feature>
					<feature mandatory="true" name="F_76250E09E21A">
						<description>
							
						</description>
					</feature>
					<feature mandatory="true" name="F_C683C32D8AF9">
						<description>
							
						</description>
					</feature>
					<feature mandatory="true" name="F_9E623D1264D7">
						<description>
							
						</description>
					</feature>
					<feature mandatory="true" name="F_AB6890415E65">
						<description>
							
						</description>
					</feature>
					<feature mandatory="true" name="F_D06F3DEBB846">
						<description>
							
						</description>
					</feature>
					<feature mandatory="true" name="F_53B91F453D46">
						<description>
							Lorem ipsum dolor s
						</description>
					</feature>
					<feature mandatory="true" name="F_65074A9F78E5">
						<description>
							
						</description>
					</feature>
					<feature mandatory="true" name="F_36FE2E1AA38D">
						<description>
							
						</description>
					</feature>
					<feature mandatory="true" name="F_7E3EA0301DE8">
						<description>
							
						</description>
					</feature>
					<feature mandatory="true" name="F_914DFC6A9A5E">
						<description>
							
						</description>
					</feature>
					<feature mandatory="true" name="F_1DE49080C2DD">
						<description>
							
						</description>
					</feature>
					<feature mandatory="true" name="F_178A1C5FF88D">
						<description>
							
						</description>
					</feature>
					<feature mandatory="true" name="F_79A82FD75189">
						<description>
							
						</description>
					</feature>
					<feature mandatory="true" name="F_3942BB947FF1">
						<description>
							
						</description>
					</feature>
					<feature mandatory="true" name="F_F39E5F036407">
						<description>
							
						</description>
					</feature>
					<feature mandatory="true" name="F_8C1071ACD66C">
						<description>
							Lor
						</description>
					</feature>
					<feature mandatory="true" name="F_12567C47C4F6">
						<description>
							
						</description>
					</feature>
					<feature mandatory="true" name="F_E56BB86D6D41">
						<description>
							
						</description>
					</feature>
					<feature mandatory="true" name="F_A8E48B495322">
						<description>
							
						</description>
					</feature>
					<feature mandatory="true" name="F_A1D210122186">
						<description>
							
						</description>
					</feature>
					<feature mandatory="true" name="F_7E04D3523CAB">
						<description>
							
						</description>
					</feature>
					<feature mandatory="true" name="F_7600955CD3BA">
						<description>
							Lorem i
						</description>
					</feature>
					<feature mandatory="true" name="F_01D72BEB920D">
						<description>
							
						</description>
					</feature>
					<feature mandatory="true" name="F_B8D0B24B6F9E">
						<description>
							
						</description>
					</feature>
					<feature mandatory="true" name="F_07391533D658">
						<description>
							
						</description>
					</feature>
					<feature mandatory="true" name="F_A77DDC0151C9">
						<description>
							
						</description>
					</feature>
					<feature mandatory="true" name="F_E1813C4CCA61">
						<description>
							
						</description>
					</feature>
					<feature mandatory="true" name="F_DF8F1F43477D">
						<description>
							
						</description>
					</feature>
					<feature mandatory="true" name="F_95348C06D7F8">
						<description>
							
						</description>
					</feature>
					<feature mandatory="true" name="F_A886ED0ACDB4">
						<description>
							
						</description>
					</feature>
					<feature mandatory="true" name="F_A5C7F15F792D">
						<description>
							Lorem
						</description>
					</feature>
					<feature mandatory="true" name="F_209708DDD233">
						<description>
							
						</description>
					</feature>
					<feature mandatory="true" name="F_61A6DF705382">
						<description>
							Lor
						</description>
					</feature>
					<feature mandatory="true" name="F_2213B40EA981">
						<description>
							
						</description>
					</feature>
					<feature mandatory="true" name="F_E2344D709315">
						<description>
							
						</description>
					</feature>
					<feature mandatory="true" name="F_A3C150E6768D">
						<description>
							
						</description>
					</feature>
					<feature mandatory="true" name="F_9DC30A12DA83">
						<description>
							
						</description>
					</feature>
					<feature mandatory="true" name="F_385EDF9DC0B9">
						<description>
							
						</description>
					</feature>
					<feature mandatory="true" name="F_5FBD54172482">
						<description>
							
						</description>
					</feature>
					<feature mandatory="true" name="F_E67889D201CA">
						<description>
							Lorem ipsum dol
						</description>
					</feature>
					<feature mandatory="true" name="F_2D30DA64BFAB">
						<description>
							
						</description>
					</feature>
					<feature mandatory="true" name="F_6CD8C37A9D7C">
						<description>
							
						</description>
					</feature>
					<feature mandatory="true" name="F_2BD2D2F75680">
						<description>
							
						</description>
					</feature>
					<feature mandatory="true" name="F_C1BB9D769122">
						<description>
							
						</description>
					</feature>
					<feature mandatory="true" name="F_18A41B4BE024">
						<description>
							
						</description>
					</feature>
					<feature mandatory="true" name="F_7AA30FCB8A9D">
						<description>
							
						</description>
					</feature>
					<feature mandatory="true" name="F_E3D07018E8AB">
						<description>
							
						</description>
					</feature>
					<feature mandatory="true" name="F_7C17991D2238">
						<description>
							
						</description>
					</feature>
					<feature mandatory="true" name="F_BD09AF4BACBD">
						<description>
							
						</description>
					</feature>
					<feature mandatory="true" name="F_BBF2375B7B51">
						<description>
							Lorem ip
						</description>
					</feature>
					<feature mandatory="true" name="F_6361B656135C">
						<description>
							
						</description>
					</feature>
					<feature mandatory="true" name="F_F4F6CC1AC157">
						<description>
							
						</description>
					</feature>
					<feature mandatory="true" name="F_3FAEEF0D8BA2">
						<description>
							
						</description>
					</feature>
					<feature mandatory="true" name="F_3BD4D2CDB49C">
						<description>
							
						</description>
					</feature>
					<feature mandatory="true" name="F_13017A419CA3">
						<description>
							
						</description>
					</feature>
					<feature mandatory="true" name="F_1EF89E83A621">
						<description>
							
						</description>
					</feature>
					<feature mandatory="true" name="F_35D19B41D8BD">
						<description>
							
						</description>
					</feature>
					<feature mandatory="true" name="F_9CADD809A9F2">
						<description>
							
						</description>
					</feature>
					<feature mandatory="true" name="F_2697A8E2C25C">
						<description>
							Lorem
						</description>
					</feature>
					<feature mandatory="true" name="F_C0EE0D6F0786">
						<description>
							
						</description>
					</feature>
					<feature mandatory="true" name="F_DDE77856F1CC">
						<description>
							
						</description>
					</feature>
					<feature mandatory="true" name="F_159455820067">
						<description>
							
						</description>
					</feature>
					<feature mandatory="true" name="F_31639D3AB801">
						<description>
							
						</description>
					</feature>
					<feature mandatory="true" name="F_2C11CB5C77BD">
						<description>
							
						</description>
					</feature>
					<feature mandatory="true" name="F_AEC0B6E24B31">
						<description>
							
						</description>
					</feature>
					<feature mandatory="true" name="F_B050CB5D82FF">
						<description>
							Lor
						</description>
					</feature>
					<feature mandatory="true" name="F_B562B3959331">
						<description>
							
						</description>
					</feature>
					<feature mandatory="true" name="F_8B5D76C40956">
						<description>
							
						</description>
					</feature>
					<feature mandatory="true" name="F_2A14C51573CE">
						<description>
							
						</description>
					</feature>
					<feature mandatory="true" name="F_1F58075882B0">
						<description>
							
						</description>
					</feature>
					<feature mandatory="true" name="F_86DD219C54D4">
						<description>
							
						</description>
					</feature>
					<feature mandatory="true" name="F_F01F454EA053">
						<description>
							
						</description>
					</feature>
					<feature mandatory="true" name="F_60CB86A1A314">
						<description>
							
						</description>
					</feature>
					<feature mandatory="true" name="F_372CC8541AAF">
						<description>
							
						</description>
					</feature>
					<feature mandatory="true" name="F_7519C0390096">
						<description>
							Lorem
						</description>
					</feature>
					<feature mandatory="true" name="F_475AB1CC8BDB">
						<description>
							
						</description>
					</feature>
					<feature mandatory="true" name="F_ADAE57656838">
						<description>
							
						</description>
					</feature>
					<feature mandatory="true" name="F_B2199FBFA428">
						<description>
							
						</description>
					</feature>
					<feature mandatory="true" name="F_0D43C8C980AD">
						<description>
							
						</description>
					</feature>
					<feature mandatory="true" name="F_4EDC57C84F04">
						<description>
							Lorem ipsum dolor sit amet, consete
						</description>
					</feature>
					<feature mandatory="true" name="F_A3933ED4166A">
						<description>
							
						</description>
					</feature>
					<feature mandatory="true" name="F_C41689E10A1B">
						<description>
							
						</description>
					</feature>
					<feature mandatory="true" name="F_B93B34A836DA">
						<description>
							
						</description>
					</feature>
					<feature mandatory="true" name="F_83F1F40B48BB">
						<description>
							
						</description>
					</feature>
					<feature mandatory="true" name="F_A251C1021A19">
						<description>
							
						</description>
					</feature>
					<feature mandatory="true" name="F_4F930E215E5D">
						<description>
							
						</description>
					</feature>
					<feature mandatory="true" name="F_DF02DBF3EF06">
						<description>
							
						</description>
					</feature>
					<feature mandatory="true" name="F_890ECD2BEA46">
						<description>
							
						</description>
					</feature>
					<feature mandatory="true" name="F_A369923E4B76">
						<description>
							
						</description>
					</feature>
					<feature mandatory="true" name="F_83D38A50AE29">
						<description>
							Lo
						</description>
					</feature>
					<feature mandatory="true" name="F_0FE815A30F47">
						<description>
							
						</description>
					</feature>
					<feature mandatory="true" name="F_2B055EF8152C">
						<description>
							
						</description>
					</feature>
					<feature mandatory="true" name="F_7B3A86550E2A">
						<description>
							
						</description>
					</feature>
					<feature mandatory="true" name="F_75CE81F226D3">
						<description>
							
						</description>
					</feature>
					<feature mandatory="true" name="F_98CE4D442A1B">
						<description>
							
						</description>
					</feature>
					<feature mandatory="true" name="F_8BB1492F4E47">
						<description>
							
						</description>
					</feature>
					<feature mandatory="true" name="F_C99651C42DCA">
						<description>
							
						</description>
					</feature>
					<feature mandatory="true" name="F_211FE240DB05">
						<description>
							
						</description>
					</feature>
					<feature mandatory="true" name="F_95A19BD3B8DA">
						<description>
							
						</description>
					</feature>
					<feature mandatory="true" name="F_22435F1EDE66">
						<description>
							
						</description>
					</feature>
					<feature mandatory="true" name="F_8016080576C6">
						<description>
							
						</description>
					</feature>
					<feature mandatory="true" name="F_22F8AC76B221">
						<description>
							
						</description>
					</feature>
					<feature mandatory="true" name="F_7B5BADC0E2E6">
						<description>
							Lorem
						</description>
					</feature>
					<feature mandatory="true" name="F_60D225BCC272">
						<description>
							
						</description>
					</feature>
					<feature mandatory="true" name="F_189DDB82C2D6">
						<description>
							
						</description>
					</feature>
					<feature mandatory="true" name="F_30520FA21222">
						<description>
							
						</description>
					</feature>
					<feature mandatory="true" name="F_6E3D259FCFD3">
						<description>
							
						</description>
					</feature>
					<feature mandatory="true" name="F_5DEE97C46833">
						<description>
							Lorem ipsum d
						</description>
					</feature>
					<feature mandatory="true" name="F_B19854C69E9D">
						<description>
							
						</description>
					</feature>
					<feature mandatory="true" name="F_990B1910A5C9">
						<description>
							
						</description>
					</feature>
					<feature mandatory="true" name="F_E61C25CE1F68">
						<description>
							
						</description>
					</feature>
					<feature mandatory="true" name="F_A4AEC13106F8">
						<description>
							Lorem
						</description>
					</feature>
					<feature mandatory="true" name="F_731252FE29B9">
						<description>
							
						</description>
					</feature>
					<feature mandatory="true" name="F_B95F57304421">
						<description>
							
						</description>
					</feature>
					<feature mandatory="true" name="F_1F79997713F1">
						<description>
							
						</description>
					</feature>
					<feature mandatory="true" name="F_11D2B48DB492">
						<description>
							
						</description>
					</feature>
					<feature mandatory="true" name="F_8418D751D724">
						<description>
							
						</description>
					</feature>
					<feature mandatory="true" name="F_4AAA5683FFC5">
						<description>
							Lorem ipsu
						</description>
					</feature>
					<feature mandatory="true" name="F_5812677EA88B">
						<description>
							
						</description>
					</feature>
					<feature mandatory="true" name="F_94AD4432D20C">
						<description>
							
						</description>
					</feature>
					<feature mandatory="true" name="F_1CBF6603DE7B">
						<description>
							
						</description>
					</feature>
					<feature mandatory="true" name="F_6F862757F333">
						<description>
							Lore
						</description>
					</feature>
					<feature mandatory="true" name="F_5A42288FE17D">
						<description>
							
						</description>
					</feature>
					<feature mandatory="true" name="F_5B83096C56C3">
						<description>
							
						</description>
					</feature>
					<feature mandatory="true" name="F_0B9075DB1217">
						<description>
							
						</description>
					</feature>
					<feature mandatory="true" name="F_6299E9B27D17">
						<description>
							
						</description>
					</feature>
					<feature mandatory="true" name="F_612554021C74">
						<description>
							Lorem
						</description>
					</feature>
					<feature mandatory="true" name="F_075A2C01D43A">
						<description>
							
						</description>
					</feature>
					<feature mandatory="true" name="F_2C4E685D660F">
						<description>
							
						</description>
					</feature>
					<feature mandatory="true" name="F_79A27EEF9178">
						<description>
							
						</description>
					</feature>
					<feature mandatory="true" name="F_F490314B35ED">
						<description>
							
						</description>
					</feature>
					<feature mandatory="true" name="F_9DFAA3FA9C20">
						<description>
							
						</description>
					</feature>
					<feature mandatory="true" name="F_AA15240B85FB">
						<description>
							
						</description>
					</feature>
					<feature mandatory="true" name="F_9D0BCB935D86">
						<description>
							
						</description>
					</feature>
					<feature mandatory="true" name="F_B56B7AE2E0B6">
						<description>
							Lorem ip
						</description>
					</feature>
					<feature mandatory="true" name="F_5D0810319B80">
						<description>
							
						</description>
					</feature>
					<feature mandatory="true" name="F_8EB3324856B5">
						<description>
							
						</description>
					</feature>
					<feature mandatory="true" name="F_0F53EBAA706B">
						<description>
							Lorem ipsum dol
						</description>
					</feature>
					<feature mandatory="true" name="F_0967E1259069">
						<description>
							
						</description>
					</feature>
					<feature mandatory="true" name="F_C7623B57D72B">
						<description>
							
						</description>
					</feature>
					<feature mandatory="true" name="F_FCE5A540B2F4">
						<description>
							
						</description>
					</feature>
					<feature mandatory="true" name="F_A3EEE0F24394">
						<description>
							
						</description>
					</feature>
					<feature mandatory="true" name="F_D98604357BB1">
						<description>
							
						</description>
					</feature>
					<feature mandatory="true" name="F_B8211AF02483">
						<description>
							
						</description>
					</feature>
					<feature mandatory="true" name="F_3232233B854D">
						<description>
							
						</description>
					</feature>
					<feature mandatory="true" name="F_F65C0C3A282B">
						<description>
							
						</description>
					</feature>
					<feature mandatory="true" name="F_D0D20E6E701A">
						<description>
							
						</description>
					</feature>
					<feature mandatory="true" name="F_23EF0C89E45C">
						<description>
							Lorem ips
						</description>
					</feature>
					<feature mandatory="true" name="F_A74B2925904C">
						<description>
							
						</description>
					</feature>
					<feature mandatory="true" name="F_EF4E64C66450">
						<description>
							
						</description>
					</feature>
					<feature mandatory="true" name="F_89BA283F550B">
						<description>
							
						</description>
					</feature>
					<feature mandatory="true" name="F_28E7B7C2D8A2">
						<description>
							Lorem
						</description>
					</feature>
					<feature mandatory="true" name="F_D81947E95814">
						<description>
							
						</description>
					</feature>
					<feature mandatory="true" name="F_1D188531F526">
						<description>
							
						</description>
					</feature>
					<feature mandatory="true" name="F_E83F521CD7C4">
						<description>
							Lorem ipsum
						</description>
					</feature>
					<feature mandatory="true" name="F_36E417748582">
						<description>
							
						</description>
					</feature>
					<feature mandatory="true" name="F_CA07DE259E4A">
						<description>
							Lorem ipsu
						</description>
					</feature>
					<feature mandatory="true" name="F_98E2E3C1BFC6">
						<description>
							
						</description>
					</feature>
					<feature mandatory="true" name="F_A111BE9C7646">
						<description>
							Lorem
						</description>
					</feature>
					<feature mandatory="true" name="F_94B7D3A41BA4">
						<description>
							
						</description>
					</feature>
					<feature mandatory="true" name="F_E0AFDE13B754">
						<description>
							
						</description>
					</feature>
					<feature mandatory="true" name="F_F14B0F0120B1">
						<description>
							
						</description>
					</feature>
					<feature mandatory="true" name="F_A85D2B139CCC">
						<description>
							
						</description>
					</feature>
					<feature mandatory="true" name="F_4DAE9DB9706D">
						<description>
							
						</description>
					</feature>
					<feature mandatory="true" name="F_77F4DD89D2AE">
						<description>
							
						</description>
					</feature>
					<feature mandatory="true" name="F_E6E3EC76581F">
						<description>
							
						</description>
					</feature>
					<feature mandatory="true" name="F_8501100D6399">
						<description>
							
						</description>
					</feature>
					<feature mandatory="true" name="F_63B536AB5F8C">
						<description>
							Lorem
						</description>
					</feature>
					<feature mandatory="true" name="F_29E458A9EC0F">
						<description>
							Lorem
						</description>
					</feature>
					<feature mandatory="true" name="F_F231DFC1CEDB">
						<description>
							
						</description>
					</feature>
					<feature mandatory="true" name="F_1A300C77DE8B">
						<description>
							
						</description>
					</feature>
					<feature mandatory="true" name="F_17A39D318DF9">
						<description>
							
						</description>
					</feature>
					<feature mandatory="true" name="F_535F3FA41760">
						<description>
							
						</description>
					</feature>
					<feature mandatory="true" name="F_EE620B0AD61C">
						<description>
							
						</description>
					</feature>
					<feature mandatory="true" name="F_D62965A0E5DA">
						<description>
							
						</description>
					</feature>
					<feature mandatory="true" name="F_89C4A193AFAE">
						<description>
							
						</description>
					</feature>
					<feature mandatory="true" name="F_A190D20E87BE">
						<description>
							
						</description>
					</feature>
					<feature mandatory="true" name="F_4290D24290F5">
						<description>
							
						</description>
					</feature>
					<feature mandatory="true" name="F_E6D1107B14BB">
						<description>
							Lorem ipsum dol
						</description>
					</feature>
					<feature mandatory="true" name="F_EE2E3767AB00">
						<description>
							
						</description>
					</feature>
					<feature mandatory="true" name="F_B9B6EDB37C49">
						<description>
							
						</description>
					</feature>
					<feature mandatory="true" name="F_C801D28FED18">
						<description>
							Lorem ip
						</description>
					</feature>
					<feature mandatory="true" name="F_8B99A4A26F5B">
						<description>
							Lorem
						</description>
					</feature>
					<feature mandatory="true" name="F_FB8F9C8B3019">
						<description>
							Lorem
						</description>
					</feature>
					<feature mandatory="true" name="F_D059354143E6">
						<description>
							Lorem i
						</description>
					</feature>
					<feature mandatory="true" name="F_3C11FE8E241B">
						<description>
							
						</description>
					</feature>
					<feature mandatory="true" name="F_82B1E8A4ED8A">
						<description>
							
						</description>
					</feature>
					<feature mandatory="true" name="F_902D7489C7F6">
						<description>
							Lore
						</description>
					</feature>
					<feature mandatory="true" name="F_345BF73C5058">
						<description>
							Lorem
						</description>
					</feature>
					<feature mandatory="true" name="F_CB57FD4FD2D2">
						<description>
							Lor
						</description>
					</feature>
					<feature mandatory="true" name="F_5D234BCC04E8">
						<description>
							Lorem ipsum dolor sit
						</description>
					</feature>
					<feature mandatory="true" name="F_8CFB61B28786">
						<description>
							
						</description>
					</feature>
					<feature mandatory="true" name="F_C7ECE7BC36D4">
						<description>
							
						</description>
					</feature>
					<feature mandatory="true" name="F_6D1D95980C84">
						<description>
							
						</description>
					</feature>
					<feature mandatory="true" name="F_8EEB1F93BF94">
						<description>
							
						</description>
					</feature>
					<feature mandatory="true" name="F_AA8226FDECA7">
						<description>
							
						</description>
					</feature>
					<feature mandatory="true" name="F_AB3C44533187">
						<description>
							Lore
						</description>
					</feature>
					<feature mandatory="true" name="F_B77361EDB1D3">
						<description>
							
						</description>
					</feature>
					<feature mandatory="true" name="F_1D3E446C6D3F">
						<description>
							Lorem
						</description>
					</feature>
					<feature mandatory="true" name="F_8D89B32BC19F">
						<description>
							Lor
						</description>
					</feature>
					<feature mandatory="true" name="F_E5F83CD7B058">
						<description>
							Lorem ipsum dolo
						</description>
					</feature>
					<feature mandatory="true" name="F_528179C4F0DE">
						<description>
							
						</description>
					</feature>
					<feature mandatory="true" name="F_211839DA6627">
						<description>
							Lorem ipsum dolor s
						</description>
					</feature>
					<feature mandatory="true" name="F_EF9EA66EA47F">
						<description>
							
						</description>
					</feature>
					<feature mandatory="true" name="F_44174C13A32D">
						<description>
							
						</description>
					</feature>
					<feature mandatory="true" name="F_108E3543D934">
						<description>
							
						</description>
					</feature>
					<feature mandatory="true" name="F_9AC869816CDE">
						<description>
							
						</description>
					</feature>
					<feature mandatory="true" name="F_AE11BFEEAEE7">
						<description>
							
						</description>
					</feature>
					<feature mandatory="true" name="F_09135906401C">
						<description>
							Lor
						</description>
					</feature>
					<feature mandatory="true" name="F_B7CFB2322222">
						<description>
							Lorem i
						</description>
					</feature>
					<feature mandatory="true" name="F_90A0B80FF2DA">
						<description>
							
						</description>
					</feature>
					<feature mandatory="true" name="F_87FC4F665A25">
						<description>
							
						</description>
					</feature>
					<feature mandatory="true" name="F_D777908F15E2">
						<description>
							
						</description>
					</feature>
					<feature mandatory="true" name="F_92D3D9122422">
						<description>
							
						</description>
					</feature>
					<feature mandatory="true" name="F_284AE95D7C25">
						<description>
							
						</description>
					</feature>
					<feature mandatory="true" name="F_4D0135323BBB">
						<description>
							
						</description>
					</feature>
					<feature mandatory="true" name="F_B3DD94906B51">
						<description>
							
						</description>
					</feature>
					<feature mandatory="true" name="F_B0183218B5D8">
						<description>
							
						</description>
					</feature>
					<feature mandatory="true" name="F_975611193C5C">
						<description>
							
						</description>
					</feature>
					<feature mandatory="true" name="F_5C185FC6DC80">
						<description>
							
						</description>
					</feature>
					<feature mandatory="true" name="F_70D652DD8361">
						<description>
							
						</description>
					</feature>
					<feature mandatory="true" name="F_1DAE87C21CD1">
						<description>
							
						</description>
					</feature>
					<feature mandatory="true" name="F_0AFD0AC2AFAD">
						<description>
							Lorem ipsum do
						</description>
					</feature>
					<feature mandatory="true" name="F_AF9A605E0DAA">
						<description>
							
						</description>
					</feature>
					<feature mandatory="true" name="F_6177C84A078C">
						<description>
							
						</description>
					</feature>
					<feature mandatory="true" name="F_0796E2D189CD">
						<description>
							
						</description>
					</feature>
				</alt>
				<feature name="F_E6A5FFBA0656">
					<description>
						
					</description>
				</feature>
				<feature mandatory="true" name="F_032EDB85A730">
					<description>
						
					</description>
				</feature>
				<feature name="F_BB93D3EB72CE">
					<description>
						
					</description>
				</feature>
				<feature name="F_4D0EF66AC395">
					<description>
						
					</description>
				</feature>
				<feature name="F_1303327E04EC">
					<description>
						
					</description>
				</feature>
				<feature name="F_D2C4FF57B735">
					<description>
						
					</description>
				</feature>
				<feature name="F_42F5D9722FAB">
					<description>
						
					</description>
				</feature>
				<feature mandatory="true" name="F_1D8E45E8871B">
					<description>
						
					</description>
				</feature>
				<feature mandatory="true" name="F_3F31DF60E21B">
					<description>
						
					</description>
				</feature>
				<feature name="F_7A24E065A388">
					<description>
						
					</description>
				</feature>
				<feature name="F_EB30E5C80F3C">
					<description>
						
					</description>
				</feature>
				<feature mandatory="true" name="F_624AD53EC430">
					<description>
						
					</description>
				</feature>
				<feature name="F_F8973F811D08">
					<description>
						
					</description>
				</feature>
				<feature name="F_15295D5BA755">
					<description>
						
					</description>
				</feature>
				<feature name="F_D02DD8904439">
					<description>
						
					</description>
				</feature>
				<feature name="F_B142D7D4C9BB">
					<description>
						
					</description>
				</feature>
				<feature name="F_85B7BEC02CE5">
					<description>
						
					</description>
				</feature>
				<feature mandatory="true" name="F_6E6F18381C8F">
					<description>
						
					</description>
				</feature>
				<feature name="F_1126CC7925AB">
					<description>
						
					</description>
				</feature>
				<feature name="F_F7B5662BDEE7">
					<description>
						
					</description>
				</feature>
				<feature name="F_D81FC6266161">
					<description>
						
					</description>
				</feature>
				<feature name="F_19122FE59B40">
					<description>
						
					</description>
				</feature>
				<feature name="F_9EA9C0460440">
					<description>
						
					</description>
				</feature>
				<feature name="F_623D5C5FDAE6">
					<description>
						
					</description>
				</feature>
				<feature name="F_74A6D0FAC799">
					<description>
						
					</description>
				</feature>
				<feature name="F_6AFD2F61D39F">
					<description>
						
					</description>
				</feature>
				<feature name="F_08A669EA9034">
					<description>
						
					</description>
				</feature>
				<feature name="F_F429E7E82458">
					<description>
						
					</description>
				</feature>
				<feature name="F_CF63AC29F7B4">
					<description>
						Lorem ipsum dolor sit amet, consetet
					</description>
				</feature>
				<feature name="F_A1ABBBF80BAC">
					<description>
						Lorem ipsum dolor sit amet, con
					</description>
				</feature>
				<feature name="F_34FF786BEEFC">
					<description>
						Lorem ipsum dolor sit amet, consetetur sadipscing elitr, sed diam nonumy eirmod tempor invidunt ut labore et dolore magna aliquyam erat, sed diam voluptua. At vero eos et a
					</description>
				</feature>
				<feature name="F_6256D59E7007">
					<description>
						Lorem ipsum dolor sit amet, consetetur sadipscing elitr, sed diam nonumy eirmod tempor invidunt ut
					</description>
				</feature>
				<feature name="F_6E9F443B3EEE">
					<description>
						Lorem ipsum dolor sit amet, consetetur sadipscing el
					</description>
				</feature>
				<feature name="F_81D9E868F473">
					<description>
						Lorem ipsum dolor sit amet, consetetur sadipscing elitr, sed diam nonumy eirmod tem
					</description>
				</feature>
				<feature name="F_386882585BD2">
					<description>
						Lorem ipsum dolor sit amet, consetetu
					</description>
				</feature>
				<feature name="F_1C2500DAA270">
					<description>
						Lorem ipsum dolor sit amet, consetetur sadipscing elitr, sed diam non
					</description>
				</feature>
				<feature name="F_4D4407F1B002">
					<description>
						Lorem ipsum dolor sit amet, consetetur sadipscing elitr, sed diam nonumy eirmod tempor invidunt ut labore et dolore magna aliquyam erat, sed diam voluptua. At vero eos et accusam et justo duo dolores et ea rebum. Stet clita k
					</description>
				</feature>
				<feature name="F_8592528D4396">
					<description>
						Lorem ipsum dolor sit amet, consetetur sadipscing elitr, sed diam nonumy eirmod
					</description>
				</feature>
				<feature name="F_D9DD5F648C98">
					<description>
						Lorem ipsum dolor sit amet, consetetur sadipscing elitr, s
					</description>
				</feature>
				<feature name="F_4A37BCF574B6">
					<description>
						Lorem ipsum dolor sit amet, consetetur sadipscing elitr, sed diam nonumy e
					</description>
				</feature>
				<feature name="F_0583C8D37D6B">
					<description>
						Lorem ipsum dolor sit amet, consetetur sadipscing elitr, sed diam nonumy eirmod tempor invidunt ut labore e
					</description>
				</feature>
				<feature name="F_BADE5F208D1B">
					<description>
						Lorem ipsum dolor sit amet,
					</description>
				</feature>
				<feature name="F_E5295CFBF74D">
					<description>
						Lorem ipsum dolor sit amet, consetetur
					</description>
				</feature>
				<feature name="F_FFD90967F514">
					<description>
						Lorem ipsum dolor sit amet, consetetur sadipscing elitr, se
					</description>
				</feature>
				<feature name="F_C99AD60D0EE8">
					<description>
						Lorem ipsum dolor sit amet, consetetur sadipscing elitr, sed diam nonumy eirmod tempor invidunt ut labore et dolore magna aliquyam era
					</description>
				</feature>
				<feature name="F_898D87889A74">
					<description>
						Lorem ipsum dolor sit amet, consetetur sadipscing elitr, sed diam nonumy eirmod tempor invidunt ut labore et dolore m
					</description>
				</feature>
				<feature name="F_81F0B30CA0B6">
					<description>
						Lorem ipsum dolor sit amet, consetetur sadipscing elitr, sed diam nonumy eirmod tempor invidunt ut labore et dolore magna aliquyam erat, sed diam voluptua. At vero eos et accusam et justo duo dolores et ea rebum. Stet clita kasd gubergren, no sea takimata sanctus est Lorem ipsum dolor sit amet. Lorem ipsum dolor sit amet, consetetur sadipscing elitr, sed diam
					</description>
				</feature>
				<feature name="F_D8D72DE0E64A">
					<description>
						Lorem ipsum dolor sit amet, consetetur sadipscing elitr, sed diam nonu
					</description>
				</feature>
				<feature name="F_CDEBC263F14A">
					<description>
						Lorem ipsum dolor sit amet, consetetur sadipscing elitr, sed diam nonumy eirmod tempor invidunt ut labore et dolore magna aliquyam erat, sed diam voluptua. At vero eos et accusam et justo duo dolores et ea rebum. Stet clita kasd gubergren, no sea takimata sanctus est Lorem ipsum dolor sit amet. Lorem ipsum dolor sit amet, consetetur sadipscing elitr, sed diam nonumy eirmod tempor invidunt ut labore et dolore magna aliquyam erat, sed diam voluptua. At vero eos et accusam et justo duo dolores et
					</description>
				</feature>
				<feature name="F_F5E6A40B745C">
					<description>
						Lorem ipsum dolor sit amet, consetetur sadipscing elitr, sed diam nonumy eirmod tempor invidunt ut labore et dolore magna aliquyam erat, sed diam voluptua. At vero eos et accusam et justo duo dolores et ea rebum. Stet clita kasd gubergren, no sea takimata sanctus est Lorem ipsum dolor sit amet. Lorem ipsum dolor sit amet, consetetur sadipscing elitr, sed diam nonumy eirmod tempor invidunt ut labore et dolore magna aliquyam erat, sed diam voluptua. At vero eos et accusam et justo duo dolores et ea rebum. Stet clita kasd gubergren, no sea takimata sanctus est Lorem ipsum dolor sit amet. Lorem ipsum dolor sit amet, consetetur sadipscing elitr, sed diam
					</description>
				</feature>
				<feature name="F_EF8CAEF225AA">
					<description>
						Lorem ipsum dolor sit amet, consetetur sadipscing elitr, sed diam nonumy eirmod tempor invidunt ut labore et dolore magna aliquyam erat, sed diam voluptua. At vero eos et accusam et justo duo dolores et ea rebum. Stet clita kasd gubergren, no sea takimata sanctus est Lorem ipsum dolor sit amet. Lorem ipsum dolor sit amet, consetetur sadipscing elitr, sed diam nonumy eirmod tempor invidunt ut labore et dolore
					</description>
				</feature>
				<feature name="F_FB34C4533506">
					<description>
						Lorem ipsum dolor sit amet, consetetur sadipscing elitr, sed diam nonumy eirmod tempor invidunt ut labore et dolore magna aliquyam erat, sed diam voluptua. At vero eos et accusam et justo duo dolores et ea rebum. Stet clita kasd gubergren, no sea takimata sanctus est Lorem ipsum dolor sit amet. Lorem ipsum dolor sit amet, consetetur sadipscing elitr, sed diam nonumy eirmod tempor invidunt ut labore et dolore magna aliquyam erat, sed diam voluptua. At vero eos et accusam et justo duo dolores et ea rebum. Stet clita ka
					</description>
				</feature>
				<feature name="F_07AF3AC6393F">
					<description>
						Lorem ipsum dolor sit amet, consetetur sadipscing elitr, sed diam nonumy eirmod tempor invidunt ut labore et dolore magna aliquyam erat, sed diam voluptua. At vero eos et accusam et justo duo dolores et ea rebum. Stet clita kasd gubergren, no sea takimata sanctus est Lorem ipsum dolor sit amet. Lorem ipsum dolor sit amet, consetetur sadipscing elitr, sed diam nonumy eirmod tempor invidunt ut labore et dolore magna aliquyam erat, sed diam voluptua. At vero eos et accusam et justo duo dolores et ea rebum. Stet clita kasd gubergren, no sea takimata sanctus est Lorem ipsum dolor sit amet. Lorem ipsum dolor sit amet, consetetur sadipscing
					</description>
				</feature>
				<feature name="F_97021E095D46">
					<description>
						Lorem ipsum dolor sit amet, consetetur sadipscing elitr, sed diam nonumy eirmod tempor invidunt ut labore et dolore magna aliquyam erat, sed diam voluptua. At vero eos et accusam et justo duo dolores et ea rebum. Stet clita kasd gubergren, no sea takimata sanctus est Lorem ipsum dolor sit amet. Lorem ipsum dolor sit amet, consetetur sadipscing elitr, sed diam nonumy eirmod tempor invidunt ut labore et dolore magna aliquyam erat, sed diam voluptua. At vero eos et accusam et justo duo dolores et ea rebum. Stet clita kasd gubergren, no sea takimata sanctus est Lorem ipsum dol
					</description>
				</feature>
				<feature name="F_FAE200249A63">
					<description>
						Lorem ipsum dolor sit amet, consetetur sadipscing elitr, sed diam nonumy eirmod tempor i
					</description>
				</feature>
				<feature name="F_E9433B5EC86B">
					<description>
						Lorem ipsum dolor sit amet, consetetur sadipscing elitr, sed diam nonumy eirmod tempor
					</description>
				</feature>
				<feature name="F_F6830FBDF4EF">
					<description>
						Lorem ipsum dolor sit amet, consetetur sadipscing elitr, sed diam nonumy eirm
					</description>
				</feature>
				<feature name="F_38067CEE0E87">
					<description>
						Lorem ipsum dolor sit amet, consetetur sadipscing elitr, sed diam nonumy eirmod tempor invidunt u
					</description>
				</feature>
				<feature mandatory="true" name="F_7C219590313D">
					<description>
						Lorem ipsum dolor sit amet, consetetur sadipscing elitr, sed diam nonumy eirmod tempor invidunt ut labore et dolore magna aliquyam erat, sed d
					</description>
				</feature>
				<feature mandatory="true" name="F_260E893FD473">
					<description>
						Lorem ipsum dolor sit amet, consetetur sadipscing elitr, sed diam nonumy eirmod tempor invidunt ut labore et dolore magna aliquyam erat, sed d
					</description>
				</feature>
				<feature mandatory="true" name="F_C81119F26282">
					<description>
						Lorem ipsum dolor sit amet, consetetur sadipscing elitr, sed diam nonumy eirmod tempor invidunt ut labore et dolore magna aliquyam erat, sed d
					</description>
				</feature>
				<feature mandatory="true" name="F_0D57DE5F32BC">
					<description>
						Lorem ipsum dolor sit amet, consetetur sadipscing elitr, sed diam nonumy eirmod tempor invidunt ut labore et dolore magna aliquyam erat, sed d
					</description>
				</feature>
				<feature mandatory="true" name="F_5C2FAB7BB3A6">
					<description>
						Lorem ipsum dolor sit amet, consetetur sadipscing elitr, sed diam nonumy eirmod tempor invidunt ut labore et dolore magna aliquyam erat, sed d
					</description>
				</feature>
				<feature mandatory="true" name="F_EC975B4E883C">
					<description>
						Lorem ipsum dolor sit amet, consetetur sadipscing elitr, sed diam nonumy eirmod tempor invidunt ut labore et dolore magna aliquyam erat, sed d
					</description>
				</feature>
				<feature mandatory="true" name="F_D448F504D273">
					<description>
						Lorem ipsum dolor sit amet, consetetur sadipscing elitr, sed diam nonumy eirmod tempor invidunt ut labore et dolore magna aliquyam erat, sed d
					</description>
				</feature>
				<feature mandatory="true" name="F_EFE6B73C20C1">
					<description>
						Lorem ipsum dolor sit amet, consetetur sadipscing elitr, sed diam nonumy eirmod tempor invidunt ut labore et dolore magna aliquyam erat, sed d
					</description>
				</feature>
				<feature mandatory="true" name="F_DE236AFF0D55">
					<description>
						Lorem ipsum dolor sit amet, consetetur sadipscing elitr, sed diam nonumy eirmod tempor invidunt ut labore et dolore magna aliquyam erat, sed d
					</description>
				</feature>
				<feature mandatory="true" name="F_06A2B16E49F3">
					<description>
						Lorem ipsum dolor sit amet, consetetur sadipscing elitr, sed diam nonumy eirmod tempor invidunt ut labore et dolore magna aliquyam erat, sed d
					</description>
				</feature>
				<feature mandatory="true" name="F_C5FBB4A149F2">
					<description>
						Lorem ipsum dolor sit amet, consetetur sadipscing elitr, sed diam nonumy eirmod tempor invidunt ut labore et dolore magna aliquyam erat, sed d
					</description>
				</feature>
				<feature mandatory="true" name="F_CA76A1DD71B5">
					<description>
						Lorem ipsum dolor sit amet, consetetur sadipscing elitr, sed diam nonumy eirmod tempor invidunt ut labore et dolore magna aliquyam erat, sed d
					</description>
				</feature>
				<feature mandatory="true" name="F_040C3934948D">
					<description>
						Lorem ipsum dolor sit amet, consetetur sadipscing elitr, sed diam nonumy eirmod tempor invidunt ut labore et dolore magna aliquyam erat, sed d
					</description>
				</feature>
				<feature mandatory="true" name="F_59AB49876D89">
					<description>
						Lorem ipsum dolor sit amet, consetetur sadipscing elitr, sed diam nonumy eirmod tempor invidunt ut labore et dolore magna aliquyam erat, sed d
					</description>
				</feature>
				<feature mandatory="true" name="F_FA5E2E6B1898">
					<description>
						Lorem ipsum dolor sit amet, consetetur sadipscing elitr, sed diam nonumy eirmod tempor invidunt ut labore et dolore magna aliquyam erat, sed d
					</description>
				</feature>
				<feature mandatory="true" name="F_508BEA53B886">
					<description>
						Lorem ipsum dolor sit amet, consetetur sadipscing elitr, sed diam nonumy eirmod tempor invidunt ut labore et dolore magna aliquyam erat, sed d
					</description>
				</feature>
				<feature mandatory="true" name="F_CB6203E072F9">
					<description>
						Lorem ipsum dolor sit amet, consetetur sadipscing elitr, sed diam nonumy eirmod tempor invidunt ut labore et dolore magna aliquyam erat, sed d
					</description>
				</feature>
				<feature mandatory="true" name="F_66C3C7E2FC41">
					<description>
						Lorem ipsum dolor sit amet, consetetur sadipscing elitr, sed diam nonumy eirmod tempor invidunt ut labore et dolore magna aliquyam erat, sed d
					</description>
				</feature>
				<feature mandatory="true" name="F_3354AF5516A2">
					<description>
						Lorem ipsum dolor sit amet, consetetur sadipscing elitr, sed diam nonumy eirmod tempor invidunt ut labore et dolore magna aliquyam erat, sed d
					</description>
				</feature>
				<feature mandatory="true" name="F_982FCE09FE79">
					<description>
						Lorem ipsum dolor sit amet, consetetur sadipscing elitr, sed diam nonumy eirmod tempor invidunt ut labore et dolore magna aliquyam erat, sed d
					</description>
				</feature>
				<feature mandatory="true" name="F_4930E72AE782">
					<description>
						Lorem ipsum dolor sit amet, consetetur sadipscing elitr, sed diam nonumy eirmod tempor invidunt ut labore et dolore magna aliquyam erat, sed d
					</description>
				</feature>
				<feature mandatory="true" name="F_D97FB341BD64">
					<description>
						Lorem ipsum dolor sit amet, consetetur sadipscing elitr, sed diam nonumy eirmod tempor invidunt ut labore et dolore magna aliquyam erat, sed d
					</description>
				</feature>
				<feature mandatory="true" name="F_D33D1EF0C6E5">
					<description>
						Lorem ipsum dolor sit amet, consetetur sadipscing elitr, sed diam nonumy eirmod tempor invidunt ut labore et dolore magna aliquyam erat, sed d
					</description>
				</feature>
				<feature mandatory="true" name="F_E052DC5B24F2">
					<description>
						Lorem ipsum dolor sit amet, consetetur sadipscing elitr, sed diam nonumy eirmod tempor invidunt ut labore et dolore magna aliquyam erat, sed d
					</description>
				</feature>
				<feature mandatory="true" name="F_8BDFEE05FF2E">
					<description>
						Lorem ipsum dolor sit amet, consetetur sadipscing elitr, sed diam nonumy eirmod tempor invidunt ut labore et dolore magna aliquyam erat, sed d
					</description>
				</feature>
				<feature mandatory="true" name="F_674E95BA2DF0">
					<description>
						Lorem ipsum dolor sit amet, consetetur sadipscing elitr, sed diam nonumy eirmod tempor invidunt ut labore et dolore magna aliquyam erat, sed d
					</description>
				</feature>
				<feature mandatory="true" name="F_9EDB79697ADD">
					<description>
						Lorem ipsum dolor sit amet, consetetur sadipscing elitr, sed diam nonumy eirmod tempor invidunt ut labore et dolore magna aliquyam erat, sed d
					</description>
				</feature>
				<feature mandatory="true" name="F_22B5F75874C8">
					<description>
						Lorem ipsum dolor sit amet, consetetur sadipscing elitr, sed diam nonumy eirmod tempor invidunt ut labore et dolore magna aliquyam erat, sed d
					</description>
				</feature>
				<feature mandatory="true" name="F_768C8AB14C13">
					<description>
						Lorem ipsum dolor sit amet, consetetur sadipscing elitr, sed diam nonumy eirmod tempor invidunt ut labore et dolore magna aliquyam erat, sed d
					</description>
				</feature>
				<feature mandatory="true" name="F_9778D3FB5B8E">
					<description>
						Lorem ipsum dolor sit amet, consetetur sadipscing elitr, sed diam nonumy eirmod tempor invidunt ut labore et dolore magna aliquyam erat, sed d
					</description>
				</feature>
				<feature mandatory="true" name="F_E2AF43B32C3C">
					<description>
						Lorem ipsum dolor sit amet, consetetur sadipscing elitr, sed diam nonumy eirmod tempor invidunt ut labore et dolore magna aliquyam erat, sed d
					</description>
				</feature>
				<feature mandatory="true" name="F_798417D6027A">
					<description>
						Lorem ipsum dolor sit amet, consetetur sadipscing elitr, sed diam nonumy eirmod tempor invidunt ut labore et dolore magna aliquyam erat, sed d
					</description>
				</feature>
				<feature mandatory="true" name="F_E986E1F3EDB3">
					<description>
						Lorem ipsum dolor sit amet, consetetur sadipscing elitr, sed diam nonumy eirmod tempor invidunt ut labore et dolore magna aliquyam erat, sed d
					</description>
				</feature>
				<feature mandatory="true" name="F_BA9FBEB625D8">
					<description>
						Lorem ipsum dolor sit amet, consetetur sadipscing elitr, sed diam nonumy eirmod tempor invidunt ut labore et dolore magna aliquyam erat, sed d
					</description>
				</feature>
				<feature mandatory="true" name="F_A93AF40A8234">
					<description>
						Lorem ipsum dolor sit amet, consetetur sadipscing elitr, sed diam nonumy eirmod tempor invidunt ut labore et dolore magna aliquyam erat, sed d
					</description>
				</feature>
				<feature mandatory="true" name="F_A24AA5527F66">
					<description>
						Lorem ipsum dolor sit amet, consetetur sadipscing elitr, sed diam nonumy eirmod tempor invidunt ut labore et dolore magna aliquyam erat, sed d
					</description>
				</feature>
				<feature mandatory="true" name="F_8C486A20E44B">
					<description>
						Lorem ipsum dolor sit amet, consetetur sadipscing elitr, sed diam nonumy eirmod tempor invidunt ut labore et dolore magna aliquyam erat, sed d
					</description>
				</feature>
				<feature mandatory="true" name="F_E11A4421066F">
					<description>
						Lorem ipsum dolor sit amet, consetetur sadipscing elitr, sed diam nonumy eirmod tempor invidunt ut labore et dolore magna aliquyam erat, sed d
					</description>
				</feature>
				<feature mandatory="true" name="F_9699B03F3D0C">
					<description>
						Lorem ipsum dolor sit amet, consetetur sadipscing elitr, sed diam nonumy eirmod tempor invidunt ut labore et dolore magna aliquyam erat, sed d
					</description>
				</feature>
				<feature mandatory="true" name="F_D0DB35B234A3">
					<description>
						Lorem ipsum dolor sit amet, consetetur sadipscing elitr, sed diam nonumy eirmod tempor invidunt ut labore et dolore magna aliquyam erat, sed d
					</description>
				</feature>
				<feature mandatory="true" name="F_660BA271134C">
					<description>
						Lorem ipsum dolor sit amet, consetetur sadipscing elitr, sed diam nonumy eirmod tempor invidunt ut labore et dolore magna aliquyam erat, sed d
					</description>
				</feature>
				<feature mandatory="true" name="F_1DB2FA618483">
					<description>
						Lorem ipsum dolor sit amet, consetetur sadipscing elitr, sed diam nonumy eirmod tempor invidunt ut labore et dolore magna aliquyam erat, sed d
					</description>
				</feature>
				<feature mandatory="true" name="F_570B98FC9342">
					<description>
						Lorem ipsum dolor sit amet, consetetur sadipscing elitr, sed diam nonumy eirmod tempor invidunt ut labore et dolore magna aliquyam erat, sed d
					</description>
				</feature>
				<feature mandatory="true" name="F_81AEF88B896B">
					<description>
						Lorem ipsum dolor sit amet, consetetur sadipscing elitr, sed diam nonumy eirmod tempor invidunt ut labore et dolore magna aliquyam erat, sed d
					</description>
				</feature>
				<feature mandatory="true" name="F_243CC1E8B803">
					<description>
						Lorem ipsum dolor sit amet, consetetur sadipscing elitr, sed diam nonumy eirmod tempor invidunt ut labore et dolore magna aliquyam erat, sed d
					</description>
				</feature>
				<feature mandatory="true" name="F_261BF0CE3FC9">
					<description>
						Lorem ipsum dolor sit amet, consetetur sadipscing elitr, sed diam nonumy eirmod tempor invidunt ut labore et dolore magna aliquyam erat, sed d
					</description>
				</feature>
				<feature mandatory="true" name="F_F9F4D237DA77">
					<description>
						Lorem ipsum dolor sit amet, consetetur sadipscing elitr, sed diam nonumy eirmod tempor invidunt ut labore et dolore magna aliquyam erat, sed d
					</description>
				</feature>
				<feature mandatory="true" name="F_A926C2C4823F">
					<description>
						Lorem ipsum dolor sit amet, consetetur sadipscing elitr, sed diam nonumy eirmod tempor invidunt ut labore et dolore magna aliquyam erat, sed d
					</description>
				</feature>
				<feature mandatory="true" name="F_E45F9C4DE7EA">
					<description>
						Lorem ipsum dolor sit amet, consetetur sadipscing elitr, sed diam nonumy eirmod tempor invidunt ut labore et dolore magna aliquyam erat, sed d
					</description>
				</feature>
				<feature mandatory="true" name="F_2CD1884C4611">
					<description>
						Lorem ipsum dolor sit amet, consetetur sadipscing elitr, sed diam nonumy eirmod tempor invidunt ut labore et dolore magna aliquyam erat, sed d
					</description>
				</feature>
				<feature mandatory="true" name="F_116DA72A8B34">
					<description>
						Lorem ipsum dolor sit amet, consetetur sadipscing elitr, sed diam nonumy eirmod tempor invidunt ut labore et dolore magna aliquyam erat, sed d
					</description>
				</feature>
				<feature mandatory="true" name="F_B0FD305833C6">
					<description>
						Lorem ipsum dolor sit amet, consetetur sadipscing elitr, sed diam nonumy eirmod tempor invidunt ut labore et dolore magna aliquyam erat, sed d
					</description>
				</feature>
				<feature mandatory="true" name="F_6933818F1AC5">
					<description>
						Lorem ipsum dolor sit amet, consetetur sadipscing elitr, sed diam nonumy eirmod tempor invidunt ut labore et dolore magna aliquyam erat, sed d
					</description>
				</feature>
				<feature mandatory="true" name="F_2F5648FD5A6D">
					<description>
						Lorem ipsum dolor sit amet, consetetur sadipscing elitr, sed diam nonumy eirmod tempor invidunt ut labore et dolore magna aliquyam erat, sed d
					</description>
				</feature>
				<feature mandatory="true" name="F_6F80B8376EC4">
					<description>
						Lorem ipsum dolor sit amet, consetetur sadipscing elitr, sed diam nonumy eirmod tempor invidunt ut labore et dolore magna aliquyam erat, sed d
					</description>
				</feature>
				<feature mandatory="true" name="F_D8C9B15867E4">
					<description>
						Lorem ipsum dolor sit amet, consetetur sadipscing elitr, sed diam nonumy eirmod tempor invidunt ut labore et dolore magna aliquyam erat, sed d
					</description>
				</feature>
				<feature mandatory="true" name="F_EEDC408F523B">
					<description>
						Lorem ipsum dolor sit amet, consetetur sadipscing elitr, sed diam nonumy eirmod tempor invidunt ut labore et dolore magna aliquyam erat, sed d
					</description>
				</feature>
				<feature mandatory="true" name="F_8DCE1D5B8731">
					<description>
						Lorem ipsum dolor sit amet, consetetur sadipscing elitr, sed diam nonumy eirmod tempor invidunt ut labore et dolore magna aliquyam erat, sed d
					</description>
				</feature>
				<feature mandatory="true" name="F_6EDA9981691A">
					<description>
						Lorem ipsum dolor sit amet, consetetur sadipscing elitr, sed diam nonumy eirmod tempor invidunt ut labore et dolore magna aliquyam erat, sed d
					</description>
				</feature>
				<feature mandatory="true" name="F_53C88DC73335">
					<description>
						Lorem ipsum dolor sit amet, consetetur sadipscing elitr, sed diam nonumy eirmod tempor invidunt ut labore et dolore magna aliquyam erat, sed d
					</description>
				</feature>
				<feature mandatory="true" name="F_7F3F6DA6A1E3">
					<description>
						Lorem ipsum dolor sit amet, consetetur sadipscing elitr, sed diam nonumy eirmod tempor invidunt ut labore et dolore magna aliquyam erat, sed d
					</description>
				</feature>
				<feature mandatory="true" name="F_5742CF205E85">
					<description>
						Lorem ipsum dolor sit amet, consetetur sadipscing elitr, sed diam nonumy eirmod tempor invidunt ut labore et dolore magna aliquyam erat, sed d
					</description>
				</feature>
				<feature mandatory="true" name="F_670D8F55376B">
					<description>
						Lorem ipsum dolor sit amet, consetetur sadipscing elitr, sed diam nonumy eirmod tempor invidunt ut labore et dolore magna aliquyam erat, sed d
					</description>
				</feature>
				<feature mandatory="true" name="F_97ACCFB90910">
					<description>
						Lorem ipsum dolor sit amet, consetetur sadipscing elitr, sed diam nonumy eirmod tempor invidunt ut labore et dolore magna aliquyam erat, sed d
					</description>
				</feature>
				<feature mandatory="true" name="F_E3933C781815">
					<description>
						Lorem ipsum dolor sit amet, consetetur sadipscing elitr, sed diam nonumy eirmod tempor invidunt ut labore et dolore magna aliquyam erat, sed d
					</description>
				</feature>
				<feature mandatory="true" name="F_D22A53833829">
					<description>
						Lorem ipsum dolor sit amet, consetetur sadipscing elitr, sed diam nonumy eirmod tempor invidunt ut labore et dolore magna aliquyam erat, sed d
					</description>
				</feature>
				<feature mandatory="true" name="F_D704B3A92FBC">
					<description>
						Lorem ipsum dolor sit amet, consetetur sadipscing elitr, sed diam nonumy eirmod tempor invidunt ut labore et dolore magna aliquyam erat, sed d
					</description>
				</feature>
				<feature mandatory="true" name="F_32CFE8656CFD">
					<description>
						Lorem ipsum dolor sit amet, consetetur sadipscing elitr, sed diam nonumy eirmod tempor invidunt ut labore et dolore magna aliquyam erat, sed d
					</description>
				</feature>
				<feature mandatory="true" name="F_CCB45338A12D">
					<description>
						Lorem ipsum dolor sit amet, consetetur sadipscing elitr, sed diam nonumy eirmod tempor invidunt ut labore et dolore magna aliquyam erat, sed d
					</description>
				</feature>
				<feature mandatory="true" name="F_9FCD96F35064">
					<description>
						Lorem ipsum dolor sit amet, consetetur sadipscing elitr, sed diam nonumy eirmod tempor invidunt ut labore et dolore magna aliquyam erat, sed d
					</description>
				</feature>
				<feature mandatory="true" name="F_A5DFE1C2C74F">
					<description>
						Lorem ipsum dolor sit amet, consetetur sadipscing elitr, sed diam nonumy eirmod tempor invidunt ut labore et dolore magna aliquyam erat, sed d
					</description>
				</feature>
				<feature mandatory="true" name="F_F27BE55063BF">
					<description>
						Lorem ipsum dolor sit amet, consetetur sadipscing elitr, sed diam nonumy eirmod tempor invidunt ut labore et dolore magna aliquyam erat, sed d
					</description>
				</feature>
				<feature mandatory="true" name="F_3261D6CC0149">
					<description>
						Lorem ipsum dolor sit amet, consetetur sadipscing elitr, sed diam nonumy eirmod tempor invidunt ut labore et dolore magna aliquyam erat, sed d
					</description>
				</feature>
				<feature mandatory="true" name="F_377508329EAC">
					<description>
						Lorem ipsum dolor sit amet, consetetur sadipscing elitr, sed diam nonumy eirmod tempor invidunt ut labore et dolore magna aliquyam erat, sed d
					</description>
				</feature>
				<feature mandatory="true" name="F_BE6879AFC3D2">
					<description>
						Lorem ipsum dolor sit amet, consetetur sadipscing elitr, sed diam nonumy eirmod tempor invidunt ut labore et dolore magna aliquyam erat, sed d
					</description>
				</feature>
				<feature mandatory="true" name="F_D3352A774080">
					<description>
						Lorem ipsum dolor sit amet, consetetur sadipscing elitr, sed diam nonumy eirmod tempor invidunt ut labore et dolore magna aliquyam erat, sed d
					</description>
				</feature>
				<feature mandatory="true" name="F_71E4AB5FA162">
					<description>
						Lorem ipsum dolor sit amet, consetetur sadipscing elitr, sed diam nonumy eirmod tempor invidunt ut labore et dolore magna aliquyam erat, sed d
					</description>
				</feature>
				<feature mandatory="true" name="F_5178114FA188">
					<description>
						Lorem ipsum dolor sit amet, consetetur sadipscing elitr, sed diam nonumy eirmod tempor invidunt ut labore et dolore magna aliquyam erat, sed d
					</description>
				</feature>
				<feature mandatory="true" name="F_28A02EC75A80">
					<description>
						Lorem ipsum dolor sit amet, consetetur sadipscing elitr, sed diam nonumy eirmod tempor invidunt ut labore et dolore magna aliquyam erat, sed d
					</description>
				</feature>
				<feature mandatory="true" name="F_C831E46F5539">
					<description>
						Lorem ipsum dolor sit amet, consetetur sadipscing elitr, sed diam nonumy eirmod tempor invidunt ut labore et dolore magna aliquyam erat, sed d
					</description>
				</feature>
				<feature mandatory="true" name="F_461823217E4A">
					<description>
						Lorem ipsum dolor sit amet, consetetur sadipscing elitr, sed diam nonumy eirmod tempor invidunt ut labore et dolore magna aliquyam erat, sed d
					</description>
				</feature>
				<feature mandatory="true" name="F_568ECEC378AC">
					<description>
						Lorem ipsum dolor sit amet, consetetur sadipscing elitr, sed diam nonumy eirmod tempor invidunt ut labore et dolore magna aliquyam erat, sed d
					</description>
				</feature>
				<feature mandatory="true" name="F_46AA786B0A4A">
					<description>
						Lorem ipsum dolor sit amet, consetetur sadipscing elitr, sed diam nonumy eirmod tempor invidunt ut labore et dolore magna aliquyam erat, sed d
					</description>
				</feature>
				<feature mandatory="true" name="F_C1BD7F966452">
					<description>
						Lorem ipsum dolor sit amet, consetetur sadipscing elitr, sed diam nonumy eirmod tempor invidunt ut labore et dolore magna aliquyam erat, sed d
					</description>
				</feature>
				<feature mandatory="true" name="F_9E8672C07B12">
					<description>
						Lorem ipsum dolor sit amet, consetetur sadipscing elitr, sed diam nonumy eirmod tempor invidunt ut labore et dolore magna aliquyam erat, sed d
					</description>
				</feature>
				<feature mandatory="true" name="F_4F5913DEFEA2">
					<description>
						Lorem ipsum dolor sit amet, consetetur sadipscing elitr, sed diam nonumy eirmod tempor invidunt ut labore et dolore magna aliquyam erat, sed d
					</description>
				</feature>
				<feature mandatory="true" name="F_29CE05B1CC2A">
					<description>
						Lorem ipsum dolor sit amet, consetetur sadipscing elitr, sed diam nonumy eirmod tempor invidunt ut labore et dolore magna aliquyam erat, sed d
					</description>
				</feature>
				<feature mandatory="true" name="F_6EB8E2A3E883">
					<description>
						Lorem ipsum dolor sit amet, consetetur sadipscing elitr, sed diam nonumy eirmod tempor invidunt ut labore et dolore magna aliquyam erat, sed d
					</description>
				</feature>
				<feature mandatory="true" name="F_48D4E8D8986E">
					<description>
						Lorem ipsum dolor sit amet, consetetur sadipscing elitr, sed diam nonumy eirmod tempor invidunt ut labore et dolore magna aliquyam erat, sed d
					</description>
				</feature>
				<feature mandatory="true" name="F_BE5C8E991FB2">
					<description>
						Lorem ipsum dolor sit amet, consetetur sadipscing elitr, sed diam nonumy eirmod tempor invidunt ut labore et dolore magna aliquyam erat, sed d
					</description>
				</feature>
				<feature mandatory="true" name="F_C6B035DB710C">
					<description>
						Lorem ipsum dolor sit amet, consetetur sadipscing elitr, sed diam nonumy eirmod tempor invidunt ut labore et dolore magna aliquyam erat, sed d
					</description>
				</feature>
				<feature mandatory="true" name="F_2679270F4796">
					<description>
						Lorem ipsum dolor sit amet, consetetur sadipscing elitr, sed diam nonumy eirmod tempor invidunt ut labore et dolore magna aliquyam erat, sed d
					</description>
				</feature>
				<feature mandatory="true" name="F_FA0D8506ACBC">
					<description>
						Lorem ipsum dolor sit amet, consetetur sadipscing elitr, sed diam nonumy eirmod tempor invidunt ut labore et dolore magna aliquyam erat, sed d
					</description>
				</feature>
				<feature mandatory="true" name="F_F63B1DDC6FA1">
					<description>
						Lorem ipsum dolor sit amet, consetetur sadipscing elitr, sed diam nonumy eirmod tempor invidunt ut labore et dolore magna aliquyam erat, sed d
					</description>
				</feature>
				<feature mandatory="true" name="F_CFFB39AD784E">
					<description>
						Lorem ipsum dolor sit amet, consetetur sadipscing elitr, sed diam nonumy eirmod tempor invidunt ut labore et dolore magna aliquyam erat, sed d
					</description>
				</feature>
				<feature mandatory="true" name="F_E802B87119E8">
					<description>
						Lorem ipsum dolor sit amet, consetetur sadipscing elitr, sed diam nonumy eirmod tempor invidunt ut labore et dolore magna aliquyam erat, sed d
					</description>
				</feature>
				<feature mandatory="true" name="F_81FD82AB6455">
					<description>
						Lorem ipsum dolor sit amet, consetetur sadipscing elitr, sed diam nonumy eirmod tempor invidunt ut labore et dolore magna aliquyam erat, sed d
					</description>
				</feature>
				<feature mandatory="true" name="F_8FC39B4D8BE6">
					<description>
						Lorem ipsum dolor sit amet, consetetur sadipscing elitr, sed diam nonumy eirmod tempor invidunt ut labore et dolore magna aliquyam erat, sed d
					</description>
				</feature>
				<feature mandatory="true" name="F_0D0264BA10CB">
					<description>
						Lorem ipsum dolor sit amet, consetetur sadipscing elitr, sed diam nonumy eirmod tempor invidunt ut labore et dolore magna aliquyam erat, sed d
					</description>
				</feature>
				<feature mandatory="true" name="F_B8CFB38AEB8B">
					<description>
						Lorem ipsum dolor sit amet, consetetur sadipscing elitr, sed diam nonumy eirmod tempor invidunt ut labore et dolore magna aliquyam erat, sed d
					</description>
				</feature>
				<feature mandatory="true" name="F_FB76F1E288EC">
					<description>
						Lorem ipsum dolor sit amet, consetetur sadipscing elitr, sed diam nonumy eirmod tempor invidunt ut labore et dolore magna aliquyam erat, sed d
					</description>
				</feature>
				<feature mandatory="true" name="F_867B8DB6E8C5">
					<description>
						Lorem ipsum dolor sit amet, consetetur sadipscing elitr, sed diam nonumy eirmod tempor invidunt ut labore et dolore magna aliquyam erat, sed d
					</description>
				</feature>
				<feature mandatory="true" name="F_5E2AC3FC1F2D">
					<description>
						Lorem ipsum dolor sit amet, consetetur sadipscing elitr, sed diam nonumy eirmod tempor invidunt ut labore et dolore magna aliquyam erat, sed d
					</description>
				</feature>
				<feature mandatory="true" name="F_83895CB84FC9">
					<description>
						Lorem ipsum dolor sit amet, consetetur sadipscing elitr, sed diam nonumy eirmod tempor invidunt ut labore et dolore magna aliquyam erat, sed d
					</description>
				</feature>
				<feature mandatory="true" name="F_079C93A62B56">
					<description>
						Lorem ipsum dolor sit amet, consetetur sadipscing elitr, sed diam nonumy eirmod tempor invidunt ut labore et dolore magna aliquyam erat, sed d
					</description>
				</feature>
				<feature mandatory="true" name="F_1FEA450E515E">
					<description>
						Lorem ipsum dolor sit amet, consetetur sadipscing elitr, sed diam nonumy eirmod tempor invidunt ut labore et dolore magna aliquyam erat, sed d
					</description>
				</feature>
				<feature mandatory="true" name="F_5E34D10D988B">
					<description>
						Lorem ipsum dolor sit amet, consetetur sadipscing elitr, sed diam nonumy eirmod tempor invidunt ut labore et dolore magna aliquyam erat, sed d
					</description>
				</feature>
				<feature mandatory="true" name="F_F839F816FF33">
					<description>
						Lorem ipsum dolor sit amet, consetetur sadipscing elitr, sed diam nonumy eirmod tempor invidunt ut labore et dolore magna aliquyam erat, sed d
					</description>
				</feature>
				<feature mandatory="true" name="F_8A223E71378C">
					<description>
						Lorem ipsum dolor sit amet, consetetur sadipscing elitr, sed diam nonumy eirmod tempor invidunt ut labore et dolore magna aliquyam erat, sed d
					</description>
				</feature>
				<feature mandatory="true" name="F_8556654C11FD">
					<description>
						Lorem ipsum dolor sit amet, consetetur sadipscing elitr, sed diam nonumy eirmod tempor invidunt ut labore et dolore magna aliquyam erat, sed d
					</description>
				</feature>
				<feature mandatory="true" name="F_7F928B3C7A35">
					<description>
						Lorem ipsum dolor sit amet, consetetur sadipscing elitr, sed diam nonumy eirmod tempor invidunt ut labore et dolore magna aliquyam erat, sed d
					</description>
				</feature>
				<feature mandatory="true" name="F_BC30675D0845">
					<description>
						Lorem ipsum dolor sit amet, consetetur sadipscing elitr, sed diam nonumy eirmod tempor invidunt ut labore et dolore magna aliquyam erat, sed d
					</description>
				</feature>
				<feature mandatory="true" name="F_77305838B37C">
					<description>
						Lorem ipsum dolor sit amet, consetetur sadipscing elitr, sed diam nonumy eirmod tempor invidunt ut labore et dolore magna aliquyam erat, sed d
					</description>
				</feature>
				<feature mandatory="true" name="F_155C7FE8AB53">
					<description>
						Lorem ipsum dolor sit amet, consetetur sadipscing elitr, sed diam nonumy eirmod tempor invidunt ut labore et dolore magna aliquyam erat, sed d
					</description>
				</feature>
				<feature mandatory="true" name="F_624A0836828F">
					<description>
						Lorem ipsum dolor sit amet, consetetur sadipscing elitr, sed diam nonumy eirmod tempor invidunt ut labore et dolore magna aliquyam erat, sed d
					</description>
				</feature>
				<feature mandatory="true" name="F_F0A4804EE2D1">
					<description>
						Lorem ipsum dolor sit amet, consetetur sadipscing elitr, sed diam nonumy eirmod tempor invidunt ut labore et dolore magna aliquyam erat, sed d
					</description>
				</feature>
				<feature mandatory="true" name="F_9F5AF5A987B3">
					<description>
						Lorem ipsum dolor sit amet, consetetur sadipscing elitr, sed diam nonumy eirmod tempor invidunt ut labore et dolore magna aliquyam erat, sed d
					</description>
				</feature>
				<feature mandatory="true" name="F_D6FA4F343C06">
					<description>
						Lorem ipsum dolor sit amet, consetetur sadipscing elitr, sed diam nonumy eirmod tempor invidunt ut labore et dolore magna aliquyam erat, sed d
					</description>
				</feature>
				<feature mandatory="true" name="F_5848594E9E20">
					<description>
						Lorem ipsum dolor sit amet, consetetur sadipscing elitr, sed diam nonumy eirmod tempor invidunt ut labore et dolore magna aliquyam erat, sed d
					</description>
				</feature>
				<feature mandatory="true" name="F_A526BC95FD5E">
					<description>
						Lorem ipsum dolor sit amet, consetetur sadipscing elitr, sed diam nonumy eirmod tempor invidunt ut labore et dolore magna aliquyam erat, sed d
					</description>
				</feature>
				<feature mandatory="true" name="F_C857EAD871AD">
					<description>
						Lorem ipsum dolor sit amet, consetetur sadipscing elitr, sed diam nonumy eirmod tempor invidunt ut labore et dolore magna aliquyam erat, sed d
					</description>
				</feature>
				<feature mandatory="true" name="F_7982E9075582">
					<description>
						Lorem ipsum dolor sit amet, consetetur sadipscing elitr, sed diam nonumy eirmod tempor invidunt ut labore et dolore magna aliquyam erat, sed d
					</description>
				</feature>
				<feature mandatory="true" name="F_894F692534D3">
					<description>
						Lorem ipsum dolor sit amet, consetetur sadipscing elitr, sed diam nonumy eirmod tempor invidunt ut labore et dolore magna aliquyam erat, sed d
					</description>
				</feature>
				<feature mandatory="true" name="F_5D74BCAADC79">
					<description>
						Lorem ipsum dolor sit amet, consetetur sadipscing elitr, sed diam nonumy eirmod tempor invidunt ut labore et dolore magna aliquyam erat, sed d
					</description>
				</feature>
				<feature mandatory="true" name="F_EFB5141E4781">
					<description>
						Lorem ipsum dolor sit amet, consetetur sadipscing elitr, sed diam nonumy eirmod tempor invidunt ut labore et dolore magna aliquyam erat, sed d
					</description>
				</feature>
				<feature mandatory="true" name="F_0E9F6942AF6D">
					<description>
						Lorem ipsum dolor sit amet, consetetur sadipscing elitr, sed diam nonumy eirmod tempor invidunt ut labore et dolore magna aliquyam erat, sed d
					</description>
				</feature>
				<feature mandatory="true" name="F_B9D76C9677AF">
					<description>
						Lorem ipsum dolor sit amet, consetetur sadipscing elitr, sed diam nonumy eirmod tempor invidunt ut labore et dolore magna aliquyam erat, sed d
					</description>
				</feature>
				<feature mandatory="true" name="F_A86E34BBC63A">
					<description>
						Lorem ipsum dolor sit amet, consetetur sadipscing elitr, sed diam nonumy eirmod tempor invidunt ut labore et dolore magna aliquyam erat, sed d
					</description>
				</feature>
				<feature mandatory="true" name="F_2D15C3403AFB">
					<description>
						Lorem ipsum dolor sit amet, consetetur sadipscing elitr, sed diam nonumy eirmod tempor invidunt ut labore et dolore magna aliquyam erat, sed d
					</description>
				</feature>
				<feature mandatory="true" name="F_E651D9F8EF68">
					<description>
						Lorem ipsum dolor sit amet, consetetur sadipscing elitr, sed diam nonumy eirmod tempor invidunt ut labore et dolore magna aliquyam erat, sed d
					</description>
				</feature>
				<feature mandatory="true" name="F_6F0F4792BA10">
					<description>
						Lorem ipsum dolor sit amet, consetetur sadipscing elitr, sed diam nonumy eirmod tempor invidunt ut labore et dolore magna aliquyam erat, sed d
					</description>
				</feature>
				<feature mandatory="true" name="F_5CEA0409C20F">
					<description>
						Lorem ipsum dolor sit amet, consetetur sadipscing elitr, sed diam nonumy eirmod tempor invidunt ut labore et dolore magna aliquyam erat, sed d
					</description>
				</feature>
				<feature mandatory="true" name="F_DB271295D925">
					<description>
						Lorem ipsum dolor sit amet, consetetur sadipscing elitr, sed diam nonumy eirmod tempor invidunt ut labore et dolore magna aliquyam erat, sed d
					</description>
				</feature>
				<feature mandatory="true" name="F_06CC1E0F38F0">
					<description>
						Lorem ipsum dolor sit amet, consetetur sadipscing elitr, sed diam nonumy eirmod tempor invidunt ut labore et dolore magna aliquyam erat, sed d
					</description>
				</feature>
				<feature mandatory="true" name="F_DAAC3AA1D62D">
					<description>
						Lorem ipsum dolor sit amet, consetetur sadipscing elitr, sed diam nonumy eirmod tempor invidunt ut labore et dolore magna aliquyam erat, sed d
					</description>
				</feature>
				<feature mandatory="true" name="F_94BA36754551">
					<description>
						Lorem ipsum dolor sit amet, consetetur sadipscing elitr, sed diam nonumy eirmod tempor invidunt ut labore et dolore magna aliquyam erat, sed d
					</description>
				</feature>
				<feature mandatory="true" name="F_179F388B6A57">
					<description>
						Lorem ipsum dolor sit amet, consetetur sadipscing elitr, sed diam nonumy eirmod tempor invidunt ut labore et dolore magna aliquyam erat, sed d
					</description>
				</feature>
				<feature mandatory="true" name="F_B216736874F9">
					<description>
						Lorem ipsum dolor sit amet, consetetur sadipscing elitr, sed diam nonumy eirmod tempor invidunt ut labore et dolore magna aliquyam erat, sed d
					</description>
				</feature>
				<feature mandatory="true" name="F_767CC085A620">
					<description>
						Lorem ipsum dolor sit amet, consetetur sadipscing elitr, sed diam nonumy eirmod tempor invidunt ut labore et dolore magna aliquyam erat, sed d
					</description>
				</feature>
				<feature mandatory="true" name="F_A91005209482">
					<description>
						Lorem ipsum dolor sit amet, consetetur sadipscing elitr, sed diam nonumy eirmod tempor invidunt ut labore et dolore magna aliquyam erat, sed d
					</description>
				</feature>
				<feature mandatory="true" name="F_41CA3FF58F53">
					<description>
						Lorem ipsum dolor sit amet, consetetur sadipscing elitr, sed diam nonumy eirmod tempor invidunt ut labore et dolore magna aliquyam erat, sed d
					</description>
				</feature>
				<feature mandatory="true" name="F_C1F29017B25D">
					<description>
						Lorem ipsum dolor sit amet, consetetur sadipscing elitr, sed diam nonumy eirmod tempor invidunt ut labore et dolore magna aliquyam erat, sed
					</description>
				</feature>
				<or mandatory="true" name="F_5427E3E3C417">
					<description>
						Lorem ipsum dolor sit amet, consetetur sadipscing elitr, sed diam nonumy eirmod tempor invidunt ut labore et dolore magna aliquyam erat, sed diam voluptua. At vero eos et accusam et justo duo dolores et ea rebum. Stet clita kasd gubergren, no sea takimata sanctus est Lorem ipsum dolor sit amet. Lorem ipsum dolor sit amet, consetetur sadipscing elitr, sed diam nonumy eirmod tempor invidunt ut labore et dolore magna aliquyam erat, sed diam voluptua. At vero eos et accusam et justo duo dolores et ea rebum. Stet clita kasd gubergren, no
					</description>
					<feature mandatory="true" name="F_3BE50FFBB02E">
						<description>
							Lorem ipsum dolor sit amet, consetetur sadipscing
						</description>
					</feature>
					<feature mandatory="true" name="F_6FDD24F0F7D6">
						<description>
							Lorem ipsum dolor sit amet, consetetur sadipscing
						</description>
					</feature>
					<feature mandatory="true" name="F_FED53C3E3831">
						<description>
							Lorem ipsum dolor sit amet, consetetur sadipscing
						</description>
					</feature>
					<feature mandatory="true" name="F_5EB90C46DEF0">
						<description>
							Lorem ipsum dolor sit amet, consetetur sadipscing
						</description>
					</feature>
					<feature mandatory="true" name="F_1DE432C7ABB0">
						<description>
							Lorem ipsum dolor sit amet, consetetur sadipsc
						</description>
					</feature>
				</or>
				<alt mandatory="true" name="F_A1BD487648BB">
					<description>
						Lorem ipsum dolor sit amet, consetetur sadipscing elitr, sed diam nonumy eirmod tempor invidunt ut labore et dolore magna aliquyam erat, sed diam voluptua. At vero eos et accusam et justo duo dolores et ea rebum. Stet clita kasd gubergren, no sea takimata sanctus est Lorem ipsum dolor sit amet. Lorem ipsum dolor sit amet,
					</description>
					<feature mandatory="true" name="F_1C31CB82F523">
						<description>
							
						</description>
					</feature>
					<feature mandatory="true" name="F_F4036A5F93CA">
						<description>
							
						</description>
					</feature>
				</alt>
				<alt mandatory="true" name="F_A86A6FE51CFF">
					<description>
						Lorem ipsum dolor sit amet, consetetur sadipscing elitr, sed diam nonumy eirmod tempor invidunt ut labore et dolore magna aliquyam erat, sed diam voluptua. At vero eos et accusam et justo duo dolores et ea rebum. Stet clita kasd gubergren, no sea takimata sanctus est Lorem ipsum dolor sit amet. Lorem ipsum dolor sit amet, consetetur sadipscing elitr, sed diam nonumy eirm
					</description>
					<feature mandatory="true" name="F_234CB23F23C8">
						<description>
							
						</description>
					</feature>
					<feature mandatory="true" name="F_6AA0E14FE701">
						<description>
							Lorem ipsum dolor sit amet, co
						</description>
					</feature>
					<feature mandatory="true" name="F_D8F02B310F44">
						<description>
							Lorem ipsum dolor sit amet, co
						</description>
					</feature>
					<feature mandatory="true" name="F_49A970DC45FC">
						<description>
							Lorem ipsum
						</description>
					</feature>
					<feature mandatory="true" name="F_A175689B036E">
						<description>
							Lorem ipsum
						</description>
					</feature>
					<feature mandatory="true" name="F_22D5523CA9FA">
						<description>
							Lorem ipsum dolor sit amet, co
						</description>
					</feature>
				</alt>
				<alt mandatory="true" name="F_1D1E45F1D4D7">
					<description>
						Lorem ipsum dolor sit amet, consetetur sadipscing elitr, sed diam nonumy eirmod tempor invidunt ut labore et dolore magna aliquyam erat, sed diam voluptua. At vero eos et accusam et j
					</description>
					<feature mandatory="true" name="F_3D0176E5AB1C">
						<description>
							
						</description>
					</feature>
					<feature mandatory="true" name="F_774E3E1856C5">
						<description>
							
						</description>
					</feature>
				</alt>
				<alt mandatory="true" name="F_0F69220FC089">
					<description>
						Lorem ipsum dolor sit amet, consetetur sadipscing elitr, sed diam nonumy eirmod tempor invidunt ut labore et dolore magna aliquyam erat, sed diam voluptua. At vero eos et accusam e
					</description>
					<feature mandatory="true" name="F_20B7CFB5D489">
						<description>
							
						</description>
					</feature>
					<feature mandatory="true" name="F_D6FFA25BE04B">
						<description>
							
						</description>
					</feature>
				</alt>
				<alt mandatory="true" name="F_85491CB3F691">
					<description>
						Lorem ipsum dolor sit amet, consetetur sadipscing elitr, sed diam nonumy eirmod tempor invidunt ut labore et dolore magna aliquyam erat, sed diam voluptua. At vero eos et accusam et justo duo dolores et
					</description>
					<feature mandatory="true" name="F_D036F45A60BF">
						<description>
							
						</description>
					</feature>
					<feature mandatory="true" name="F_1E977EF40501">
						<description>
							Lorem ipsum
						</description>
					</feature>
					<feature mandatory="true" name="F_BE186C316E05">
						<description>
							Lorem ipsum
						</description>
					</feature>
					<feature mandatory="true" name="F_0BDF68413EB9">
						<description>
							Lorem ipsum dolor sit amet, co
						</description>
					</feature>
					<feature mandatory="true" name="F_942BC04984C3">
						<description>
							Lorem ipsum dolor sit amet, co
						</description>
					</feature>
					<feature mandatory="true" name="F_1F6C14170499">
						<description>
							Lorem ipsum dolor sit amet, conset
						</description>
					</feature>
					<feature mandatory="true" name="F_5C5DC0485E94">
						<description>
							Lorem ipsum
						</description>
					</feature>
				</alt>
			</and>
		</struct>
		<constraints/>
		<calculations Auto="true" Constraints="true" Features="true" Redundant="true" Tautology="true"/>
		<comments>
			<c/>
		</comments>
		<featureOrder userDefined="false"/>
	</featureModel>
