<?xml version="1.0" encoding="UTF-8" standalone="no"?>
	<featureModel>
		<properties/>
		<struct>
			<and mandatory="true" name="F_B8FB9DC8EC3B">
				<description>
					
				</description>
				<and name="F_739C654FB367">
					<description>
						Lorem ipsum dolor sit amet, consetetur sadip
					</description>
					<alt mandatory="true" name="I_3017018665__F_E7824D7139A7">
						<description>
							Lorem ipsum dolor sit amet, consetetur sadipscing elitr,
						</description>
						<feature mandatory="true" name="I_3017018665__F_366786C8F18F">
							<description>
								
							</description>
						</feature>
						<feature mandatory="true" name="I_3017018665__F_814EE2EE3789">
							<description>
								Lorem ipsum dolor sit a
							</description>
						</feature>
						<feature mandatory="true" name="I_3017018665__F_673F683BFAB2">
							<description>
								Lorem ipsum dolor sit a
							</description>
						</feature>
						<feature mandatory="true" name="I_3017018665__F_4CD52C09FA47">
							<description>
								Lorem ipsum dolor sit a
							</description>
						</feature>
						<feature mandatory="true" name="I_3017018665__F_EB70596895C8">
							<description>
								Lorem ipsum dolor sit a
							</description>
						</feature>
					</alt>
				</and>
				<and name="F_D27EB5AA7132">
					<description>
						Lorem ipsum dolor sit amet,
					</description>
					<alt mandatory="true" name="I_4052387336__F_4C442BE5F0AA">
						<description>
							Lorem ipsum dolor sit amet, consetetur sadipscing elitr,
						</description>
						<feature mandatory="true" name="I_4052387336__F_5C20AE9141B2">
							<description>
								
							</description>
						</feature>
						<feature mandatory="true" name="I_4052387336__F_2D48CC3215AA">
							<description>
								Lorem ipsum dolor sit a
							</description>
						</feature>
						<feature mandatory="true" name="I_4052387336__F_8FFBF3380CD3">
							<description>
								Lorem ipsum dolor sit a
							</description>
						</feature>
						<feature mandatory="true" name="I_4052387336__F_997B1546F57B">
							<description>
								Lorem ipsum dolor sit a
							</description>
						</feature>
						<feature mandatory="true" name="I_4052387336__F_7669C96188E0">
							<description>
								Lorem ipsum dolor sit a
							</description>
						</feature>
					</alt>
					<alt mandatory="true" name="I_2381030355__F_F05D86D2555B">
						<description>
							Lorem ipsum dolor sit amet, consetetur sadipscing elitr,
						</description>
						<feature mandatory="true" name="I_2381030355__F_CEB2434F791B">
							<description>
								
							</description>
						</feature>
						<feature mandatory="true" name="I_2381030355__F_1091E6431522">
							<description>
								Lorem ipsum dolor sit a
							</description>
						</feature>
						<feature mandatory="true" name="I_2381030355__F_33E22AC7D1AD">
							<description>
								Lorem ipsum dolor sit a
							</description>
						</feature>
						<feature mandatory="true" name="I_2381030355__F_A2E46B76DBAF">
							<description>
								Lorem ipsum dolor sit a
							</description>
						</feature>
						<feature mandatory="true" name="I_2381030355__F_9CE3ED1FA502">
							<description>
								Lorem ipsum dolor sit a
							</description>
						</feature>
					</alt>
					<feature name="F_0D1DC0AF6F3C">
						<description>
							Lorem ipsum dolor sit amet, consetetur sadipscing e
						</description>
					</feature>
					<alt mandatory="true" name="I_3099482565__F_6E6773201436">
						<description>
							
						</description>
						<feature mandatory="true" name="I_3099482565__F_A8086331809F">
							<description>
								
							</description>
						</feature>
						<feature mandatory="true" name="I_3099482565__F_1F3034444FD8">
							<description>
								
							</description>
						</feature>
						<feature mandatory="true" name="I_3099482565__F_725166CB5869">
							<description>
								
							</description>
						</feature>
					</alt>
					<alt mandatory="true" name="I_565643391__F_32DE8AA9390D">
						<description>
							
						</description>
						<feature mandatory="true" name="I_565643391__F_E98A18E1E4A1">
							<description>
								
							</description>
						</feature>
						<feature mandatory="true" name="I_565643391__F_9977385B5A84">
							<description>
								
							</description>
						</feature>
						<feature mandatory="true" name="I_565643391__F_666E4441DE3F">
							<description>
								
							</description>
						</feature>
					</alt>
					<alt mandatory="true" name="I_1454389481__F_DC75AA634754">
						<description>
							
						</description>
						<feature mandatory="true" name="I_1454389481__F_E614F2AF8213">
							<description>
								
							</description>
						</feature>
						<feature mandatory="true" name="I_1454389481__F_165DE9DF2284">
							<description>
								
							</description>
						</feature>
						<feature mandatory="true" name="I_1454389481__F_4DEE0051CA1A">
							<description>
								
							</description>
						</feature>
					</alt>
				</and>
				<and name="F_1CEAF2160335">
					<description>
						Lorem ipsum dolor sit
					</description>
					<alt mandatory="true" name="I_2130468174__F_BCFEAD7B3B5C">
						<description>
							Lorem ipsum dolor sit amet, consetetur sadipscing elitr,
						</description>
						<feature mandatory="true" name="I_2130468174__F_F365DD724D98">
							<description>
								
							</description>
						</feature>
						<feature mandatory="true" name="I_2130468174__F_72C49E3737F2">
							<description>
								Lorem ipsum dolor sit a
							</description>
						</feature>
						<feature mandatory="true" name="I_2130468174__F_2F9A3A175B3D">
							<description>
								Lorem ipsum dolor sit a
							</description>
						</feature>
						<feature mandatory="true" name="I_2130468174__F_7FE1670E7490">
							<description>
								Lorem ipsum dolor sit a
							</description>
						</feature>
						<feature mandatory="true" name="I_2130468174__F_2DA0EAF51903">
							<description>
								Lorem ipsum dolor sit a
							</description>
						</feature>
					</alt>
					<alt mandatory="true" name="I_43874453__F_1A6D4374932C">
						<description>
							Lorem ipsum dolor sit amet, consetetur sadipscing elitr,
						</description>
						<feature mandatory="true" name="I_43874453__F_D089024EC2BC">
							<description>
								
							</description>
						</feature>
						<feature mandatory="true" name="I_43874453__F_439B5450DEF0">
							<description>
								Lorem ipsum dolor sit a
							</description>
						</feature>
						<feature mandatory="true" name="I_43874453__F_E6642BC05404">
							<description>
								Lorem ipsum dolor sit a
							</description>
						</feature>
						<feature mandatory="true" name="I_43874453__F_1725EA189CBB">
							<description>
								Lorem ipsum dolor sit a
							</description>
						</feature>
						<feature mandatory="true" name="I_43874453__F_2DF582516125">
							<description>
								Lorem ipsum dolor sit a
							</description>
						</feature>
					</alt>
					<alt mandatory="true" name="I_1730478528__F_276916638B95">
						<description>
							
						</description>
						<feature mandatory="true" name="I_1730478528__F_89BF66EE5A44">
							<description>
								
							</description>
						</feature>
						<feature mandatory="true" name="I_1730478528__F_D4190ABFCF2E">
							<description>
								
							</description>
						</feature>
						<feature mandatory="true" name="I_1730478528__F_CCF860187B64">
							<description>
								
							</description>
						</feature>
					</alt>
					<alt mandatory="true" name="I_4264317050__F_791C4DE7CF24">
						<description>
							
						</description>
						<feature mandatory="true" name="I_4264317050__F_092F19CFEECA">
							<description>
								
							</description>
						</feature>
						<feature mandatory="true" name="I_4264317050__F_0BFDDF56E605">
							<description>
								
							</description>
						</feature>
						<feature mandatory="true" name="I_4264317050__F_D6C80DD327C7">
							<description>
								
							</description>
						</feature>
					</alt>
					<alt mandatory="true" name="I_2301321452__F_230660E60343">
						<description>
							
						</description>
						<feature mandatory="true" name="I_2301321452__F_EAD9C7B6AC28">
							<description>
								
							</description>
						</feature>
						<feature mandatory="true" name="I_2301321452__F_531D921C1426">
							<description>
								
							</description>
						</feature>
						<feature mandatory="true" name="I_2301321452__F_0EB084F61C77">
							<description>
								
							</description>
						</feature>
					</alt>
				</and>
				<and name="F_D8423B395B8D">
					<description>
						Lorem ipsum dolor sit
					</description>
					<alt mandatory="true" name="F_D429D758DA24">
						<description>
							Lorem ipsum dolor sit amet, consetetur sadipscing elitr, sed diam nonumy eirmod tempor invidunt ut labore et dolore magna aliquyam erat, sed diam voluptua. At vero eos et accusam et justo duo dolores et ea rebum. Stet clita ka
						</description>
						<feature mandatory="true" name="F_31A3FFE6CBFF">
							<description>
								Lorem ipsum dolor sit amet, consetetur sadipscing elitr, sed di
							</description>
						</feature>
						<feature mandatory="true" name="F_D62D8035088D">
							<description>
								Lorem ipsum dolor sit amet, consetetur sadipscing elitr, sed diam
							</description>
						</feature>
					</alt>
					<alt mandatory="true" name="I_2376406869__F_F85CC459A165">
						<description>
							
						</description>
						<feature mandatory="true" name="I_2376406869__F_B63EDEC5D2D5">
							<description>
								
							</description>
						</feature>
						<feature mandatory="true" name="I_2376406869__F_84E6C2D2E759">
							<description>
								
							</description>
						</feature>
						<feature mandatory="true" name="I_2376406869__F_6DF044C79C4B">
							<description>
								
							</description>
						</feature>
					</alt>
					<alt mandatory="true" name="I_346834671__F_B02EE2BD39A0">
						<description>
							
						</description>
						<feature mandatory="true" name="I_346834671__F_BB14592C55CC">
							<description>
								
							</description>
						</feature>
						<feature mandatory="true" name="I_346834671__F_0C3C385089B2">
							<description>
								
							</description>
						</feature>
						<feature mandatory="true" name="I_346834671__F_56BD8A50A9F9">
							<description>
								
							</description>
						</feature>
					</alt>
					<alt mandatory="true" name="I_1672181369__F_8B5BB657F4AA">
						<description>
							
						</description>
						<feature mandatory="true" name="I_1672181369__F_1103CA36F426">
							<description>
								
							</description>
						</feature>
						<feature mandatory="true" name="I_1672181369__F_52565E9DDF61">
							<description>
								
							</description>
						</feature>
						<feature mandatory="true" name="I_1672181369__F_C14FFFED45CD">
							<description>
								
							</description>
						</feature>
					</alt>
				</and>
				<and name="F_F03A6DB09A0D">
					<description>
						
					</description>
					<alt mandatory="true" name="F_C352B113F1C1">
						<description>
							Lorem ipsum dolor sit amet, consetetur sadipscing elitr, sed diam nonumy eirmod tempor invidunt ut labore et dolore magna aliquyam erat, sed diam voluptua. At vero eos et accusam et justo duo dolores et ea rebum. Stet clita kasd gubergren, no sea takimata sanctus est Lorem ipsum dolor sit amet. Lorem ipsum dolor sit amet, consetetur sadipscing
						</description>
						<feature mandatory="true" name="F_2E546A43A7DD">
							<description>
								
							</description>
						</feature>
						<feature mandatory="true" name="F_D914BF46E788">
							<description>
								
							</description>
						</feature>
					</alt>
					<alt mandatory="true" name="I_186947531__F_A46A7D51A622">
						<description>
							
						</description>
						<feature mandatory="true" name="I_186947531__F_1025C6F67BA7">
							<description>
								Lorem ipsum do
							</description>
						</feature>
						<feature mandatory="true" name="I_186947531__F_DE9087371BB2">
							<description>
								Lorem ipsum dolor sit amet, co
							</description>
						</feature>
						<feature mandatory="true" name="I_186947531__F_DCC96C8BFBB0">
							<description>
								Lorem ipsum dolor sit amet, consetetur s
							</description>
						</feature>
						<feature mandatory="true" name="I_186947531__F_F962762C33C9">
							<description>
								Lorem ipsum dolor sit amet, consetetur sadipscing elit
							</description>
						</feature>
						<feature mandatory="true" name="I_186947531__F_BBC18863CC0C">
							<description>
								Lorem ipsum dolor sit amet, consetetur sadipscing elitr, sed diam nonumy ei
							</description>
						</feature>
						<feature mandatory="true" name="I_186947531__F_6001F5BAD92F">
							<description>
								Lorem ipsum dolor sit amet, consetetur sad
							</description>
						</feature>
					</alt>
					<alt mandatory="true" name="I_4281904941__F_7EE38C31E6EF">
						<description>
							
						</description>
						<feature mandatory="true" name="I_4281904941__F_F0BBF7635804">
							<description>
								
							</description>
						</feature>
						<feature mandatory="true" name="I_4281904941__F_0C3AB1FC968E">
							<description>
								
							</description>
						</feature>
						<feature mandatory="true" name="I_4281904941__F_9F64A040F863">
							<description>
								
							</description>
						</feature>
						<feature mandatory="true" name="I_4281904941__F_BD99EA6F0F65">
							<description>
								
							</description>
						</feature>
						<feature mandatory="true" name="I_4281904941__F_0C6B70391C57">
							<description>
								
							</description>
						</feature>
						<feature mandatory="true" name="I_4281904941__F_A95F22CFF262">
							<description>
								
							</description>
						</feature>
						<feature mandatory="true" name="I_4281904941__F_AB5E9F5482AE">
							<description>
								
							</description>
						</feature>
						<feature mandatory="true" name="I_4281904941__F_A74EB76C120A">
							<description>
								
							</description>
						</feature>
						<feature mandatory="true" name="I_4281904941__F_3B401B2014DD">
							<description>
								
							</description>
						</feature>
						<feature mandatory="true" name="I_4281904941__F_A4BFCD584436">
							<description>
								
							</description>
						</feature>
						<feature mandatory="true" name="I_4281904941__F_B138CE462D6A">
							<description>
								
							</description>
						</feature>
						<feature mandatory="true" name="I_4281904941__F_7EFCD8870E4D">
							<description>
								
							</description>
						</feature>
						<feature mandatory="true" name="I_4281904941__F_E31E437D2FD1">
							<description>
								
							</description>
						</feature>
					</alt>
					<alt mandatory="true" name="F_5F917541E8D3">
						<description>
							Lorem ipsum dolor sit amet, consetetur sadipscing elitr, sed diam nonumy eirmod tempor invidunt ut labore et dolore magna aliquyam erat, sed diam voluptua. At vero eos et accusam et justo duo dolores et ea rebum. Stet clita kasd gubergren, no sea takimata sanctus est Lorem ipsum dolor sit amet. Lorem ipsum dolor sit amet, consetetur sadipscing elitr, sed
						</description>
						<feature mandatory="true" name="F_5B8DD55C07B1">
							<description>
								
							</description>
						</feature>
						<feature mandatory="true" name="F_3AB24FAA1560">
							<description>
								
							</description>
						</feature>
						<feature mandatory="true" name="F_659B815D2BB2">
							<description>
								Lorem ipsum dolor sit amet, conse
							</description>
						</feature>
					</alt>
					<alt mandatory="true" name="I_855176224__F_F47E49483D0B">
						<description>
							
						</description>
						<feature mandatory="true" name="I_855176224__F_A0A3B91DE33E">
							<description>
								Lorem ipsum do
							</description>
						</feature>
						<feature mandatory="true" name="I_855176224__F_489E510A2548">
							<description>
								Lorem ipsum dolor sit amet, co
							</description>
						</feature>
						<feature mandatory="true" name="I_855176224__F_F602276BBFEA">
							<description>
								Lorem ipsum dolor sit amet, consetetur s
							</description>
						</feature>
						<feature mandatory="true" name="I_855176224__F_B05121F5F825">
							<description>
								Lorem ipsum dolor sit amet, consetetur sadipscing elit
							</description>
						</feature>
						<feature mandatory="true" name="I_855176224__F_57C42505162A">
							<description>
								Lorem ipsum dolor sit amet, consetetur sadipscing elitr, sed diam nonumy ei
							</description>
						</feature>
						<feature mandatory="true" name="I_855176224__F_99002733FFF0">
							<description>
								Lorem ipsum dolor sit amet, consetetur sad
							</description>
						</feature>
					</alt>
					<alt mandatory="true" name="I_2604283598__F_6BD8E89386D2">
						<description>
							
						</description>
						<feature mandatory="true" name="I_2604283598__F_5AF0CF0F12D5">
							<description>
								
							</description>
						</feature>
						<feature mandatory="true" name="I_2604283598__F_42E259121D51">
							<description>
								
							</description>
						</feature>
						<feature mandatory="true" name="I_2604283598__F_BAFDE349CCE0">
							<description>
								
							</description>
						</feature>
						<feature mandatory="true" name="I_2604283598__F_7FEDEAED4537">
							<description>
								
							</description>
						</feature>
						<feature mandatory="true" name="I_2604283598__F_CF0C8D43BB79">
							<description>
								
							</description>
						</feature>
						<feature mandatory="true" name="I_2604283598__F_0D7B04D96188">
							<description>
								
							</description>
						</feature>
						<feature mandatory="true" name="I_2604283598__F_74C87CC34A13">
							<description>
								
							</description>
						</feature>
						<feature mandatory="true" name="I_2604283598__F_B0FF273F78FB">
							<description>
								
							</description>
						</feature>
						<feature mandatory="true" name="I_2604283598__F_7ADA04DA66E0">
							<description>
								
							</description>
						</feature>
						<feature mandatory="true" name="I_2604283598__F_FB632F576472">
							<description>
								
							</description>
						</feature>
						<feature mandatory="true" name="I_2604283598__F_F893D0E3B239">
							<description>
								
							</description>
						</feature>
						<feature mandatory="true" name="I_2604283598__F_96EC28F7318E">
							<description>
								
							</description>
						</feature>
						<feature mandatory="true" name="I_2604283598__F_6CC87C9434CA">
							<description>
								
							</description>
						</feature>
					</alt>
					<alt mandatory="true" name="F_F9F3A29B14A2">
						<description>
							Lorem ipsum dolor sit amet, consetetur sadipscing elitr, sed diam nonumy eirmod tempor invidunt ut labore et dolore magna aliquyam erat, sed diam voluptua. At vero eos et accusam et justo duo dolores et ea rebum. Stet clita kasd gubergren, no sea takimata sanctus est Lorem ipsum dolor sit amet. Lorem ipsum dolor sit amet, consetetur sadipscing elitr, sed dia
						</description>
						<feature mandatory="true" name="F_849485485401">
							<description>
								
							</description>
						</feature>
						<feature mandatory="true" name="F_9BE58D034510">
							<description>
								
							</description>
						</feature>
						<feature mandatory="true" name="F_2C3D45FD487A">
							<description>
								Lorem ipsum dolor sit amet, conse
							</description>
						</feature>
					</alt>
					<alt mandatory="true" name="I_2562010902__F_74B76D7D0AC3">
						<description>
							
						</description>
						<feature mandatory="true" name="I_2562010902__F_BE1A480B452F">
							<description>
								Lorem ipsum do
							</description>
						</feature>
						<feature mandatory="true" name="I_2562010902__F_3B8B62C6EFE5">
							<description>
								Lorem ipsum dolor sit amet, co
							</description>
						</feature>
						<feature mandatory="true" name="I_2562010902__F_2F07C2DB166B">
							<description>
								Lorem ipsum dolor sit amet, consetetur s
							</description>
						</feature>
						<feature mandatory="true" name="I_2562010902__F_D671B108B1A0">
							<description>
								Lorem ipsum dolor sit amet, consetetur sadipscing elit
							</description>
						</feature>
						<feature mandatory="true" name="I_2562010902__F_6001AFBFB077">
							<description>
								Lorem ipsum dolor sit amet, consetetur sadipscing elitr, sed diam nonumy ei
							</description>
						</feature>
						<feature mandatory="true" name="I_2562010902__F_B7CED6D9A198">
							<description>
								Lorem ipsum dolor sit amet, consetetur sad
							</description>
						</feature>
					</alt>
					<alt mandatory="true" name="I_3514666687__F_B936B65987C4">
						<description>
							
						</description>
						<feature mandatory="true" name="I_3514666687__F_E3ACE9AB802F">
							<description>
								
							</description>
						</feature>
						<feature mandatory="true" name="I_3514666687__F_6D00C6578FDB">
							<description>
								
							</description>
						</feature>
						<feature mandatory="true" name="I_3514666687__F_3981C207CF9F">
							<description>
								
							</description>
						</feature>
						<feature mandatory="true" name="I_3514666687__F_75C00F661E16">
							<description>
								
							</description>
						</feature>
						<feature mandatory="true" name="I_3514666687__F_D4DA6CCEF01E">
							<description>
								
							</description>
						</feature>
						<feature mandatory="true" name="I_3514666687__F_723A96FD2109">
							<description>
								
							</description>
						</feature>
						<feature mandatory="true" name="I_3514666687__F_E1870AEBD2F8">
							<description>
								
							</description>
						</feature>
						<feature mandatory="true" name="I_3514666687__F_AF225F24FF4A">
							<description>
								
							</description>
						</feature>
						<feature mandatory="true" name="I_3514666687__F_35F1B090AEBD">
							<description>
								
							</description>
						</feature>
						<feature mandatory="true" name="I_3514666687__F_600E6D7D3855">
							<description>
								
							</description>
						</feature>
						<feature mandatory="true" name="I_3514666687__F_028C8D3F598E">
							<description>
								
							</description>
						</feature>
						<feature mandatory="true" name="I_3514666687__F_62106A6099A0">
							<description>
								
							</description>
						</feature>
						<feature mandatory="true" name="I_3514666687__F_615ABE3CB7BF">
							<description>
								
							</description>
						</feature>
					</alt>
					<alt mandatory="true" name="F_1CC399F94C5E">
						<description>
							Lorem ipsum dolor sit amet, consetetur sadipscing elitr, sed diam nonumy eirmod tempor invidunt ut labore et dolore magna aliquyam erat, sed diam voluptua. At vero eos et accusam et justo duo dolores et ea rebum. Stet clita kasd gubergren, no sea takimata sanctus est Lorem ipsum dolor sit amet. Lorem ipsum dolor sit amet, consetetur sadipscing elitr, sed
						</description>
						<feature mandatory="true" name="F_24275EFE273F">
							<description>
								
							</description>
						</feature>
						<feature mandatory="true" name="F_2DA63C743059">
							<description>
								
							</description>
						</feature>
						<feature mandatory="true" name="F_78B4C278FD5F">
							<description>
								Lorem ipsum dolor sit amet, conse
							</description>
						</feature>
					</alt>
					<alt mandatory="true" name="I_2708032765__F_1FDB57D4D6AE">
						<description>
							
						</description>
						<feature mandatory="true" name="I_2708032765__F_5BE516E78511">
							<description>
								Lorem ipsum do
							</description>
						</feature>
						<feature mandatory="true" name="I_2708032765__F_2738AEB082E4">
							<description>
								Lorem ipsum dolor sit amet, co
							</description>
						</feature>
						<feature mandatory="true" name="I_2708032765__F_E721AC88B4BA">
							<description>
								Lorem ipsum dolor sit amet, consetetur s
							</description>
						</feature>
						<feature mandatory="true" name="I_2708032765__F_ED8B7717F9DB">
							<description>
								Lorem ipsum dolor sit amet, consetetur sadipscing elit
							</description>
						</feature>
						<feature mandatory="true" name="I_2708032765__F_8C73D713284D">
							<description>
								Lorem ipsum dolor sit amet, consetetur sadipscing elitr, sed diam nonumy ei
							</description>
						</feature>
						<feature mandatory="true" name="I_2708032765__F_544119D54048">
							<description>
								Lorem ipsum dolor sit amet, consetetur sad
							</description>
						</feature>
					</alt>
					<alt mandatory="true" name="I_3045005148__F_F624C1DF493B">
						<description>
							
						</description>
						<feature mandatory="true" name="I_3045005148__F_30AC600C9DBC">
							<description>
								
							</description>
						</feature>
						<feature mandatory="true" name="I_3045005148__F_3C3186288982">
							<description>
								
							</description>
						</feature>
						<feature mandatory="true" name="I_3045005148__F_3CDC56866BB3">
							<description>
								
							</description>
						</feature>
						<feature mandatory="true" name="I_3045005148__F_64AABF4DFE9D">
							<description>
								
							</description>
						</feature>
						<feature mandatory="true" name="I_3045005148__F_E2BBD8778636">
							<description>
								
							</description>
						</feature>
						<feature mandatory="true" name="I_3045005148__F_E101FDB8CF71">
							<description>
								
							</description>
						</feature>
						<feature mandatory="true" name="I_3045005148__F_6F0F15EFD2D4">
							<description>
								
							</description>
						</feature>
						<feature mandatory="true" name="I_3045005148__F_C67E28987CA2">
							<description>
								
							</description>
						</feature>
						<feature mandatory="true" name="I_3045005148__F_BA87E911DDC7">
							<description>
								
							</description>
						</feature>
						<feature mandatory="true" name="I_3045005148__F_3C08C30CA695">
							<description>
								
							</description>
						</feature>
						<feature mandatory="true" name="I_3045005148__F_9921D5661C13">
							<description>
								
							</description>
						</feature>
						<feature mandatory="true" name="I_3045005148__F_9572D42BC029">
							<description>
								
							</description>
						</feature>
						<feature mandatory="true" name="I_3045005148__F_87C0F397D80C">
							<description>
								
							</description>
						</feature>
					</alt>
					<alt mandatory="true" name="F_E10156E37F7C">
						<description>
							Lorem ipsum dolor sit amet, consetetur sadipscing elitr, sed diam nonumy eirmod tempor invidunt ut labore et dolore magna aliquyam erat, sed diam voluptua. At vero eos et accusam et justo duo dolores et ea rebum. Stet clita kasd gubergren, no sea takimata sanctus est Lorem ipsum dolor sit amet. Lorem ipsum dolor sit amet, consetetur sadipscing elitr, sed
						</description>
						<feature mandatory="true" name="F_EC8DB8C38864">
							<description>
								
							</description>
						</feature>
						<feature mandatory="true" name="F_01CD9DF046C1">
							<description>
								
							</description>
						</feature>
						<feature mandatory="true" name="F_4E08FC312F05">
							<description>
								Lorem ipsum dolor sit amet, conse
							</description>
						</feature>
					</alt>
					<alt mandatory="true" name="F_F19DD66B10D4">
						<description>
							
						</description>
						<feature mandatory="true" name="F_16F3F89C59EF">
							<description>
								
							</description>
						</feature>
						<feature mandatory="true" name="F_8DB2AB3E5B2D">
							<description>
								Lorem ips
							</description>
						</feature>
						<feature mandatory="true" name="F_FB34AF924D1E">
							<description>
								Lorem ips
							</description>
						</feature>
					</alt>
					<alt mandatory="true" name="F_C90482D94B93">
						<description>
							Lorem ipsum dolor sit amet, consetetur sadipscing elitr, sed diam nonumy eirmod tempor invidunt ut labore et dolore magna aliquyam erat, sed diam voluptua. At vero eos et accusam et justo duo dolores et ea rebum. Stet clita kasd gubergren, no sea takimata sanctus est Lorem ipsum dolor sit amet. Lorem ipsum dolor sit amet, consetetur sadipscing elitr, sed diam nonumy eirm
						</description>
						<feature mandatory="true" name="F_9526175F74FB">
							<description>
								
							</description>
						</feature>
						<feature mandatory="true" name="F_B1259F8F6825">
							<description>
								
							</description>
						</feature>
					</alt>
					<feature name="F_C2C3D8724C49">
						<description>
							Lorem ipsum dolor sit amet, consetetur sadipscing elitr, sed diam nonumy eirmod tempor invidunt ut labore et dolore magna aliquyam erat, sed diam voluptua. At vero eos et accusam et justo duo dolores et ea rebum. Stet clita kasd gubergren, no sea takimata sanctus est Lorem ipsum dolor s
						</description>
					</feature>
					<feature name="F_FDF22DA299A9">
						<description>
							Lorem ipsum dolor sit amet, consetetur sadipscing elitr, sed diam nonumy eirmod tempor invidunt ut labore et dolore magna aliquyam erat, sed diam voluptua. At
						</description>
					</feature>
					<feature name="F_769BE6F921AC">
						<description>
							Lorem ipsum dolor sit amet, consetetur sadipscing elitr, sed diam nonumy eirmod tempor invidunt ut labore et dolore magna aliquyam erat, sed diam voluptua. At vero eos et accusam et justo duo dolores et ea rebum. Stet clita kasd gubergren, no sea takimata sanctus est Lorem ipsum dolor sit amet. Lorem ipsum dolor sit ame
						</description>
					</feature>
					<feature name="F_CA3D6C3DF95F">
						<description>
							Lorem ipsum dolor sit amet, consetetur sadip
						</description>
					</feature>
					<alt mandatory="true" name="F_EF1E73CBD824">
						<description>
							Lorem ipsum dolor sit amet, consetetur sadipscing elitr, sed diam nonumy eirmod tempor invidunt ut labore et dolore magna aliquyam erat, sed diam voluptua. At vero eos et accusam et justo duo dolores et ea rebum. Stet clita
						</description>
						<feature mandatory="true" name="F_4AF5F45476A7">
							<description>
								Lorem ipsum dolor s
							</description>
						</feature>
						<feature mandatory="true" name="F_475707E9E43D">
							<description>
								
							</description>
						</feature>
					</alt>
					<feature name="F_CBF0E1CC128F">
						<description>
							Lorem ipsum dolor sit amet, consetetur sadipscing elitr, sed diam nonumy eirmod t
						</description>
					</feature>
					<feature name="F_6BFC1B074294">
						<description>
							Lorem ipsum dolor sit amet, consetetur sadipscing elitr, sed diam nonumy eirmod tempor invidunt ut labore et dolore magna aliquyam erat, sed diam voluptua. At vero eos et accusam et justo duo dolores et ea rebum. Stet clita kasd gubergren, no sea takimata sanctus est Lorem ipsum dolor sit amet. Lorem ipsum dolor sit amet, consetetur sadipscing elitr, sed diam nonumy eirmod tempor invidunt ut labore et dolore magna aliquyam erat, sed diam voluptua. At
						</description>
					</feature>
					<feature name="F_481FB93979CC">
						<description>
							Lorem ipsum dolor sit amet, consetetur sadipscing elitr, sed diam nonumy eirmod tempor invidunt ut labore et dolore magna aliquyam erat, sed diam voluptua. At vero eos et accusam et justo duo dolores et ea rebum. Stet clita kasd gubergren, no
						</description>
					</feature>
					<alt mandatory="true" name="I_807554867__F_C24230F36B90">
						<description>
							
						</description>
						<feature mandatory="true" name="I_807554867__F_D4144A026318">
							<description>
								
							</description>
						</feature>
						<feature mandatory="true" name="I_807554867__F_A1909F8F744F">
							<description>
								
							</description>
						</feature>
						<feature mandatory="true" name="I_807554867__F_8A1F169AF71B">
							<description>
								
							</description>
						</feature>
					</alt>
					<alt mandatory="true" name="I_2838175369__F_284F00840C2E">
						<description>
							
						</description>
						<feature mandatory="true" name="I_2838175369__F_E215B58F6FFE">
							<description>
								
							</description>
						</feature>
						<feature mandatory="true" name="I_2838175369__F_380F446D857F">
							<description>
								
							</description>
						</feature>
						<feature mandatory="true" name="I_2838175369__F_58A061749B01">
							<description>
								
							</description>
						</feature>
					</alt>
					<alt mandatory="true" name="I_3727437343__F_D4E603729A36">
						<description>
							
						</description>
						<feature mandatory="true" name="I_3727437343__F_2FA0996A85D4">
							<description>
								
							</description>
						</feature>
						<feature mandatory="true" name="I_3727437343__F_6B7023113DC0">
							<description>
								
							</description>
						</feature>
						<feature mandatory="true" name="I_3727437343__F_DF625DBADC16">
							<description>
								
							</description>
						</feature>
					</alt>
				</and>
				<and name="F_BBC2ABEE7C5A">
					<description>
						
					</description>
					<alt mandatory="true" name="I_2929702251__F_453EBA06DA15">
						<description>
							Lorem ipsum dolor sit amet, consetetur sadipscing elitr,
						</description>
						<feature mandatory="true" name="I_2929702251__F_E5B7F9922A37">
							<description>
								
							</description>
						</feature>
						<feature mandatory="true" name="I_2929702251__F_8038022A0A7D">
							<description>
								Lorem ipsum dolor sit a
							</description>
						</feature>
						<feature mandatory="true" name="I_2929702251__F_0CD38EA18F13">
							<description>
								Lorem ipsum dolor sit a
							</description>
						</feature>
						<feature mandatory="true" name="I_2929702251__F_9566CEF67F96">
							<description>
								Lorem ipsum dolor sit a
							</description>
						</feature>
						<feature mandatory="true" name="I_2929702251__F_96CE25A0036B">
							<description>
								Lorem ipsum dolor sit a
							</description>
						</feature>
					</alt>
					<alt mandatory="true" name="I_3539898544__F_7A329A5008EE">
						<description>
							Lorem ipsum dolor sit amet, consetetur sadipscing elitr,
						</description>
						<feature mandatory="true" name="I_3539898544__F_C7327C77AC46">
							<description>
								
							</description>
						</feature>
						<feature mandatory="true" name="I_3539898544__F_FBD56AD786DE">
							<description>
								Lorem ipsum dolor sit a
							</description>
						</feature>
						<feature mandatory="true" name="I_3539898544__F_CCD6CD3693D6">
							<description>
								Lorem ipsum dolor sit a
							</description>
						</feature>
						<feature mandatory="true" name="I_3539898544__F_20FA5D0BEDA8">
							<description>
								Lorem ipsum dolor sit a
							</description>
						</feature>
						<feature mandatory="true" name="I_3539898544__F_3DBB957B1587">
							<description>
								Lorem ipsum dolor sit a
							</description>
						</feature>
					</alt>
					<feature mandatory="true" name="F_BB4E123EB612">
						<description>
							Lorem ipsum dolor sit amet, consetetur sadipscing elitr, sed diam nonumy eirmod temp
						</description>
					</feature>
				</and>
				<alt mandatory="true" name="F_BE7CCC976F34">
					<description>
						Lorem ipsum dolor sit amet, consetetur sadipscing elitr, sed diam nonumy eirmod tempor invidunt ut labore et dolore magna aliquyam erat, sed diam voluptua. At vero eos et accusam et justo
					</description>
					<feature mandatory="true" name="F_1DB1181C77FA">
						<description>
							
						</description>
					</feature>
					<feature mandatory="true" name="F_6BFC4EE41FA7">
						<description>
							
						</description>
					</feature>
				</alt>
				<or mandatory="true" name="F_81C6057048CC">
					<description>
						Lorem ipsum dolor sit amet, consetetur sadipscing elitr, sed diam nonumy eirmod tempor invidunt ut labore et dolore magna aliquyam erat, sed diam voluptua. At vero eos et accusam et justo duo dolores et ea rebum. Stet clita kasd gubergren, no sea takimata sanctus est Lorem ipsum dolor sit amet. Lorem ipsum dolor sit amet, consetetur sadipscing elitr, sed diam nonumy eirmod tempor invidunt ut labore et dolore magna aliquyam erat, sed diam voluptua. At vero eos et accusam et justo duo dolores et ea rebum. Stet clita kasd gubergren, no sea takimata sanctus est Lorem ipsum dolor sit amet. Lorem ipsum dolor sit amet, consetetur sadipscing elitr, sed diam nonumy eirmod tempor invidunt ut labore et dolore magna aliquyam erat, sed diam voluptua. At vero eos et accusam et justo duo dolores et ea rebum.
					</description>
					<feature mandatory="true" name="F_44BD410AC86B">
						<description>
							Lorem ipsum dolor sit amet, consetetur sadipscing elitr, se
						</description>
					</feature>
					<feature mandatory="true" name="F_1E7A98E0564F">
						<description>
							Lorem ipsum dolor sit amet, consetetur sadipscing elitr, sed diam nonumy eirmo
						</description>
					</feature>
					<feature mandatory="true" name="F_10EAB18841E9">
						<description>
							Lorem ipsum dolor sit amet, consetetur sadipscing elitr, sed diam nonumy eirmod tempo
						</description>
					</feature>
					<feature mandatory="true" name="F_9A4A718D4B6D">
						<description>
							Lorem ipsum dolor sit amet, consetetur sadipscing elitr, sed diam nonumy eir
						</description>
					</feature>
					<feature mandatory="true" name="F_07DD94EF5C0E">
						<description>
							Lorem ipsum dolor sit amet, consetetur sadipscing elitr, sed
						</description>
					</feature>
					<feature mandatory="true" name="F_FF6E725704C9">
						<description>
							
						</description>
					</feature>
				</or>
				<alt name="F_AA1C6DA672A9">
					<description>
						
					</description>
					<feature mandatory="true" name="F_AB3790CEB0C8">
						<description>
							Lorem ipsum dolor sit amet, consetetu
						</description>
					</feature>
					<feature mandatory="true" name="F_7460624C0673">
						<description>
							Lorem ipsum dolor sit amet, consetetur
						</description>
					</feature>
					<feature mandatory="true" name="F_00EBFF73673A">
						<description>
							Lorem ipsum dolor sit amet, consetetur sadipscing elitr, sed diam nonumy eirm
						</description>
					</feature>
				</alt>
				<feature name="F_79FF6B9D1676">
					<description>
						Lorem ipsum dolor sit amet, consetetur sadipscing elitr, sed diam nonumy eirmod tempor invidunt ut labore et dolore magna aliquyam erat, sed diam volu
					</description>
				</feature>
				<feature name="F_93DFEF483C0D">
					<description>
						Lorem ipsum dolor sit amet, consetetur sadipscing elitr, sed diam nonumy eirmod tempor invidunt ut labore et dolore magna aliquyam erat, sed diam voluptua. At vero eos et a
					</description>
				</feature>
			</and>
		</struct>
		<constraints/>
		<calculations Auto="true" Constraints="true" Features="true" Redundant="true" Tautology="true"/>
		<comments>
			<c/>
		</comments>
		<featureOrder userDefined="false"/>
	</featureModel>
