<?xml version="1.0" encoding="UTF-8" standalone="no"?>
	<featureModel>
		<properties/>
		<struct>
			<and mandatory="true" name="N_2072278899__F_A6ED47079997">
				<description>
					Lorem
				</description>
				<feature mandatory="true" name="N_2072278899__F_17FDEBA2FE48">
					<description>
						
					</description>
				</feature>
				<alt mandatory="true" name="F_80C554B028DE">
					<description>
						Lorem ipsum dolor sit amet, consetetur sadipscing elitr, sed diam nonumy eirmod tempor invidunt ut labore et dolore magna aliquyam erat,
					</description>
					<feature mandatory="true" name="F_789AA20B61FF">
						<description>
							Lorem ipsum dolor sit amet, consetetur sadipsc
						</description>
					</feature>
					<feature mandatory="true" name="F_EE9476FFE732">
						<description>
							Lorem ipsum dolor sit amet, consetetur sad
						</description>
					</feature>
				</alt>
				<alt name="F_466576092406">
					<description>
						Lorem ipsum dolor sit amet, consetetur sadipscing elitr, sed diam nonumy eirmod tempor invidunt ut labore et dolore magna aliquyam erat, sed diam voluptua. At vero e
					</description>
					<feature mandatory="true" name="F_A859E1007485">
						<description>
							Lorem ipsum dolor sit amet, consetetur sadipscing elitr, sed
						</description>
					</feature>
					<feature mandatory="true" name="F_D8A356C2678B">
						<description>
							Lorem ipsum dolor sit amet, consetetur sadipscing elitr,
						</description>
					</feature>
				</alt>
				<alt name="F_ED39CF9B120E">
					<description>
						Lorem ipsum dolor sit amet, consetetur sadipscing elitr, sed diam nonumy eirmod tempor invidunt ut labore et dolore magna aliquyam erat, sed diam voluptua. At vero eo
					</description>
					<feature mandatory="true" name="F_7D7D7BDEC9CF">
						<description>
							Lorem ipsum dolor sit amet, consetetur sadipscing elitr, sed d
						</description>
					</feature>
					<feature mandatory="true" name="F_6EAE78C49F48">
						<description>
							Lorem ipsum dolor sit amet, consetetur sadipscing elitr, s
						</description>
					</feature>
				</alt>
				<alt name="F_8E0692694689">
					<description>
						Lorem ipsum dolor sit amet, consetetur sadipscing elitr, sed diam nonumy eirmod tempor invidunt ut labore et dolore magna aliquyam erat, sed diam voluptua. At vero eos et accusam et justo duo dolores et ea rebum. Stet clita kasd gubergren, no sea takimata sanctus est Lor
					</description>
					<feature mandatory="true" name="F_B510F230D08E">
						<description>
							Lorem ipsum dolor sit amet, consetetur sadipscing elitr, sed diam n
						</description>
					</feature>
					<feature mandatory="true" name="F_8E882668C971">
						<description>
							Lorem ipsum dolor sit amet, consetetur sadipscing elitr, sed di
						</description>
					</feature>
				</alt>
				<alt name="F_7C42BF391C11">
					<description>
						Lorem ipsum dolor sit amet, consetetur sadipscing elitr, sed diam nonumy eirmod tempor invidunt ut labore et dolore magna aliquyam erat, sed diam voluptua. At vero eos et accusam et justo duo dolores et ea rebum. Stet clita kasd gubergren, no sea takimata sanctus est Lorem ipsum dolor sit amet. Lorem ipsum dolor sit am
					</description>
					<feature mandatory="true" name="F_638F4F67D1F2">
						<description>
							Lorem ipsum dolor sit amet, consetet
						</description>
					</feature>
					<feature mandatory="true" name="F_9AA70024D264">
						<description>
							Lorem ipsum dolor sit amet, cons
						</description>
					</feature>
				</alt>
				<alt mandatory="true" name="F_76EA82B3846D">
					<description>
						Lorem ipsum dolor sit amet, consetetur sadipscing elitr, sed diam nonumy eirmod tempor invidunt ut labore et dolore magna aliquyam erat, sed diam voluptua. At vero eos et accusam et justo duo dolores et ea rebum. Stet clita kasd gubergren, no sea takimata sanctus est Lorem ipsum dolor sit amet. Lorem ipsum dolor sit amet, consetetur sadipscing elitr, sed diam nonum
					</description>
					<feature mandatory="true" name="F_6617BFCCE005">
						<description>
							Lorem ipsum dolor sit amet, consetetur sadipsc
						</description>
					</feature>
					<feature mandatory="true" name="F_DCE2F40B953E">
						<description>
							Lorem ipsum dolor sit amet, consetetur sad
						</description>
					</feature>
				</alt>
				<alt mandatory="true" name="F_67CB687D99B8">
					<description>
						Lorem ipsum dolor sit amet, consetetur sadipscing elitr, sed diam nonumy eirmod tempor invidunt ut labore et dolore magna aliquyam erat, sed diam voluptua. At vero eos et accusam et justo duo dolores et ea rebum. Stet clita kasd gubergren, no sea takimata sanctu
					</description>
					<feature mandatory="true" name="F_314E3BC74B18">
						<description>
							Lorem ipsum dolor sit amet, consetetur sadipscing elitr, se
						</description>
					</feature>
					<feature mandatory="true" name="F_4DA8596C3DB7">
						<description>
							Lorem ipsum dolor sit amet, consetetur sadipscing elitr
						</description>
					</feature>
				</alt>
				<alt mandatory="true" name="F_00A2827C501E">
					<description>
						Lorem ipsum dolor sit amet, consetetur sadipscing elitr, sed diam nonumy eirmod tempor invidunt ut labore et dolore magna aliquyam erat, s
					</description>
					<feature mandatory="true" name="F_D0159F5DB966">
						<description>
							Lorem ipsum dolor sit amet, consetetur sadipscing
						</description>
					</feature>
					<feature mandatory="true" name="F_49977D5B3C86">
						<description>
							Lorem ipsum dolor sit amet, consetetur sadips
						</description>
					</feature>
				</alt>
				<alt mandatory="true" name="F_051824FB3706">
					<description>
						Lorem ipsum dolor sit amet, consetetur sadipscing elitr, sed diam nonumy eirmod tempor invidunt ut labore et dolore magna aliquyam erat, sed diam voluptua. At vero eos et accusam et justo duo dolores et ea rebum. Stet clita kasd gubergren, no sea takimata sanctus est Lorem ipsum dolor sit amet. Lorem ipsum dolor sit amet, consetetur sadipscing elitr, sed diam nonumy eirmod tempo
					</description>
					<feature mandatory="true" name="F_0880A9F0A59A">
						<description>
							Lorem ipsum dolor sit amet, consetetur sadipscing elitr,
						</description>
					</feature>
					<feature mandatory="true" name="F_95F7EBB7C597">
						<description>
							Lorem ipsum dolor sit amet, consetetur sadipscing eli
						</description>
					</feature>
				</alt>
				<alt mandatory="true" name="F_B49A44BA22C0">
					<description>
						Lorem ipsum dolor sit amet, consetetur sadipscing elitr, sed diam nonumy eirmod tempor invidunt ut labore et dolore magna aliquyam erat, sed diam voluptua. At vero eos et accusam et justo duo dolores et ea rebum. Stet clita kasd gu
					</description>
					<feature mandatory="true" name="F_9943AE44EE00">
						<description>
							Lorem ipsum dolor sit amet, consetetur sadipscing elitr, sed di
						</description>
					</feature>
					<feature mandatory="true" name="F_AA241B5DE3AA">
						<description>
							Lorem ipsum dolor sit amet, consetetur sadipscing elitr, sed diam nonumy eirmod tempor invidunt ut labore et dolore magna aliquyam erat, sed
						</description>
					</feature>
					<feature mandatory="true" name="F_689793F49931">
						<description>
							Lorem ipsum dolor sit amet, consetetur sadipscing elitr, sed diam nonumy eirmod tempor invidunt ut labore et dolore magna aliquyam erat, sed diam voluptua. At vero
						</description>
					</feature>
				</alt>
				<feature mandatory="true" name="N_2072278899__F_C2E08D06CA46">
					<description>
						
					</description>
				</feature>
				<feature name="F_300290481B1A">
					<description>
						Lorem ipsum dolor sit amet, consetetur sadipscing elitr, sed diam nonumy eirmod tempor invidunt ut labore et dolore magna aliquyam erat, sed diam voluptua. At vero eos et accusam et justo duo dolores et ea rebum. Stet clita kasd gubergren, no sea takimata sanctus est Lorem ipsum dolor sit amet. Lorem ipsum dolor sit amet, consetetur sadi
					</description>
				</feature>
				<feature name="F_D37C91A69D94">
					<description>
						Lorem ipsum dolor sit amet, consetetur sadipscing elitr, sed diam nonumy eirmod tempor invidunt ut labore et dolore magna aliquyam erat, sed diam voluptua. At vero eos et accusam et justo duo dolores et ea rebum. Stet clita kasd gubergren, no sea takimata
					</description>
				</feature>
				<feature name="F_90CCCD098AA6">
					<description>
						Lorem ipsum dolor sit amet, consetetur sadipscing elitr, sed diam nonumy eirmod tempor invidunt ut labore et dolore magna aliquyam erat, sed diam voluptua. At vero eos et accusam et justo duo dolores et ea rebum. Stet clita kasd gubergre
					</description>
				</feature>
				<alt name="F_D301A881B9D5">
					<description>
						Lorem ipsum dolor sit amet, consetetur sadipscing elitr, sed diam nonumy eirmod tempor invidunt ut labore et dolore magna aliquyam erat, sed diam voluptua. At vero eos et accusam et
					</description>
					<feature mandatory="true" name="F_2E7C625562B3">
						<description>
							Lorem ipsum dolor sit amet, consetetur sadipscing el
						</description>
					</feature>
					<feature mandatory="true" name="F_7F86D1D33DE9">
						<description>
							Lorem ipsum dolor sit amet, consetetur sadipsci
						</description>
					</feature>
				</alt>
				<or name="F_491B5B403498">
					<description>
						Lorem ipsum dolor sit amet, consetetur sadipscing elitr, sed diam nonumy eirmod tempor invidunt ut labore et dolore magna aliquyam erat, sed diam voluptua. At vero eos et accusam et justo duo dolores et ea rebum. Stet clita kasd gubergren, no sea takimata sanctus est Lorem ipsum dolor sit amet. Lorem ipsum dolor sit amet, consetetur sadipscing elitr, sed diam nonumy eirmod tempor invidunt
					</description>
					<feature mandatory="true" name="F_CAA23D469716">
						<description>
							Lorem ipsum dolor sit amet, consetetur sadipscing elitr, sed diam nonumy eirmod tempor invidunt ut labore et dolore magna aliquyam erat, sed di
						</description>
					</feature>
					<feature mandatory="true" name="F_2445132C54F1">
						<description>
							Lorem ipsum dolor sit amet, consetetur sadipscing elitr, sed diam nonumy eirmod tempor invidunt ut labore et dolore magna aliquyam er
						</description>
					</feature>
				</or>
				<alt name="F_AD17FA95298D">
					<description>
						Lorem ipsum dolor sit amet, consetetur sadipscing elitr, sed diam nonumy eirmod tempor invidunt ut labore et dolore magna aliquyam erat, sed diam voluptua. At vero eos et accusam et justo duo dolores et ea rebum. Stet clita kasd gubergren, no sea takimata sanctus est Lorem ipsum dolor sit amet. Lorem i
					</description>
					<feature mandatory="true" name="F_D3C37AECE9CA">
						<description>
							Lorem ipsum dolor sit amet, consetetur sadipscing
						</description>
					</feature>
					<feature mandatory="true" name="F_DD3B870329AC">
						<description>
							Lorem ipsum dolor sit amet, consetetur sadipscing elitr, se
						</description>
					</feature>
				</alt>
				<feature name="F_861FAC4B2BBA">
					<description>
						Lorem ipsum dolor sit amet, consetetur sadipscing elitr, sed diam nonumy eirmod tempor invidunt ut labore et dolore magna aliquyam erat, sed diam voluptua. At vero eos et accusam et justo duo dolores et ea rebum. Stet clita kasd gubergren, no sea takimata sanctus est Lorem ipsum dolor sit amet.
					</description>
				</feature>
				<feature name="F_77DFAC79E119">
					<description>
						Lorem ipsum dolor sit amet, consetetur sadipscing elitr, sed diam nonumy eirmod tempor invidunt ut labore et dolore magna aliquyam erat, sed diam voluptua. At vero eos et accusam et justo duo dolores et ea rebum. Stet clita kasd gubergren, no sea takimata sanctus est Lorem ipsum dolor sit amet. Lorem ipsum dolor sit amet, cons
					</description>
				</feature>
				<feature name="F_06FB1D35C431">
					<description>
						Lorem ipsum dolor sit amet, consetetur sadipscing elitr, sed diam nonumy eirmod tempor invidunt ut labore et dolore magna aliquyam erat, sed diam voluptua. At vero eos et accusam et justo duo dolores et ea rebum. Stet clita kasd gubergren, no sea takimata sanctus est Lorem ip
					</description>
				</feature>
				<feature mandatory="true" name="N_2072278899__F_3EDEC7308306">
					<description>
						
					</description>
				</feature>
				<feature name="F_68A29EC10620">
					<description>
						Lorem ipsum dolor sit amet, consetetur sadipscing elitr, sed diam nonumy eirmod tempor invidunt ut labore et dolore magna aliquyam erat, sed diam voluptua. At vero eos et accusam et justo duo dolores e
					</description>
				</feature>
				<feature name="F_DE57DC2BA683">
					<description>
						Lorem ipsum dolor sit amet, consetetur sadipscing elitr, sed diam nonumy eirmod tempor invidunt ut labore et dolore magna aliquyam erat, sed diam voluptua. At vero eos et accusam et justo duo dolores et ea rebum. Stet clita kasd gubergren, no sea takimata sanctus est Lorem ipsum dolor sit amet. Lorem ipsum dolor sit amet, consetetur sadipscing elitr, sed diam nonumy eirmod tempor invidunt ut labore et dolore magna aliquyam erat, sed diam voluptua. At vero eos et accusam et justo duo dolores et ea rebum. Stet clita kasd gubergren, no sea takimata sanctus est Lorem ipsum dolor sit amet. Lorem ipsum dolor sit amet, consetetur sadipscing elitr, sed diam nonumy eirmod tempor invidunt ut labore et dolore magna aliquyam erat, sed diam voluptua. At vero eos et accusam et justo duo dolores et ea rebum.
					</description>
				</feature>
				<feature name="F_A117CF33BF99">
					<description>
						Lorem ipsum dolor sit amet, consetetur sadipscing elitr, sed diam nonumy eirmod tempor invidunt ut labore et dolore magna aliquyam erat, sed diam voluptua. At vero eos et accusam et justo du
					</description>
				</feature>
				<feature name="F_B9DE8DC6BBE8">
					<description>
						Lorem ipsum dolor sit amet, consetetur sadipscing elitr, sed diam nonumy eirmod tempor invidunt ut labore et dolore magna aliquyam erat, sed diam voluptua. At vero eos et accusam et justo duo dolores et ea rebum. Stet clita kasd gubergren, no sea takimata sa
					</description>
				</feature>
				<feature name="F_976B6B409804">
					<description>
						Lorem ipsum dolor sit amet, consetetur sadipscing elitr, sed diam nonumy eirmod tempor invidunt ut labore et dolore magna aliquyam erat, sed diam voluptua. At vero eos et accusam et justo duo dolores et ea rebum. Stet clita kasd gubergren, no sea takimata sanctus est Lorem ipsum dolor sit amet. Lorem ipsum dolor sit amet, consetetur
					</description>
				</feature>
				<feature name="F_5EEF02682907">
					<description>
						Lorem ipsum dolor sit amet, consetetur sadipscing elitr, sed diam nonumy eirmod tempor invidunt ut labore et dolore magna aliquyam erat, sed diam voluptua. At vero eos et accusam et justo duo dolores et ea rebum. Stet clita kasd gubergren, no sea takimata sanctus est Lorem ipsum dolor sit amet. Lorem ipsum dolor sit amet, consetetur sadipscing elitr, sed diam nonumy eirmod tempor invidunt u
					</description>
				</feature>
				<feature mandatory="true" name="N_2072278899__F_AB6AB913B139">
					<description>
						
					</description>
				</feature>
				<or name="F_422E95C1BE08">
					<description>
						Lorem ipsum dolor sit amet, consetetur sadipscing elitr, sed diam nonumy eirmod tempor invidunt ut labore et dolore magna aliquyam erat, sed diam voluptua. At vero eos et accusam et justo duo dolores et ea rebum. Stet clita kasd gubergre
					</description>
					<feature mandatory="true" name="F_2B5CE92D540D">
						<description>
							Lorem ipsum dolor sit amet, consetetur sadipscing elitr, sed diam nonumy eirmod t
						</description>
					</feature>
					<feature mandatory="true" name="F_616623013F0E">
						<description>
							Lorem ipsum dolor sit amet, consetetur sadipscing elitr, sed diam nonumy eirmod tempor invidunt ut lab
						</description>
					</feature>
				</or>
				<alt mandatory="true" name="F_0C098924D30B">
					<description>
						Lorem ipsum dolor sit amet, consetetur sadipscing elitr, sed diam nonumy eirmod tempor invidunt ut labore et dolore magna aliquyam erat, sed diam voluptua. At vero eos et accusam et justo duo dolores et ea rebum. Stet clita kasd gubergren, no sea takimata sanctus est Lorem ipsum dolor sit amet. Lorem ipsum dolor sit amet, consetetur sadipscing e
					</description>
					<feature mandatory="true" name="F_39E10CADE556">
						<description>
							
						</description>
					</feature>
					<feature mandatory="true" name="F_E1BA7AB8C134">
						<description>
							
						</description>
					</feature>
					<feature mandatory="true" name="F_F23B4E2477B5">
						<description>
							
						</description>
					</feature>
				</alt>
				<feature name="F_4176569A9DF3">
					<description>
						Lorem ipsum dolor sit amet, consetetur sadipscing elitr, sed diam nonumy eirmod tempor invidunt ut labore et dolore magna aliquyam erat, sed diam voluptua. At ve
					</description>
				</feature>
				<feature name="F_2A6294E06735">
					<description>
						Lorem ipsum dolor sit amet, consetetur sadipscing elitr, sed diam nonumy eirmod tempor invidunt ut labore et dolore magna aliquyam erat, sed diam voluptua. At vero eos et accusam et justo duo dolores et ea rebum.
					</description>
				</feature>
				<feature name="F_B2D554FC2D33">
					<description>
						Lorem ipsum dolor sit amet, consetetur sadipscing elitr, sed diam nonumy eirmod tempor invidunt ut labore et dolore magna aliquyam erat, sed diam voluptua. At vero eos et accusam et justo duo dolores et ea rebum. Stet
					</description>
				</feature>
				<feature mandatory="true" name="N_2072278899__F_C1D4E9ECB37A">
					<description>
						
					</description>
				</feature>
				<or name="F_B8D4672A1072">
					<description>
						Lorem ipsum dolor sit amet, consetetur sadipscing elitr, sed diam nonumy eirmod tempor invidunt ut labore et dolore magna aliquyam erat, sed diam voluptua. At vero eos et accusam et justo duo dolores et ea rebum. Stet clita kasd gubergren, no sea takimata sanctus est Lorem ipsum dolor sit amet. Lorem ipsu
					</description>
					<feature mandatory="true" name="F_05031F727B3F">
						<description>
							Lorem ipsum dolor sit amet, consetetur sadipscing elitr, sed di
						</description>
					</feature>
					<feature mandatory="true" name="F_CCED0D63B88F">
						<description>
							Lorem ipsum dolor sit amet, consetetur sadipscing elitr, sed diam nonumy e
						</description>
					</feature>
				</or>
				<alt mandatory="true" name="F_A58156FCE84F">
					<description>
						Lorem ipsum dolor sit amet, consetetur sadipscing elitr, sed diam nonumy eirmod tempor invidunt ut labore et dolore magna aliquyam erat, sed diam voluptua. At vero eos et accusam et justo duo dolores et ea rebum. Stet cli
					</description>
					<feature mandatory="true" name="F_F0F934CFC794">
						<description>
							Lorem ipsum dolor sit amet, consetetur sadipscing elitr, sed diam nonumy eirmod t
						</description>
					</feature>
					<feature mandatory="true" name="F_1BC36BEB09B1">
						<description>
							Lorem ipsum dolor sit amet, consetetur
						</description>
					</feature>
					<feature mandatory="true" name="F_4C3167D6017C">
						<description>
							Lorem ipsum dolor sit amet, consetetur sadipscing elitr, sed diam nonumy eirmod tempor in
						</description>
					</feature>
				</alt>
				<feature name="F_E3749923938B">
					<description>
						Lorem ipsum dolor sit amet, consetetur sadipscing elitr, sed diam nonumy eirmod tempor invidunt ut labore et dolore magna aliquyam erat, sed diam voluptua. At vero eos et accusam et justo duo dolores et ea rebum. Stet clita kasd gubergren, no sea takimata sanctus est Lorem ipsum dolor sit amet. Lorem ipsum dolor sit amet, consetetur sadipscing elitr, sed d
					</description>
				</feature>
				<feature name="F_ACA82FF661F1">
					<description>
						Lorem ipsum dolor sit amet, consetetur sadipscing elitr, sed diam nonumy eirmod tempor invidunt ut labore et dolore magna aliquyam erat, sed diam voluptua. At vero eos et accusam et justo duo dolores et ea rebum. Stet clita
					</description>
				</feature>
				<feature name="F_AFC097A506F3">
					<description>
						Lorem ipsum dolor sit amet, consetetur sadipscing elitr, sed diam nonumy eirmod tempor invidunt ut labore et dolore magna aliquyam erat, sed diam voluptua. At vero eos et accusam et justo duo dolores et e
					</description>
				</feature>
				<feature name="F_C3C55E52DCB7">
					<description>
						Lorem ipsum dolor sit amet, consetetur sadipscing elitr, sed diam nonumy eirmod tempor invidunt ut labore et dolore magna aliquyam erat, sed diam voluptua. At vero eos et accusam et
					</description>
				</feature>
				<feature mandatory="true" name="N_2072278899__F_521A39AAD3B3">
					<description>
						
					</description>
				</feature>
				<feature name="F_268B746ACEBA">
					<description>
						Lorem ipsum dolor sit amet, consetetur sadipscing elitr, sed diam nonumy eirmod tempor invidunt ut labore et dolore magna aliquyam erat, sed diam voluptua. A
					</description>
				</feature>
				<feature name="F_88EA87962355">
					<description>
						Lorem ipsum dolor sit amet, consetetur sadipscing elitr, sed diam nonumy eirmod tempor invidunt ut labore et dolore magna aliquyam erat, sed diam
					</description>
				</feature>
				<feature mandatory="true" name="N_2072278899__F_3FA40712058B">
					<description>
						
					</description>
				</feature>
				<feature name="F_B58BB34CEAC5">
					<description>
						Lorem ipsum dolor sit amet, consetetur sadipscing elitr, sed diam nonum
					</description>
				</feature>
				<feature name="F_78444AD28000">
					<description>
						Lorem ipsum dolor sit amet, consetetur sadipscing elitr, sed diam nonumy eirmod tempor invidunt ut labore et dolore magna aliquyam erat, sed diam voluptua. At vero eos et accusam et justo duo dolores et ea rebum. Stet clita k
					</description>
				</feature>
				<feature name="F_EA045B5E8E7E">
					<description>
						Lorem ipsum dolor sit amet, consetetur sadipscing eli
					</description>
				</feature>
				<feature name="F_356020ACABF5">
					<description>
						Lorem ipsum dolor sit amet, consetetur sadipscing elitr, sed diam n
					</description>
				</feature>
				<feature name="F_284D321910CE">
					<description>
						Lorem ipsum dolor sit amet, consetetur sadipscing elitr, sed diam nonum
					</description>
				</feature>
				<feature name="F_1E9EEBAE0336">
					<description>
						Lorem ipsum dolor sit amet, consetetur sadipscing elitr, sed diam nonumy ei
					</description>
				</feature>
				<feature name="F_26BB281A7B99">
					<description>
						Lorem ipsum dolor sit amet, consetetur sadipscing elitr, sed diam nonumy eirmod tempor invidunt ut labore et dolore magna aliquyam erat, sed diam voluptu
					</description>
				</feature>
				<or name="F_B9E67E940617">
					<description>
						Lorem ipsum dolor sit amet, consetetur sadipscing elitr, sed di
					</description>
					<feature mandatory="true" name="F_98FBBD56D38F">
						<description>
							
						</description>
					</feature>
					<feature mandatory="true" name="F_9767B30CF1AF">
						<description>
							
						</description>
					</feature>
				</or>
				<alt name="F_AB93BAB9255A">
					<description>
						Lorem ipsum dolor sit amet, consetetur sadipscing elitr, sed diam
					</description>
					<feature mandatory="true" name="F_3498516B3125">
						<description>
							
						</description>
					</feature>
					<feature mandatory="true" name="F_413F8647197A">
						<description>
							
						</description>
					</feature>
					<feature mandatory="true" name="F_83E142120CDE">
						<description>
							
						</description>
					</feature>
				</alt>
				<feature name="F_37C3684F1C2A">
					<description>
						Lorem ipsum dolor sit amet, consetetur sadipscing elitr, sed diam nonumy eir
					</description>
				</feature>
				<feature name="F_857BAA3AA7D1">
					<description>
						Lorem ipsum dolor sit amet, consetetur sadipscing elitr, sed diam nonumy e
					</description>
				</feature>
			</and>
		</struct>
		<constraints>
			<rule>
				<imp>
					<var>F_EE9476FFE732</var>
					<var>F_466576092406</var>
				</imp>
			</rule>
			<rule>
				<not>
					<conj>
						<not>
							<var>F_EE9476FFE732</var>
						</not>
						<var>F_466576092406</var>
					</conj>
				</not>
			</rule>
			<rule>
				<imp>
					<var>F_EE9476FFE732</var>
					<var>F_ED39CF9B120E</var>
				</imp>
			</rule>
			<rule>
				<not>
					<conj>
						<not>
							<var>F_EE9476FFE732</var>
						</not>
						<var>F_ED39CF9B120E</var>
					</conj>
				</not>
			</rule>
			<rule>
				<imp>
					<var>F_EE9476FFE732</var>
					<var>F_8E0692694689</var>
				</imp>
			</rule>
			<rule>
				<not>
					<conj>
						<not>
							<var>F_EE9476FFE732</var>
						</not>
						<var>F_8E0692694689</var>
					</conj>
				</not>
			</rule>
			<rule>
				<imp>
					<var>F_EE9476FFE732</var>
					<var>F_7C42BF391C11</var>
				</imp>
			</rule>
			<rule>
				<not>
					<conj>
						<not>
							<var>F_EE9476FFE732</var>
						</not>
						<var>F_300290481B1A</var>
					</conj>
				</not>
			</rule>
			<rule>
				<not>
					<conj>
						<not>
							<var>F_D8A356C2678B</var>
						</not>
						<var>F_D37C91A69D94</var>
					</conj>
				</not>
			</rule>
			<rule>
				<not>
					<conj>
						<not>
							<var>F_D8A356C2678B</var>
						</not>
						<var>F_90CCCD098AA6</var>
					</conj>
				</not>
			</rule>
			<rule>
				<not>
					<conj>
						<not>
							<var>F_EE9476FFE732</var>
						</not>
						<var>F_D301A881B9D5</var>
					</conj>
				</not>
			</rule>
			<rule>
				<not>
					<conj>
						<not>
							<var>F_EE9476FFE732</var>
						</not>
						<var>F_491B5B403498</var>
					</conj>
				</not>
			</rule>
			<rule>
				<imp>
					<var>F_EE9476FFE732</var>
					<var>F_AD17FA95298D</var>
				</imp>
			</rule>
			<rule>
				<not>
					<conj>
						<not>
							<var>F_EE9476FFE732</var>
						</not>
						<var>F_AD17FA95298D</var>
					</conj>
				</not>
			</rule>
			<rule>
				<not>
					<conj>
						<not>
							<var>F_EE9476FFE732</var>
						</not>
						<var>F_861FAC4B2BBA</var>
					</conj>
				</not>
			</rule>
			<rule>
				<not>
					<conj>
						<not>
							<var>F_EE9476FFE732</var>
						</not>
						<var>F_77DFAC79E119</var>
					</conj>
				</not>
			</rule>
			<rule>
				<not>
					<conj>
						<not>
							<var>F_EE9476FFE732</var>
						</not>
						<var>F_06FB1D35C431</var>
					</conj>
				</not>
			</rule>
			<rule>
				<not>
					<conj>
						<not>
							<var>F_49977D5B3C86</var>
						</not>
						<var>F_68A29EC10620</var>
					</conj>
				</not>
			</rule>
			<rule>
				<not>
					<conj>
						<not>
							<var>F_49977D5B3C86</var>
						</not>
						<var>F_DE57DC2BA683</var>
					</conj>
				</not>
			</rule>
			<rule>
				<not>
					<conj>
						<not>
							<var>F_49977D5B3C86</var>
						</not>
						<var>F_A117CF33BF99</var>
					</conj>
				</not>
			</rule>
			<rule>
				<not>
					<conj>
						<not>
							<var>F_49977D5B3C86</var>
						</not>
						<var>F_B9DE8DC6BBE8</var>
					</conj>
				</not>
			</rule>
			<rule>
				<not>
					<conj>
						<not>
							<var>F_49977D5B3C86</var>
						</not>
						<var>F_976B6B409804</var>
					</conj>
				</not>
			</rule>
			<rule>
				<not>
					<conj>
						<not>
							<var>F_49977D5B3C86</var>
						</not>
						<var>F_5EEF02682907</var>
					</conj>
				</not>
			</rule>
			<rule>
				<not>
					<conj>
						<not>
							<var>F_D8A356C2678B</var>
						</not>
						<var>F_268B746ACEBA</var>
					</conj>
				</not>
			</rule>
			<rule>
				<not>
					<conj>
						<not>
							<var>F_49977D5B3C86</var>
						</not>
						<var>F_88EA87962355</var>
					</conj>
				</not>
			</rule>
			<rule>
				<not>
					<conj>
						<not>
							<var>F_268B746ACEBA</var>
						</not>
						<var>F_B58BB34CEAC5</var>
					</conj>
				</not>
			</rule>
			<rule>
				<imp>
					<var>F_268B746ACEBA</var>
					<var>F_B58BB34CEAC5</var>
				</imp>
			</rule>
			<rule>
				<imp>
					<disj>
						<var>F_EE9476FFE732</var>
						<var>F_49977D5B3C86</var>
					</disj>
					<var>F_78444AD28000</var>
				</imp>
			</rule>
			<rule>
				<not>
					<conj>
						<conj>
							<not>
								<var>F_EE9476FFE732</var>
							</not>
							<not>
								<var>F_49977D5B3C86</var>
							</not>
						</conj>
						<var>F_78444AD28000</var>
					</conj>
				</not>
			</rule>
			<rule>
				<imp>
					<disj>
						<var>F_EE9476FFE732</var>
						<disj>
							<var>F_49977D5B3C86</var>
							<disj>
								<var>F_95F7EBB7C597</var>
								<disj>
									<var>F_DCE2F40B953E</var>
									<var>F_4DA8596C3DB7</var>
								</disj>
							</disj>
						</disj>
					</disj>
					<var>F_EA045B5E8E7E</var>
				</imp>
			</rule>
			<rule>
				<not>
					<conj>
						<conj>
							<not>
								<var>F_EE9476FFE732</var>
							</not>
							<conj>
								<not>
									<var>F_49977D5B3C86</var>
								</not>
								<conj>
									<not>
										<var>F_95F7EBB7C597</var>
									</not>
									<conj>
										<not>
											<var>F_DCE2F40B953E</var>
										</not>
										<not>
											<var>F_4DA8596C3DB7</var>
										</not>
									</conj>
								</conj>
							</conj>
						</conj>
						<var>F_EA045B5E8E7E</var>
					</conj>
				</not>
			</rule>
			<rule>
				<not>
					<conj>
						<not>
							<var>F_88EA87962355</var>
						</not>
						<var>F_356020ACABF5</var>
					</conj>
				</not>
			</rule>
			<rule>
				<imp>
					<var>F_88EA87962355</var>
					<var>F_356020ACABF5</var>
				</imp>
			</rule>
			<rule>
				<imp>
					<var>F_D37C91A69D94</var>
					<var>F_284D321910CE</var>
				</imp>
			</rule>
			<rule>
				<not>
					<conj>
						<not>
							<var>F_D37C91A69D94</var>
						</not>
						<var>F_284D321910CE</var>
					</conj>
				</not>
			</rule>
			<rule>
				<imp>
					<var>F_300290481B1A</var>
					<var>F_1E9EEBAE0336</var>
				</imp>
			</rule>
			<rule>
				<not>
					<conj>
						<not>
							<var>F_300290481B1A</var>
						</not>
						<var>F_1E9EEBAE0336</var>
					</conj>
				</not>
			</rule>
			<rule>
				<not>
					<conj>
						<not>
							<var>F_EE9476FFE732</var>
						</not>
						<var>F_26BB281A7B99</var>
					</conj>
				</not>
			</rule>
			<rule>
				<imp>
					<var>F_B58BB34CEAC5</var>
					<var>F_26BB281A7B99</var>
				</imp>
			</rule>
			<rule>
				<not>
					<conj>
						<not>
							<var>F_D301A881B9D5</var>
						</not>
						<var>F_AB93BAB9255A</var>
					</conj>
				</not>
			</rule>
			<rule>
				<imp>
					<var>F_D301A881B9D5</var>
					<var>F_AB93BAB9255A</var>
				</imp>
			</rule>
			<rule>
				<imp>
					<var>F_616623013F0E</var>
					<var>F_37C3684F1C2A</var>
				</imp>
			</rule>
			<rule>
				<not>
					<conj>
						<not>
							<var>F_616623013F0E</var>
						</not>
						<var>F_37C3684F1C2A</var>
					</conj>
				</not>
			</rule>
			<rule>
				<imp>
					<var>F_2B5CE92D540D</var>
					<var>F_857BAA3AA7D1</var>
				</imp>
			</rule>
			<rule>
				<not>
					<conj>
						<not>
							<var>F_2B5CE92D540D</var>
						</not>
						<var>F_857BAA3AA7D1</var>
					</conj>
				</not>
			</rule>
			<rule>
				<imp>
					<var>F_05031F727B3F</var>
					<var>F_98FBBD56D38F</var>
				</imp>
			</rule>
			<rule>
				<not>
					<conj>
						<not>
							<var>F_05031F727B3F</var>
						</not>
						<var>F_98FBBD56D38F</var>
					</conj>
				</not>
			</rule>
			<rule>
				<imp>
					<var>F_CCED0D63B88F</var>
					<var>F_9767B30CF1AF</var>
				</imp>
			</rule>
			<rule>
				<not>
					<conj>
						<not>
							<var>F_CCED0D63B88F</var>
						</not>
						<var>F_9767B30CF1AF</var>
					</conj>
				</not>
			</rule>
			<rule>
				<imp>
					<var>F_2E7C625562B3</var>
					<var>F_3498516B3125</var>
				</imp>
			</rule>
		</constraints>
		<calculations Auto="true" Constraints="true" Features="true" Redundant="true" Tautology="true"/>
		<comments>
			<c/>
		</comments>
		<featureOrder userDefined="false"/>
	</featureModel>
