<?xml version="1.0" encoding="UTF-8" standalone="no"?>
	<featureModel>
		<properties/>
		<struct>
			<and mandatory="true" name="N_2056103036__F_853B123D460D">
				<description>
					Lorem
				</description>
				<alt mandatory="true" name="F_A6D96E06A819">
					<description>
						Lorem ipsum dolor sit amet, consetetur sadipscing elitr, sed diam nonumy eirmod tempor invidunt ut labore et dolore magna aliquyam erat, sed diam voluptua. At vero eos et accusam et justo duo dolores et ea rebum. Stet clita kasd gub
					</description>
					<feature mandatory="true" name="F_D9D58D5875D3">
						<description>
							
						</description>
					</feature>
					<feature mandatory="true" name="F_FDE17D3B2871">
						<description>
							
						</description>
					</feature>
				</alt>
				<alt mandatory="true" name="F_6A93B618E4DA">
					<description>
						Lorem ipsum dolor sit amet, consetetur sadipscing elitr, sed diam nonumy eirmod tempor invidunt ut labore et dolore magna aliquyam erat, sed diam voluptua. At vero eos et accusam et justo duo dolores et ea rebum. Stet clita kasd gubergren, no sea takimata sanctus est Lorem ipsum dolor sit amet. Lorem ipsum dolor sit amet, consetetur sadipscing elitr, sed diam nonumy eirmod tempor invidunt ut labore et dolo
					</description>
					<feature mandatory="true" name="F_00314D160453">
						<description>
							
						</description>
					</feature>
					<feature mandatory="true" name="F_1B2116C9DB25">
						<description>
							
						</description>
					</feature>
				</alt>
				<alt mandatory="true" name="F_EB3B70077EE5">
					<description>
						Lorem ipsum dolor sit amet, consetetur sadipscing elitr, sed diam nonumy eirmod tempor invidunt ut labore et dolore magna aliquyam erat, sed diam voluptua. At vero eos et accusam et justo duo dolores et ea rebum. Stet clita kasd gubergren, no sea takimata sanctus est Lorem ipsu
					</description>
					<feature mandatory="true" name="F_0BEEB305B7B2">
						<description>
							
						</description>
					</feature>
					<feature mandatory="true" name="F_EDFC0226027C">
						<description>
							Lorem ipsum dolor sit amet, consetetu
						</description>
					</feature>
					<feature mandatory="true" name="F_04339D370BBB">
						<description>
							Lorem ipsum dolor sit amet, consetet
						</description>
					</feature>
					<feature mandatory="true" name="F_AD349242D02C">
						<description>
							Lorem ipsum dolor sit ame
						</description>
					</feature>
				</alt>
				<or mandatory="true" name="F_BB651017E2D3">
					<description>
						Lorem ipsum dolor sit amet, consetetur sadipscing elitr, sed diam nonumy eirmod tempor invidunt ut labore et dolore magna aliquyam erat, sed diam voluptua. At vero eos et accusam et justo duo dolores et ea rebum. Stet clita kasd gubergren, no sea takimata sanctus est Lorem ipsum dolor sit amet. Lorem ipsum do
					</description>
					<feature mandatory="true" name="F_8E7446E1614A">
						<description>
							Lorem ipsum dolor sit amet, consetetur s
						</description>
					</feature>
					<feature mandatory="true" name="F_A5E8FDA3818C">
						<description>
							Lorem ipsum dolor sit amet, consetetur sadips
						</description>
					</feature>
					<feature mandatory="true" name="F_653C39750393">
						<description>
							Lorem ipsum dolo
						</description>
					</feature>
					<feature mandatory="true" name="F_527848112E41">
						<description>
							Lorem ipsum dolor sit amet, consetetur
						</description>
					</feature>
					<feature mandatory="true" name="F_7691B4DCBA28">
						<description>
							Lorem ipsum dolo
						</description>
					</feature>
					<feature mandatory="true" name="F_10ACE00A2066">
						<description>
							Lorem ipsum dolo
						</description>
					</feature>
					<feature mandatory="true" name="F_F4C06873A791">
						<description>
							Lorem ipsum dolo
						</description>
					</feature>
					<feature mandatory="true" name="F_CA8E07F901CD">
						<description>
							Lorem ipsum dolor sit amet, consetetur sadipscing
						</description>
					</feature>
					<feature mandatory="true" name="F_ED7DA07D70AC">
						<description>
							Lorem ipsum dolo
						</description>
					</feature>
					<feature mandatory="true" name="F_88BADCAA1BDD">
						<description>
							Lorem ipsum dolor sit amet, co
						</description>
					</feature>
					<feature mandatory="true" name="F_4E8AFC1B392C">
						<description>
							Lorem ipsum dolo
						</description>
					</feature>
					<feature mandatory="true" name="F_F6F66777E8FA">
						<description>
							Lorem ipsum dolo
						</description>
					</feature>
					<feature mandatory="true" name="F_64D29CC47EE4">
						<description>
							Lorem ipsum dolor sit amet, con
						</description>
					</feature>
					<feature mandatory="true" name="F_8ECA615E7D59">
						<description>
							Lorem ipsum dolo
						</description>
					</feature>
					<feature mandatory="true" name="F_9488D6346622">
						<description>
							Lorem ipsum dolor sit amet, c
						</description>
					</feature>
					<feature mandatory="true" name="F_EA9DF6B59814">
						<description>
							Lorem ipsum dolor sit amet, c
						</description>
					</feature>
					<feature mandatory="true" name="F_3FBEC839E3F3">
						<description>
							Lorem ipsum dolor sit amet,
						</description>
					</feature>
					<feature mandatory="true" name="F_E53C9F8678A3">
						<description>
							Lorem ipsum dolor
						</description>
					</feature>
					<feature mandatory="true" name="F_599105A754BF">
						<description>
							Lorem ipsum dolor si
						</description>
					</feature>
					<feature mandatory="true" name="F_4660F8975960">
						<description>
							Lorem ipsum dolor sit ame
						</description>
					</feature>
					<feature mandatory="true" name="F_7517FD6972A1">
						<description>
							Lorem ipsum dolor
						</description>
					</feature>
					<feature mandatory="true" name="F_505132AED968">
						<description>
							Lorem ipsum dolor s
						</description>
					</feature>
					<feature mandatory="true" name="F_C211EA286CCD">
						<description>
							Lorem ipsum dolo
						</description>
					</feature>
					<feature mandatory="true" name="F_DD711B14CCC3">
						<description>
							Lorem ipsum dolo
						</description>
					</feature>
					<feature mandatory="true" name="F_C0F965260818">
						<description>
							Lore
						</description>
					</feature>
					<feature mandatory="true" name="F_63869E0E34F9">
						<description>
							Lorem ipsum dolo
						</description>
					</feature>
					<feature mandatory="true" name="F_18C37BDD716E">
						<description>
							Lorem ipsum dolo
						</description>
					</feature>
					<feature mandatory="true" name="F_5F79938FADDD">
						<description>
							Lorem ipsum dolo
						</description>
					</feature>
					<feature mandatory="true" name="F_9CB540B882C3">
						<description>
							Lorem ipsum dolo
						</description>
					</feature>
					<feature mandatory="true" name="F_2BD8C748CB6C">
						<description>
							Lorem ipsum d
						</description>
					</feature>
					<feature mandatory="true" name="F_2ECD1C0AF696">
						<description>
							Lorem ipsum dolo
						</description>
					</feature>
				</or>
				<alt mandatory="true" name="F_DE184EEA1EF7">
					<description>
						Lorem ipsum dolor sit amet, consetetur sadipscing elitr, sed diam nonumy eirmod tempor invidunt ut labore et dolore magna aliquyam erat, sed diam voluptua. At vero eos et accusam et justo duo dolores et ea rebum. Stet clita kasd gubergren, no sea takimata sanctus est Lorem ipsum dol
					</description>
					<feature mandatory="true" name="F_64B840F0C497">
						<description>
							Lorem ipsum dolor sit a
						</description>
					</feature>
					<feature mandatory="true" name="F_138D9316FF64">
						<description>
							Lorem ipsum dolor sit amet, consetetur sad
						</description>
					</feature>
					<feature mandatory="true" name="F_0DFB63DFD7A1">
						<description>
							Lorem ipsum dolor sit amet, consetetur sadips
						</description>
					</feature>
				</alt>
				<or mandatory="true" name="F_DF216E811728">
					<description>
						Lorem ipsum dolor sit amet, consetetur sadipscing elitr, sed diam nonumy eirmod tempor invidunt ut labore et dolore magna aliquyam erat, sed diam voluptua. At vero eos et accusam et justo duo dolores et ea rebum. Stet clita kasd gubergren, no sea takimata sanctus est Lorem ipsum dolor sit amet. Lorem ipsum dolor sit amet, consetetur sadipscing elitr, sed diam nonumy eirmod tempor invidunt ut labore et dolore magna aliquyam erat, sed diam voluptua. At vero eos et accusam et justo duo dolores et ea rebum. Stet clita kasd gubergren, no sea takimata sanctus est Lorem ipsum dolor sit amet. Lorem ipsum dolor sit amet, consetetur sadipscing elitr, sed diam n
					</description>
					<feature mandatory="true" name="F_0C18C6E433BE">
						<description>
							Lorem ipsum dolor sit amet, cons
						</description>
					</feature>
					<feature mandatory="true" name="F_2A0FB109C8D9">
						<description>
							Lorem ipsum dolor sit amet, consete
						</description>
					</feature>
					<feature mandatory="true" name="F_8A977FED5DE6">
						<description>
							Lorem ipsum dolor sit amet, consetetur sadips
						</description>
					</feature>
					<feature mandatory="true" name="F_D57634D68765">
						<description>
							Lorem ipsum dolor sit amet
						</description>
					</feature>
					<feature mandatory="true" name="F_ED31DA63281D">
						<description>
							Lorem ipsum dolor sit amet, conset
						</description>
					</feature>
				</or>
				<alt mandatory="true" name="F_49F99B7DC7F9">
					<description>
						Lorem ipsum dolor sit amet, consetetur sadipscing elitr, sed diam nonumy eirmod tempor invidunt ut labore et dolore magna aliquyam erat, sed diam voluptua. At vero eos et accusam et justo duo dolores et ea rebum. Stet clita ka
					</description>
					<feature mandatory="true" name="F_5E2EEF6E2F6D">
						<description>
							
						</description>
					</feature>
					<feature mandatory="true" name="F_FF5EE2BB98AA">
						<description>
							
						</description>
					</feature>
				</alt>
				<alt mandatory="true" name="F_97FF7EA69619">
					<description>
						Lorem ipsum dolor sit amet, consetetur sadipscing elitr, sed diam nonumy eirmod tempor invidunt ut labore et dolore magna aliquyam erat, sed diam voluptua. At vero eos et accusam et justo duo dolo
					</description>
					<feature mandatory="true" name="F_9738BCC267AC">
						<description>
							Lorem ipsum dolor sit a
						</description>
					</feature>
					<feature mandatory="true" name="F_2A1F5B8C948A">
						<description>
							Lorem ipsum dolor si
						</description>
					</feature>
				</alt>
				<alt mandatory="true" name="F_D42999B4A545">
					<description>
						Lorem ipsum dolor sit amet, consetetur sadipscing elitr, sed diam nonumy eirmod tempor invidunt ut labore et dolore magna aliquyam erat, sed diam voluptua. At vero eos et accusa
					</description>
					<feature mandatory="true" name="F_7E719D72124E">
						<description>
							
						</description>
					</feature>
					<feature mandatory="true" name="F_BA2AEA4A8B80">
						<description>
							
						</description>
					</feature>
				</alt>
				<alt mandatory="true" name="F_C01E0E392C2C">
					<description>
						Lorem ipsum dolor sit amet, consetetur sadipscing elitr, sed diam nonumy eirmod tempor invidunt ut labore et dolore magna aliquyam erat, sed diam voluptua. At vero eos et accusam et justo d
					</description>
					<feature mandatory="true" name="F_04DE33B0D0AD">
						<description>
							
						</description>
					</feature>
					<feature mandatory="true" name="F_CA761915D8C5">
						<description>
							
						</description>
					</feature>
				</alt>
				<feature name="F_0E13498C0222">
					<description>
						Lorem ipsum dolor sit amet, consetetur sadipscing elitr, sed diam nonumy eirmod tempor invidunt ut labore et dolore magna aliquyam erat, sed diam voluptua. At vero eos et accusam et justo duo dolores et ea rebum. Stet clita kasd gubergren, no sea takimata sanctus est Lorem ipsum dolor
					</description>
				</feature>
				<feature name="F_824176354E3F">
					<description>
						Lorem ipsum dolor sit amet, consetetur sadipscing elitr, sed dia
					</description>
				</feature>
				<feature name="F_8491700A3DBE">
					<description>
						Lorem ipsum dolor sit amet, co
					</description>
				</feature>
				<feature name="F_8D393FCFA31F">
					<description>
						Lorem ipsum dolor sit amet, consetetur sadipscing elitr, sed diam nonumy eirmod tempor invidunt ut labore et
					</description>
				</feature>
				<feature name="F_1A805DA3564D">
					<description>
						
					</description>
				</feature>
				<feature name="F_64BB0CD7804E">
					<description>
						Lorem ipsum dolor sit amet, consetetur sadipscing elitr, sed diam nonumy eirmod tempor invidunt ut labore et dolore magna aliquyam erat, sed diam voluptua. At vero eos et accusam et j
					</description>
				</feature>
				<feature name="F_29FDBC0F24D1">
					<description>
						Lorem ipsum dolor sit amet, consetetur sadipscing elitr, sed diam nonumy eirmod tempor invidunt ut labore et dolore magna aliquyam erat, sed diam voluptua. At vero eos et accusam et justo duo dolo
					</description>
				</feature>
				<feature name="F_72649A9B5EAD">
					<description>
						Lorem ipsum dolor sit amet, consetetur sadipscing elitr, sed diam nonumy eirmod tempor invidunt ut labore et dolore magna aliquyam erat, sed diam voluptua. At vero eos e
					</description>
				</feature>
				<feature name="F_95236D86CF61">
					<description>
						
					</description>
				</feature>
				<feature name="F_09A009BB31E8">
					<description>
						Lorem ipsum dolor sit amet, consetetur sadipscing elitr, sed diam nonumy eirmod tempor invidunt ut labore et dolore magna aliquyam erat, sed diam voluptua. At vero eos et accusam et justo duo dolores et ea rebum. Stet
					</description>
				</feature>
				<feature name="F_2F9BD0337F75">
					<description>
						Lorem ipsum dolor sit amet, consetetur sadipscing elitr, sed diam nonumy eirmod tempor invidunt ut labore et dolore magna aliquyam erat, sed d
					</description>
				</feature>
				<feature name="F_7BE6833C3E16">
					<description>
						Lorem ipsum dolor sit amet, consetetur sadipscing elitr, sed diam nonumy eirmod tempor invidunt ut la
					</description>
				</feature>
				<feature name="F_AF33572219A8">
					<description>
						Lorem ipsum dolor sit amet, consetetur sadipscing elitr,
					</description>
				</feature>
				<feature name="F_500C741C3629">
					<description>
						Lorem ipsum dolor sit amet, consetetur sadipscing elitr, sed diam nonumy eirmod tempor invidun
					</description>
				</feature>
				<feature name="F_24632921D199">
					<description>
						Lorem ipsum dolor sit amet, consetetur sadipscing elitr, sed diam nonumy eirmod tempor invidunt ut labore et dolore magna aliquyam erat, sed diam v
					</description>
				</feature>
				<feature name="N_2056103036__F_63D039662345">
					<description>
						
					</description>
				</feature>
				<feature name="N_2056103036__F_28DBF4688B18">
					<description>
						
					</description>
				</feature>
				<alt mandatory="true" name="N_2056103036__F_D021AE459933">
					<description>
						
					</description>
					<feature mandatory="true" name="N_2056103036__F_796E0789772E">
						<description>
							
						</description>
					</feature>
					<feature mandatory="true" name="N_2056103036__F_8C667B5BF18C">
						<description>
							
						</description>
					</feature>
				</alt>
				<alt mandatory="true" name="N_2056103036__F_7D034A641B16">
					<description>
						
					</description>
					<feature mandatory="true" name="N_2056103036__F_479BCBA035D0">
						<description>
							
						</description>
					</feature>
					<feature mandatory="true" name="N_2056103036__F_F48A4994323E">
						<description>
							
						</description>
					</feature>
					<feature mandatory="true" name="N_2056103036__F_A3E19A7D0AAE">
						<description>
							
						</description>
					</feature>
				</alt>
				<alt mandatory="true" name="N_2056103036__F_6C699C8BDC34">
					<description>
						Lorem ipsum dolor sit amet, consetetur sadipscing elitr,
					</description>
					<feature mandatory="true" name="N_2056103036__F_F1CFB3EAE4A0">
						<description>
							
						</description>
					</feature>
					<feature mandatory="true" name="N_2056103036__F_962DAA2C5E1F">
						<description>
							
						</description>
					</feature>
				</alt>
				<and name="N_2056103036__F_360D6496FCD3">
					<description>
						
					</description>
					<feature name="N_2056103036__F_053DB81D3402">
						<description>
							
						</description>
					</feature>
					<feature name="N_2056103036__F_BD2AF3EE75CA">
						<description>
							
						</description>
					</feature>
					<feature name="N_2056103036__F_F63979FF259B">
						<description>
							
						</description>
					</feature>
					<feature name="N_2056103036__F_715BED3FC5A3">
						<description>
							
						</description>
					</feature>
				</and>
				<feature name="F_B4D667A8A77B">
					<description>
						
					</description>
				</feature>
				<and name="F_57C49AAE5619">
					<description>
						
					</description>
					<feature name="F_5201889776E4">
						<description>
							Lorem ipsum dolor sit amet, consetetur sadipscing elitr, sed diam nonu
						</description>
					</feature>
				</and>
				<and name="F_682A9D4CA6B1">
					<description>
						
					</description>
					<feature name="F_AC60E106EC44">
						<description>
							Lorem ipsum dolor sit amet, con
						</description>
					</feature>
				</and>
				<and name="N_2056103036__F_38407F2D6979">
					<description>
						
					</description>
					<feature name="N_2056103036__F_5C5FDA183ADE">
						<description>
							Lorem ipsum dolor sit amet, consetetur sadipscing elitr, sed diam nonumy eirmod
						</description>
					</feature>
				</and>
				<and name="F_21BF4CA530DC">
					<description>
						Lorem ipsum dolor sit amet, consetetur sadipscing elitr, sed diam
					</description>
					<feature name="F_5693CF2B387A">
						<description>
							Lorem ipsum dolor sit amet, consetetur sadipscing elitr, sed diam
						</description>
					</feature>
					<feature name="F_6F3DDBD1DAC4">
						<description>
							Lorem ipsum dolor sit amet, consete
						</description>
					</feature>
					<feature name="F_53DD79D09CB3">
						<description>
							Lorem ipsum dolor sit amet, consetetur sadipscing elitr, sed dia
						</description>
					</feature>
					<feature name="F_FD4CCA895BEA">
						<description>
							Lorem ipsum dolor s
						</description>
					</feature>
					<feature name="F_70704D545C6B">
						<description>
							Lorem ipsum dolor sit amet, consetetur
						</description>
					</feature>
					<feature name="F_B347D8162ECA">
						<description>
							Lorem ipsum dolor sit amet, c
						</description>
					</feature>
				</and>
				<alt mandatory="true" name="I_1033659125__F_0CBFDA4B639D">
					<description>
						
					</description>
					<feature mandatory="true" name="I_1033659125__F_DBD4C18E782C">
						<description>
							
						</description>
					</feature>
					<feature mandatory="true" name="I_1033659125__F_459BEA524CFD">
						<description>
							Lorem ipsum dolor sit amet, consete
						</description>
					</feature>
					<feature mandatory="true" name="I_1033659125__F_6EFA375636CA">
						<description>
							
						</description>
					</feature>
					<feature mandatory="true" name="I_1033659125__F_E02CD06CCBF1">
						<description>
							
						</description>
					</feature>
					<feature mandatory="true" name="I_1033659125__F_EC69743610BE">
						<description>
							Lorem ipsum dolor sit
						</description>
					</feature>
					<feature mandatory="true" name="I_1033659125__F_1CD393C334EE">
						<description>
							
						</description>
					</feature>
					<feature mandatory="true" name="I_1033659125__F_CA4915181934">
						<description>
							
						</description>
					</feature>
					<feature mandatory="true" name="I_1033659125__F_96A1E86B10B9">
						<description>
							
						</description>
					</feature>
					<feature mandatory="true" name="I_1033659125__F_A7FADFCD98CF">
						<description>
							
						</description>
					</feature>
					<feature mandatory="true" name="I_1033659125__F_B9939DDE4510">
						<description>
							
						</description>
					</feature>
					<feature mandatory="true" name="I_1033659125__F_687AA7B82184">
						<description>
							Lorem ipsum dolor s
						</description>
					</feature>
					<feature mandatory="true" name="I_1033659125__F_836A74B254BB">
						<description>
							
						</description>
					</feature>
					<feature mandatory="true" name="I_1033659125__F_CD7972CAF24D">
						<description>
							
						</description>
					</feature>
					<feature mandatory="true" name="I_1033659125__F_59E231AFA0DC">
						<description>
							Lorem ipsum dolor si
						</description>
					</feature>
					<feature mandatory="true" name="I_1033659125__F_E54493E106E1">
						<description>
							
						</description>
					</feature>
					<feature mandatory="true" name="I_1033659125__F_6F39488B01B6">
						<description>
							
						</description>
					</feature>
					<feature mandatory="true" name="I_1033659125__F_AABA85D5AEA2">
						<description>
							
						</description>
					</feature>
					<feature mandatory="true" name="I_1033659125__F_5A197772A540">
						<description>
							
						</description>
					</feature>
					<feature mandatory="true" name="I_1033659125__F_2F2E66161B6C">
						<description>
							
						</description>
					</feature>
					<feature mandatory="true" name="I_1033659125__F_11C42B9DCBE2">
						<description>
							
						</description>
					</feature>
					<feature mandatory="true" name="I_1033659125__F_F0A6FEF7F348">
						<description>
							
						</description>
					</feature>
					<feature mandatory="true" name="I_1033659125__F_0920572B04A9">
						<description>
							Lorem ipsum dolor sit a
						</description>
					</feature>
					<feature mandatory="true" name="I_1033659125__F_4128D529F774">
						<description>
							Lorem ipsum dolor sit amet, consetetur sadips
						</description>
					</feature>
					<feature mandatory="true" name="I_1033659125__F_F381D8DA65F4">
						<description>
							
						</description>
					</feature>
					<feature mandatory="true" name="I_1033659125__F_DF4121625C74">
						<description>
							Lorem ipsum dolor sit am
						</description>
					</feature>
					<feature mandatory="true" name="I_1033659125__F_BAB92562DE4E">
						<description>
							
						</description>
					</feature>
					<feature mandatory="true" name="I_1033659125__F_284411D9914C">
						<description>
							
						</description>
					</feature>
					<feature mandatory="true" name="I_1033659125__F_110B13A85554">
						<description>
							Lorem ipsu
						</description>
					</feature>
					<feature mandatory="true" name="I_1033659125__F_10F8B6E8796C">
						<description>
							Lorem ipsum
						</description>
					</feature>
					<feature mandatory="true" name="I_1033659125__F_141B0303591A">
						<description>
							Lorem ipsum dolor
						</description>
					</feature>
					<feature mandatory="true" name="I_1033659125__F_4F47C99EF772">
						<description>
							Lorem ipsum dolor s
						</description>
					</feature>
					<feature mandatory="true" name="I_1033659125__F_D906BADE4B66">
						<description>
							Lorem
						</description>
					</feature>
					<feature mandatory="true" name="I_1033659125__F_4AAEF6E9B3ED">
						<description>
							Lorem ipsum dolor sit amet, con
						</description>
					</feature>
					<feature mandatory="true" name="I_1033659125__F_81B74028E69C">
						<description>
							Lorem ipsum dolor sit amet, consetetur sa
						</description>
					</feature>
					<feature mandatory="true" name="I_1033659125__F_E30D3A26125F">
						<description>
							Lorem ipsum dolor sit a
						</description>
					</feature>
					<feature mandatory="true" name="I_1033659125__F_46B0F740A8CD">
						<description>
							
						</description>
					</feature>
				</alt>
				<alt mandatory="true" name="F_235006A9FB04">
					<description>
						
					</description>
					<feature mandatory="true" name="F_6F72458C9844">
						<description>
							
						</description>
					</feature>
					<feature mandatory="true" name="F_10907ECA496D">
						<description>
							
						</description>
					</feature>
					<feature mandatory="true" name="F_CCB40AD20A77">
						<description>
							
						</description>
					</feature>
				</alt>
				<alt mandatory="true" name="F_F732FF52C048">
					<description>
						
					</description>
					<feature mandatory="true" name="F_8EE664D61A81">
						<description>
							
						</description>
					</feature>
					<feature mandatory="true" name="F_0CD23ABCF286">
						<description>
							
						</description>
					</feature>
					<feature mandatory="true" name="F_25F72FD9526C">
						<description>
							
						</description>
					</feature>
					<feature mandatory="true" name="F_B615EB42AC19">
						<description>
							
						</description>
					</feature>
				</alt>
				<or mandatory="true" name="F_51D1DE2ABDAC">
					<description>
						Lorem ipsum dolor sit
					</description>
					<feature mandatory="true" name="F_467F704CA974">
						<description>
							Lorem ips
						</description>
					</feature>
					<feature mandatory="true" name="F_93819DCE81A1">
						<description>
							Lorem ipsu
						</description>
					</feature>
					<feature mandatory="true" name="F_E57B27BEE817">
						<description>
							Lorem ipsum dolor sit am
						</description>
					</feature>
					<feature mandatory="true" name="F_4C162D72561A">
						<description>
							Lorem ipsum dolor sit
						</description>
					</feature>
					<feature mandatory="true" name="F_0A8AF0A465FE">
						<description>
							Lorem ipsum dolor sit a
						</description>
					</feature>
					<feature mandatory="true" name="F_3443C2C9DE1A">
						<description>
							Lorem ipsum dolor
						</description>
					</feature>
					<feature mandatory="true" name="F_C3D69C875864">
						<description>
							Lorem ipsum dolor sit a
						</description>
					</feature>
					<feature mandatory="true" name="F_6F27F85508A5">
						<description>
							Lorem ipsum dolor sit amet,
						</description>
					</feature>
					<feature mandatory="true" name="F_1E498D47E342">
						<description>
							Lorem ipsum dolor sit amet
						</description>
					</feature>
					<feature mandatory="true" name="F_DD2C5522EC34">
						<description>
							Lorem ipsum dolor sit a
						</description>
					</feature>
					<feature mandatory="true" name="F_1C2BD79C6D5D">
						<description>
							Lorem ipsum dolor
						</description>
					</feature>
					<feature mandatory="true" name="F_EC63BAAA02FB">
						<description>
							Lorem ipsum dolor sit amet, consetet
						</description>
					</feature>
					<feature mandatory="true" name="F_BAFB91F50712">
						<description>
							Lorem ipsum dolor sit amet, cons
						</description>
					</feature>
					<feature mandatory="true" name="F_502C141BEDFE">
						<description>
							Lorem ipsum dolor sit amet, co
						</description>
					</feature>
					<feature mandatory="true" name="F_56DB81F53FC4">
						<description>
							Lorem ipsum dolor sit amet,
						</description>
					</feature>
					<feature mandatory="true" name="F_C6323B511A75">
						<description>
							Lorem ipsum dolor sit a
						</description>
					</feature>
					<feature mandatory="true" name="F_CB235C89CD2F">
						<description>
							Lorem ipsum dolor sit amet, consetetur s
						</description>
					</feature>
					<feature mandatory="true" name="F_3BB44E91B54E">
						<description>
							Lorem ipsum dolor
						</description>
					</feature>
					<feature mandatory="true" name="F_F253993756F9">
						<description>
							Lorem ipsum dolor s
						</description>
					</feature>
					<feature mandatory="true" name="F_E13B68F62DB7">
						<description>
							Lorem ipsum
						</description>
					</feature>
					<feature mandatory="true" name="F_8DAB7BF9B473">
						<description>
							Lorem ipsum dolor
						</description>
					</feature>
					<feature mandatory="true" name="F_B0F691D2F2C2">
						<description>
							Lorem ipsum dolor sit amet
						</description>
					</feature>
					<feature mandatory="true" name="F_8E538FFF197D">
						<description>
							Lorem ipsum dolor sit am
						</description>
					</feature>
				</or>
				<or mandatory="true" name="F_61593EA6EC06">
					<description>
						Lorem ipsum dolor sit amet, consetetur sadipscing elitr, sed diam no
					</description>
					<feature mandatory="true" name="F_F09C76712D7E">
						<description>
							Lorem ipsum d
						</description>
					</feature>
					<feature mandatory="true" name="F_58D808702C34">
						<description>
							Lorem ipsum do
						</description>
					</feature>
					<feature mandatory="true" name="F_711A18F8A887">
						<description>
							Lorem ipsum d
						</description>
					</feature>
					<feature mandatory="true" name="F_3F56F4A2079D">
						<description>
							Lorem ipsum dolor sit amet
						</description>
					</feature>
					<feature mandatory="true" name="F_15CD50CDD382">
						<description>
							Lorem ipsum dolor sit amet,
						</description>
					</feature>
					<feature mandatory="true" name="F_2150B391315C">
						<description>
							Lorem ipsum dolor sit amet,
						</description>
					</feature>
					<feature mandatory="true" name="F_12B04EDB4EE7">
						<description>
							Lorem ipsum d
						</description>
					</feature>
					<feature mandatory="true" name="F_0175325665FF">
						<description>
							Lorem ipsum d
						</description>
					</feature>
					<feature mandatory="true" name="F_E9AEEDC3DD85">
						<description>
							Lorem ipsum d
						</description>
					</feature>
					<feature mandatory="true" name="F_EA82E52D1108">
						<description>
							Lorem ipsum dolor sit
						</description>
					</feature>
					<feature mandatory="true" name="F_84BADBE04CCA">
						<description>
							Lorem ipsum d
						</description>
					</feature>
					<feature mandatory="true" name="F_7838CBD42BA2">
						<description>
							Lorem ipsum d
						</description>
					</feature>
					<feature mandatory="true" name="F_F86027FFC14F">
						<description>
							Lorem ipsum d
						</description>
					</feature>
					<feature mandatory="true" name="F_94DAEBB682BA">
						<description>
							Lorem ipsum d
						</description>
					</feature>
					<feature mandatory="true" name="F_D9354C2C7B40">
						<description>
							Lorem ipsum d
						</description>
					</feature>
					<feature mandatory="true" name="F_6F3CCF62D663">
						<description>
							Lorem ipsum dolor sit
						</description>
					</feature>
					<feature mandatory="true" name="F_B485272D750D">
						<description>
							Lorem ipsum dolor sit
						</description>
					</feature>
					<feature mandatory="true" name="F_863C5E281364">
						<description>
							Lorem ipsum dolor sit a
						</description>
					</feature>
					<feature mandatory="true" name="F_BF3EA2C84F08">
						<description>
							Lorem ipsum dol
						</description>
					</feature>
					<feature mandatory="true" name="F_AB1F8B5234FD">
						<description>
							Lorem ipsum dolor sit amet, c
						</description>
					</feature>
					<feature mandatory="true" name="F_01867A96760A">
						<description>
							Lorem ipsum dolor sit amet, con
						</description>
					</feature>
					<feature mandatory="true" name="F_E44F2A2B27F6">
						<description>
							Lorem ipsum dolor sit amet,
						</description>
					</feature>
				</or>
				<or mandatory="true" name="F_E654A824EDA2">
					<description>
						Lorem ipsum dolor sit amet, consetetur sadipscing elitr,
					</description>
					<feature mandatory="true" name="F_7D006634C5FC">
						<description>
							Lorem ipsum
						</description>
					</feature>
					<feature mandatory="true" name="F_781B24DA6227">
						<description>
							Lorem ipsum
						</description>
					</feature>
					<feature mandatory="true" name="F_A31B8D44C139">
						<description>
							Lorem ipsum
						</description>
					</feature>
					<feature mandatory="true" name="F_956731DBC6DF">
						<description>
							Lorem ipsum dolor sit am
						</description>
					</feature>
					<feature mandatory="true" name="F_D8CEBB5916D5">
						<description>
							Lorem ipsum dolor sit a
						</description>
					</feature>
					<feature mandatory="true" name="F_D790C38D2D10">
						<description>
							Lorem ipsum dolor sit a
						</description>
					</feature>
					<feature mandatory="true" name="F_C35ED1019AAF">
						<description>
							Lorem ipsum
						</description>
					</feature>
					<feature mandatory="true" name="F_D9C17D528F69">
						<description>
							Lorem ipsum
						</description>
					</feature>
					<feature mandatory="true" name="F_9D8CE8F03F0F">
						<description>
							Lorem ipsum
						</description>
					</feature>
					<feature mandatory="true" name="F_B569937D43CD">
						<description>
							Lorem ipsum
						</description>
					</feature>
					<feature mandatory="true" name="F_7BBDB4CE8D65">
						<description>
							Lorem ipsum dolor s
						</description>
					</feature>
					<feature mandatory="true" name="F_F3620861AE67">
						<description>
							Lorem ipsum
						</description>
					</feature>
					<feature mandatory="true" name="F_CBA7666EDD1A">
						<description>
							Lorem ipsum
						</description>
					</feature>
					<feature mandatory="true" name="F_2DDAFD0ED7C6">
						<description>
							Lorem ipsum
						</description>
					</feature>
					<feature mandatory="true" name="F_7BF6FCBF5C67">
						<description>
							Lorem ipsum
						</description>
					</feature>
					<feature mandatory="true" name="F_D2306F97A3E1">
						<description>
							Lorem ipsum
						</description>
					</feature>
					<feature mandatory="true" name="F_1385A27EFD3C">
						<description>
							Lorem ipsum dolor si
						</description>
					</feature>
					<feature mandatory="true" name="F_DDD11681F197">
						<description>
							Lorem ipsum dolor s
						</description>
					</feature>
					<feature mandatory="true" name="F_6022B832E03A">
						<description>
							Lorem ipsum dolo
						</description>
					</feature>
					<feature mandatory="true" name="F_D5DCF8EE397C">
						<description>
							Lorem ipsum d
						</description>
					</feature>
					<feature mandatory="true" name="F_93D14ECC97E6">
						<description>
							Lorem ipsum dolor sit amet,
						</description>
					</feature>
					<feature mandatory="true" name="F_DC21663F1CC0">
						<description>
							Lorem ipsum dolor sit amet, c
						</description>
					</feature>
					<feature mandatory="true" name="F_115DB8F38F0A">
						<description>
							Lorem ipsum dolor sit amet
						</description>
					</feature>
				</or>
				<alt mandatory="true" name="F_589E26BC870C">
					<description>
						Lorem ipsum dolor sit amet, consetetur sadipscing elitr, sed diam nonumy eirmod t
					</description>
					<feature mandatory="true" name="F_68593A33E583">
						<description>
							
						</description>
					</feature>
					<feature mandatory="true" name="F_68B33B3A7B20">
						<description>
							
						</description>
					</feature>
				</alt>
				<alt mandatory="true" name="F_D2A298A77B1F">
					<description>
						Lorem ipsum dolor sit amet, consetetur sadipscin
					</description>
					<feature mandatory="true" name="F_95D5D3A0BCD6">
						<description>
							
						</description>
					</feature>
					<feature mandatory="true" name="F_BCBD34B64CE0">
						<description>
							
						</description>
					</feature>
				</alt>
				<alt mandatory="true" name="F_708712580461">
					<description>
						Lorem ipsum dolor sit amet, consetetur sadip
					</description>
					<feature mandatory="true" name="F_DF1CA2B8F5DA">
						<description>
							
						</description>
					</feature>
					<feature mandatory="true" name="F_26B80F2ACF61">
						<description>
							
						</description>
					</feature>
				</alt>
				<alt mandatory="true" name="F_83FB3183339D">
					<description>
						Lorem ipsum dolor sit amet, consetetur sadip
					</description>
					<feature mandatory="true" name="F_F28973BC0BEF">
						<description>
							
						</description>
					</feature>
					<feature mandatory="true" name="F_C05F30A2B83D">
						<description>
							
						</description>
					</feature>
				</alt>
				<alt mandatory="true" name="F_FB2465BABE54">
					<description>
						
					</description>
					<feature mandatory="true" name="F_292A49AA0ABF">
						<description>
							
						</description>
					</feature>
					<feature mandatory="true" name="F_BF14CD808C26">
						<description>
							
						</description>
					</feature>
				</alt>
				<alt mandatory="true" name="F_27CEAB8954AB">
					<description>
						Lorem ipsum dolor sit amet, consetetur sadipscing elitr, sed diam nonumy eirmod tempor invidunt ut labore et dolore magna aliquyam erat, sed diam voluptua. At vero eos et accusam et justo duo dolores et ea re
					</description>
					<feature mandatory="true" name="F_234FEEEDCF46">
						<description>
							
						</description>
					</feature>
					<feature mandatory="true" name="F_87682FAF7D92">
						<description>
							
						</description>
					</feature>
				</alt>
				<alt mandatory="true" name="F_3D5A320D005E">
					<description>
						Lorem ipsum dolor sit amet, consetetur sadipscing elitr, sed diam nonumy eirmod tempor invidunt ut labore et dolore magna aliquyam erat, sed diam voluptua. At vero
					</description>
					<feature mandatory="true" name="F_99D361AE32C8">
						<description>
							
						</description>
					</feature>
					<feature mandatory="true" name="F_4E30EDE1D0B7">
						<description>
							
						</description>
					</feature>
				</alt>
				<or mandatory="true" name="F_EC6061387C1D">
					<description>
						Lorem ipsum dolor sit amet, consetetur sadipscing elitr, sed diam nonumy eirmod tempor
					</description>
					<feature mandatory="true" name="F_5B5F41CB6A1A">
						<description>
							
						</description>
					</feature>
					<feature mandatory="true" name="F_687341AEB58D">
						<description>
							
						</description>
					</feature>
					<feature mandatory="true" name="F_935585429A7F">
						<description>
							
						</description>
					</feature>
					<feature mandatory="true" name="F_CFF9AE9E354C">
						<description>
							
						</description>
					</feature>
					<feature mandatory="true" name="F_FC4778FF2B9D">
						<description>
							
						</description>
					</feature>
					<feature mandatory="true" name="F_D1DB3CA2F1E2">
						<description>
							
						</description>
					</feature>
					<feature mandatory="true" name="F_86093F4872D8">
						<description>
							
						</description>
					</feature>
					<feature mandatory="true" name="F_73FD9DBA5698">
						<description>
							
						</description>
					</feature>
					<feature mandatory="true" name="F_C2D6C4D2F7EF">
						<description>
							
						</description>
					</feature>
					<feature mandatory="true" name="F_CCA8363BEFF6">
						<description>
							
						</description>
					</feature>
					<feature mandatory="true" name="F_3B0D9D15AFC2">
						<description>
							
						</description>
					</feature>
				</or>
				<alt mandatory="true" name="F_C38895D05BC8">
					<description>
						Lorem ipsum dolor sit amet, consetet
					</description>
					<feature mandatory="true" name="F_13CD642178E2">
						<description>
							
						</description>
					</feature>
					<feature mandatory="true" name="F_A178D6F0906D">
						<description>
							
						</description>
					</feature>
				</alt>
				<alt mandatory="true" name="F_BD0B4FA69621">
					<description>
						Lorem ipsum dolor sit amet, consetetur sadipscing elitr, sed diam nonu
					</description>
					<feature mandatory="true" name="F_881510E5C0D8">
						<description>
							
						</description>
					</feature>
					<feature mandatory="true" name="F_7A0387561D03">
						<description>
							
						</description>
					</feature>
				</alt>
				<alt mandatory="true" name="F_A5BBFA482946">
					<description>
						Lorem ipsum dolor sit amet, consetetur sadipscing elitr, sed diam nonumy eirmod temp
					</description>
					<feature mandatory="true" name="F_51DE4C59349D">
						<description>
							
						</description>
					</feature>
					<feature mandatory="true" name="F_33C51970CA68">
						<description>
							
						</description>
					</feature>
				</alt>
				<alt mandatory="true" name="F_6A24FF0C06BE">
					<description>
						Lorem ipsum dolor sit amet, consetetur sadipscing elitr, sed diam nonumy eirmod tempor invidunt ut labore et dolore magna aliquyam erat, sed diam voluptua. At vero eos et accusam et justo duo dolores et
					</description>
					<feature mandatory="true" name="F_ED5C0F77D7A5">
						<description>
							
						</description>
					</feature>
					<feature mandatory="true" name="F_47FF81D60697">
						<description>
							
						</description>
					</feature>
				</alt>
				<alt mandatory="true" name="F_F2855219479F">
					<description>
						Lorem ipsum dolor sit amet, consetetur sadipscing elitr, sed diam nonumy eirmod tempor invidunt ut labore et dolore magna aliquyam erat, sed diam voluptua. At vero
					</description>
					<feature mandatory="true" name="F_C11785A1E697">
						<description>
							
						</description>
					</feature>
					<feature mandatory="true" name="F_43F0F67D9CC2">
						<description>
							
						</description>
					</feature>
				</alt>
				<or mandatory="true" name="F_F4A8195A09F5">
					<description>
						Lorem ipsum dolor sit amet, consetetur sadipscing elitr, sed diam nonumy eirmod tempor
					</description>
					<feature mandatory="true" name="F_1E6FAC64C392">
						<description>
							
						</description>
					</feature>
					<feature mandatory="true" name="F_156E67B825AA">
						<description>
							
						</description>
					</feature>
					<feature mandatory="true" name="F_12B2937AA236">
						<description>
							
						</description>
					</feature>
					<feature mandatory="true" name="F_E9D5561BB69A">
						<description>
							
						</description>
					</feature>
					<feature mandatory="true" name="F_0A531AEC540F">
						<description>
							
						</description>
					</feature>
					<feature mandatory="true" name="F_2F7090DA0FF1">
						<description>
							
						</description>
					</feature>
					<feature mandatory="true" name="F_AC1A4B2593AC">
						<description>
							
						</description>
					</feature>
					<feature mandatory="true" name="F_D36AF43C3656">
						<description>
							
						</description>
					</feature>
					<feature mandatory="true" name="F_D2BC9CE7A11C">
						<description>
							
						</description>
					</feature>
					<feature mandatory="true" name="F_93990CB3595E">
						<description>
							
						</description>
					</feature>
					<feature mandatory="true" name="F_C5206D7C3E07">
						<description>
							
						</description>
					</feature>
				</or>
				<alt mandatory="true" name="F_9E01B082DA87">
					<description>
						
					</description>
					<feature mandatory="true" name="F_2120C4BA4E87">
						<description>
							
						</description>
					</feature>
					<feature mandatory="true" name="F_FB8978C0FDCD">
						<description>
							
						</description>
					</feature>
				</alt>
				<alt mandatory="true" name="F_BA1C3372752E">
					<description>
						Lorem ipsum dolor sit amet, consetetur sadipscing elitr, se
					</description>
					<feature mandatory="true" name="F_88348C59857A">
						<description>
							
						</description>
					</feature>
					<feature mandatory="true" name="F_A00A0E798E80">
						<description>
							
						</description>
					</feature>
				</alt>
				<alt mandatory="true" name="F_EF64D704554B">
					<description>
						Lorem ipsum dolor sit amet, consetetur sadipscing elitr, s
					</description>
					<feature mandatory="true" name="F_BE91B79A5240">
						<description>
							
						</description>
					</feature>
					<feature mandatory="true" name="F_BAB57F9BB633">
						<description>
							
						</description>
					</feature>
				</alt>
				<alt mandatory="true" name="F_64A3B14CAC81">
					<description>
						Lorem ipsum dolor sit amet, consetetur sadipscing elitr, se
					</description>
					<feature mandatory="true" name="F_1D91B7C72015">
						<description>
							
						</description>
					</feature>
					<feature mandatory="true" name="F_5A7F1950A6D5">
						<description>
							
						</description>
					</feature>
				</alt>
				<alt mandatory="true" name="F_9E4A4F97E323">
					<description>
						Lorem ipsum dolor sit amet, consetetur sadipscing elitr,
					</description>
					<feature mandatory="true" name="F_5EA9308CCF1E">
						<description>
							
						</description>
					</feature>
					<feature mandatory="true" name="F_F883A4AA539D">
						<description>
							
						</description>
					</feature>
				</alt>
				<alt mandatory="true" name="F_C34D46621AA4">
					<description>
						
					</description>
					<feature mandatory="true" name="F_C92E8C1370F0">
						<description>
							
						</description>
					</feature>
					<feature mandatory="true" name="F_2350266B1BA0">
						<description>
							
						</description>
					</feature>
				</alt>
				<alt mandatory="true" name="F_14CCBE94F2A7">
					<description>
						Lorem ipsum dolor sit amet, consetetur sadipscin
					</description>
					<feature mandatory="true" name="F_FA9A84C685C9">
						<description>
							
						</description>
					</feature>
					<feature mandatory="true" name="F_89D8318189D5">
						<description>
							
						</description>
					</feature>
				</alt>
				<alt mandatory="true" name="F_7552F0FA370A">
					<description>
						Lorem ipsum dolor sit amet, consetetur sadipscing elitr, sed diam nonumy eirmod tempor invidunt ut labore
					</description>
					<feature mandatory="true" name="F_8952013117AA">
						<description>
							
						</description>
					</feature>
					<feature mandatory="true" name="F_360EEFDF66BC">
						<description>
							
						</description>
					</feature>
				</alt>
				<alt mandatory="true" name="F_D0B25C31B002">
					<description>
						
					</description>
					<feature mandatory="true" name="F_1CA767997872">
						<description>
							
						</description>
					</feature>
					<feature mandatory="true" name="F_FB4857870202">
						<description>
							
						</description>
					</feature>
				</alt>
				<alt mandatory="true" name="F_716B6C222717">
					<description>
						
					</description>
					<feature mandatory="true" name="F_9124CA8DF349">
						<description>
							
						</description>
					</feature>
					<feature mandatory="true" name="F_47849D97001B">
						<description>
							
						</description>
					</feature>
				</alt>
				<alt mandatory="true" name="F_1EDD6A0F7489">
					<description>
						
					</description>
					<feature mandatory="true" name="F_2AC41794FFF0">
						<description>
							
						</description>
					</feature>
					<feature mandatory="true" name="F_BE695DF10F95">
						<description>
							
						</description>
					</feature>
				</alt>
				<alt mandatory="true" name="F_C2AB9E001BC0">
					<description>
						Lorem ipsum dolor sit amet, consetetur sadipscing elitr, sed diam nonumy eirmod tempor invidunt ut labore et dolore magna aliquyam erat, sed diam voluptua. At vero eos et accusam et justo duo dolores et
					</description>
					<feature mandatory="true" name="F_B8C2B4B3C488">
						<description>
							
						</description>
					</feature>
					<feature mandatory="true" name="F_22EFBE6E5210">
						<description>
							
						</description>
					</feature>
				</alt>
				<alt mandatory="true" name="F_55122A29D50A">
					<description>
						Lorem ipsum dolor sit amet, consetetur sadipscing elitr, sed diam nonumy eirmod tempor invidunt ut labore et dolore magna aliquyam erat, sed diam voluptua. At vero
					</description>
					<feature mandatory="true" name="F_C461BE4E9AA1">
						<description>
							
						</description>
					</feature>
					<feature mandatory="true" name="F_436FDC216573">
						<description>
							
						</description>
					</feature>
				</alt>
				<or mandatory="true" name="F_F1A64294DB2E">
					<description>
						Lorem ipsum dolor sit amet, consetetur sadipscing elitr, sed diam nonumy eirmod tempor
					</description>
					<feature mandatory="true" name="F_24741A56F389">
						<description>
							
						</description>
					</feature>
					<feature mandatory="true" name="F_AC2F08FE4231">
						<description>
							
						</description>
					</feature>
					<feature mandatory="true" name="F_A3DC35828093">
						<description>
							
						</description>
					</feature>
					<feature mandatory="true" name="F_669F527DD55B">
						<description>
							
						</description>
					</feature>
					<feature mandatory="true" name="F_03C1303C30A9">
						<description>
							
						</description>
					</feature>
					<feature mandatory="true" name="F_2994C8B89CB7">
						<description>
							
						</description>
					</feature>
					<feature mandatory="true" name="F_D1BA1F77429F">
						<description>
							
						</description>
					</feature>
					<feature mandatory="true" name="F_E65F8A779188">
						<description>
							
						</description>
					</feature>
					<feature mandatory="true" name="F_6A8E799C8460">
						<description>
							
						</description>
					</feature>
					<feature mandatory="true" name="F_B50D64F7A376">
						<description>
							
						</description>
					</feature>
					<feature mandatory="true" name="F_F7BE81B30B07">
						<description>
							
						</description>
					</feature>
				</or>
				<alt mandatory="true" name="F_770DAC02854D">
					<description>
						Lorem ipsum dolor sit amet, consetetur sadipscing elitr, sed diam
					</description>
					<feature mandatory="true" name="F_47956275CFE2">
						<description>
							
						</description>
					</feature>
					<feature mandatory="true" name="F_F7A7F808C4EE">
						<description>
							
						</description>
					</feature>
				</alt>
				<alt mandatory="true" name="F_1FE44FFAD111">
					<description>
						Lorem ipsum dolor sit amet, consetetur sadipscing elitr, sed diam nonumy eirmod tempor invidunt ut labore et dolore magna aliquyam erat, sed diam voluptua.
					</description>
					<feature mandatory="true" name="F_701A0E5F9229">
						<description>
							
						</description>
					</feature>
					<feature mandatory="true" name="F_45048B418DB6">
						<description>
							
						</description>
					</feature>
				</alt>
				<alt mandatory="true" name="F_2D928E3C12DF">
					<description>
						Lorem ipsum dolor sit amet, consetetur sadipscing elitr, sed diam nonumy eirmod tempor invidunt ut labore et dolore magna aliquyam erat, sed diam
					</description>
					<feature mandatory="true" name="F_8DCE07574F16">
						<description>
							
						</description>
					</feature>
					<feature mandatory="true" name="F_3F1BC57862C1">
						<description>
							
						</description>
					</feature>
				</alt>
				<alt mandatory="true" name="F_1EB6D3D911B8">
					<description>
						Lorem ipsum dolor sit amet, consetetur sa
					</description>
					<feature mandatory="true" name="F_5197A88579F8">
						<description>
							
						</description>
					</feature>
					<feature mandatory="true" name="F_263CF7C4BB20">
						<description>
							
						</description>
					</feature>
				</alt>
				<alt mandatory="true" name="F_0C1DCB8D2F7C">
					<description>
						Lorem ipsum dolor sit amet, consetetur sadipscing elitr, sed diam nonu
					</description>
					<feature mandatory="true" name="F_83548548076D">
						<description>
							
						</description>
					</feature>
					<feature mandatory="true" name="F_846A4DAD44D6">
						<description>
							
						</description>
					</feature>
				</alt>
				<alt mandatory="true" name="F_1EC8B43215D6">
					<description>
						Lorem ipsum dolor sit amet, consetetur sadipscing elitr, sed diam nonumy eirmod tem
					</description>
					<feature mandatory="true" name="F_3CC355EB8E25">
						<description>
							
						</description>
					</feature>
					<feature mandatory="true" name="F_1DCDB4A02E7C">
						<description>
							
						</description>
					</feature>
				</alt>
				<alt mandatory="true" name="F_4E811328D007">
					<description>
						Lorem ipsum dolor sit amet, consetet
					</description>
					<feature mandatory="true" name="F_5CA1A9BB9FED">
						<description>
							
						</description>
					</feature>
					<feature mandatory="true" name="F_4CE73C4FF933">
						<description>
							
						</description>
					</feature>
				</alt>
				<alt mandatory="true" name="F_B4C5C5497F03">
					<description>
						Lorem ipsum dolor sit amet, consetetur sadipscing elitr, sed diam no
					</description>
					<feature mandatory="true" name="F_8C1FFEA45EBE">
						<description>
							
						</description>
					</feature>
					<feature mandatory="true" name="F_6D6B4277509C">
						<description>
							
						</description>
					</feature>
				</alt>
				<alt mandatory="true" name="F_C2A3F3CDCDBD">
					<description>
						Lorem ipsum dolor sit amet, consetetur sadipscing elitr, sed diam nonumy eirmod temp
					</description>
					<feature mandatory="true" name="F_E9F232ED0DB3">
						<description>
							
						</description>
					</feature>
					<feature mandatory="true" name="F_B3ACE3B181A5">
						<description>
							
						</description>
					</feature>
				</alt>
				<alt mandatory="true" name="F_C48024B5A4F5">
					<description>
						
					</description>
					<feature mandatory="true" name="F_14EE2B6997D5">
						<description>
							
						</description>
					</feature>
					<feature mandatory="true" name="F_B46C455E8E64">
						<description>
							
						</description>
					</feature>
				</alt>
				<alt mandatory="true" name="F_330EA68C3A89">
					<description>
						
					</description>
					<feature mandatory="true" name="F_B755718E8672">
						<description>
							
						</description>
					</feature>
					<feature mandatory="true" name="F_99B5B9FA0341">
						<description>
							
						</description>
					</feature>
				</alt>
				<alt mandatory="true" name="F_CD59D9EE88EE">
					<description>
						
					</description>
					<feature mandatory="true" name="F_533F68A7CF3F">
						<description>
							
						</description>
					</feature>
					<feature mandatory="true" name="F_4191FC2E1862">
						<description>
							
						</description>
					</feature>
				</alt>
				<or mandatory="true" name="F_66279FD1527A">
					<description>
						Lorem ipsum dolor sit amet, consetetur sadipscing elitr, sed diam nonumy eirmod tempor
					</description>
					<feature mandatory="true" name="F_1B73E87C025D">
						<description>
							
						</description>
					</feature>
					<feature mandatory="true" name="F_C8C41CBFD5BD">
						<description>
							
						</description>
					</feature>
					<feature mandatory="true" name="F_D8D044D5CDAB">
						<description>
							
						</description>
					</feature>
					<feature mandatory="true" name="F_284256528569">
						<description>
							
						</description>
					</feature>
					<feature mandatory="true" name="F_28CBC87F8364">
						<description>
							
						</description>
					</feature>
					<feature mandatory="true" name="F_8ED933945E0A">
						<description>
							
						</description>
					</feature>
					<feature mandatory="true" name="F_CF026E3BC30A">
						<description>
							
						</description>
					</feature>
					<feature mandatory="true" name="F_119971371FBB">
						<description>
							
						</description>
					</feature>
					<feature mandatory="true" name="F_BADA3349D6F0">
						<description>
							
						</description>
					</feature>
					<feature mandatory="true" name="F_1DC4CF347EA0">
						<description>
							
						</description>
					</feature>
					<feature mandatory="true" name="F_62D64668E900">
						<description>
							
						</description>
					</feature>
				</or>
				<alt mandatory="true" name="F_968BAA64621A">
					<description>
						
					</description>
					<feature mandatory="true" name="F_0BBB48BEF21D">
						<description>
							
						</description>
					</feature>
					<feature mandatory="true" name="F_ADE792A3CB7A">
						<description>
							
						</description>
					</feature>
				</alt>
				<alt mandatory="true" name="F_AB197773C8D6">
					<description>
						
					</description>
					<feature mandatory="true" name="F_50E767500A4C">
						<description>
							
						</description>
					</feature>
					<feature mandatory="true" name="F_57DD5EAEE5E1">
						<description>
							
						</description>
					</feature>
				</alt>
				<feature mandatory="true" name="F_14F7F5DF2039">
					<description>
						Lorem ipsum dolor sit amet, consetetur sadipscing elitr, sed diam nonumy eirmod tempor invidunt ut labore et dolore magna aliquyam erat, sed diam voluptua. At vero eos et accusam et
					</description>
				</feature>
				<feature mandatory="true" name="F_45EF07A43470">
					<description>
						Lorem ipsum dolor sit amet, consetetur sadipscing elitr, sed diam nonumy eirmod tempor invidunt ut labore et dolore magna aliquyam erat, sed diam voluptua. At vero eos et accusam
					</description>
				</feature>
				<feature mandatory="true" name="F_6D7D724F2E79">
					<description>
						Lorem ipsum dolor sit amet, consetetur sadipscing elitr, sed diam nonumy eirmod tempor invidunt ut labore et dolore magna aliquyam erat, sed diam voluptua. At vero eos et accusam et justo duo dolores et ea
					</description>
				</feature>
				<feature mandatory="true" name="F_52471C28281A">
					<description>
						Lorem ipsum dolor sit amet, consetetur sadipscing elitr, sed diam nonumy eirmod tempor invidunt ut labore et dolore magna aliquyam erat, sed diam voluptua. At vero eos et accusam et justo duo dolores et
					</description>
				</feature>
				<feature mandatory="true" name="F_6A29E7071510">
					<description>
						Lorem ipsum dolor sit amet, consetetur sadipscing elitr, sed diam nonum
					</description>
				</feature>
				<feature mandatory="true" name="F_F69E2A3E41CA">
					<description>
						Lorem ipsum dolor sit amet, consetetur sadipscing elitr, sed diam nonumy
					</description>
				</feature>
				<feature mandatory="true" name="F_E746C5C3C224">
					<description>
						Lorem ipsum dolor sit amet, consetetur sadipscing elitr, sed diam nonumy eirmod tempor invidunt ut lab
					</description>
				</feature>
				<feature mandatory="true" name="F_14DB5FC8AA45">
					<description>
						Lorem ipsum dolor sit amet, consetetur sadipscing elitr, sed diam nonumy eirmod tempor invidunt
					</description>
				</feature>
				<feature mandatory="true" name="F_67B7EE6CB65F">
					<description>
						Lorem ipsum dolor sit amet, consetetur sadipscing elitr, sed diam nonumy ei
					</description>
				</feature>
				<feature mandatory="true" name="F_2FB3992E910E">
					<description>
						Lorem ipsum dolor sit amet, consetetur sadipscing elitr, sed diam nonumy eirmod tempor invidunt ut labore e
					</description>
				</feature>
				<feature mandatory="true" name="F_63612959DA48">
					<description>
						Lorem ipsum dolor sit amet, consetetur sadipscing elitr, sed diam nonumy eirmod tempor invidunt
					</description>
				</feature>
				<feature mandatory="true" name="F_3DAEC63FB703">
					<description>
						Lorem ipsum dolor sit amet, consetetur sadipscing elitr, sed diam nonumy eirmod
					</description>
				</feature>
				<feature mandatory="true" name="F_85BC4A9687ED">
					<description>
						Lorem ipsum dolor sit amet, consetetur sadipscing elitr, sed diam n
					</description>
				</feature>
				<feature mandatory="true" name="F_A22C2BD6D25C">
					<description>
						Lorem ipsum dolor sit amet, consetetur sadipscing elitr, sed diam nonumy eirmod tempor
					</description>
				</feature>
				<feature mandatory="true" name="F_735057E028F5">
					<description>
						Lorem ipsum dolor sit amet, consetetur sadipscing elitr, sed diam nonumy eirmod tempor i
					</description>
				</feature>
			</and>
		</struct>
		<constraints>
			<rule>
				<imp>
					<var>F_589E26BC870C</var>
					<var>F_D2A298A77B1F</var>
				</imp>
			</rule>
			<rule>
				<imp>
					<var>F_589E26BC870C</var>
					<var>F_83FB3183339D</var>
				</imp>
			</rule>
			<rule>
				<imp>
					<var>F_589E26BC870C</var>
					<var>F_708712580461</var>
				</imp>
			</rule>
			<rule>
				<imp>
					<var>F_589E26BC870C</var>
					<var>F_FB2465BABE54</var>
				</imp>
			</rule>
			<rule>
				<imp>
					<var>F_D2A298A77B1F</var>
					<var>F_27CEAB8954AB</var>
				</imp>
			</rule>
			<rule>
				<imp>
					<var>F_D2A298A77B1F</var>
					<var>F_3D5A320D005E</var>
				</imp>
			</rule>
			<rule>
				<imp>
					<var>F_D2A298A77B1F</var>
					<var>F_EC6061387C1D</var>
				</imp>
			</rule>
			<rule>
				<imp>
					<var>F_D2A298A77B1F</var>
					<var>F_C38895D05BC8</var>
				</imp>
			</rule>
			<rule>
				<imp>
					<var>F_708712580461</var>
					<var>F_C2AB9E001BC0</var>
				</imp>
			</rule>
			<rule>
				<imp>
					<var>F_708712580461</var>
					<var>F_55122A29D50A</var>
				</imp>
			</rule>
			<rule>
				<imp>
					<var>F_708712580461</var>
					<var>F_F1A64294DB2E</var>
				</imp>
			</rule>
			<rule>
				<imp>
					<var>F_708712580461</var>
					<var>F_4E811328D007</var>
				</imp>
			</rule>
			<rule>
				<imp>
					<var>F_708712580461</var>
					<var>F_1EB6D3D911B8</var>
				</imp>
			</rule>
			<rule>
				<imp>
					<var>F_708712580461</var>
					<var>F_770DAC02854D</var>
				</imp>
			</rule>
			<rule>
				<imp>
					<var>F_708712580461</var>
					<var>F_1FE44FFAD111</var>
				</imp>
			</rule>
			<rule>
				<imp>
					<var>F_708712580461</var>
					<var>F_2D928E3C12DF</var>
				</imp>
			</rule>
			<rule>
				<imp>
					<var>F_708712580461</var>
					<var>F_C2A3F3CDCDBD</var>
				</imp>
			</rule>
			<rule>
				<imp>
					<var>F_708712580461</var>
					<var>F_C48024B5A4F5</var>
				</imp>
			</rule>
			<rule>
				<imp>
					<var>F_708712580461</var>
					<var>F_330EA68C3A89</var>
				</imp>
			</rule>
			<rule>
				<imp>
					<var>F_708712580461</var>
					<var>F_CD59D9EE88EE</var>
				</imp>
			</rule>
			<rule>
				<imp>
					<var>F_83FB3183339D</var>
					<var>F_6A24FF0C06BE</var>
				</imp>
			</rule>
			<rule>
				<imp>
					<var>F_83FB3183339D</var>
					<var>F_F2855219479F</var>
				</imp>
			</rule>
			<rule>
				<imp>
					<var>F_83FB3183339D</var>
					<var>F_F4A8195A09F5</var>
				</imp>
			</rule>
			<rule>
				<imp>
					<var>F_83FB3183339D</var>
					<var>F_64A3B14CAC81</var>
				</imp>
			</rule>
			<rule>
				<imp>
					<var>F_83FB3183339D</var>
					<var>F_EF64D704554B</var>
				</imp>
			</rule>
			<rule>
				<imp>
					<var>F_83FB3183339D</var>
					<var>F_BA1C3372752E</var>
				</imp>
			</rule>
			<rule>
				<imp>
					<var>F_83FB3183339D</var>
					<var>F_9E4A4F97E323</var>
				</imp>
			</rule>
			<rule>
				<imp>
					<var>F_83FB3183339D</var>
					<var>F_14CCBE94F2A7</var>
				</imp>
			</rule>
			<rule>
				<imp>
					<var>F_83FB3183339D</var>
					<var>F_7552F0FA370A</var>
				</imp>
			</rule>
			<rule>
				<imp>
					<var>F_83FB3183339D</var>
					<var>F_1EDD6A0F7489</var>
				</imp>
			</rule>
			<rule>
				<imp>
					<var>F_83FB3183339D</var>
					<var>F_9E01B082DA87</var>
				</imp>
			</rule>
			<rule>
				<imp>
					<var>F_83FB3183339D</var>
					<var>F_C34D46621AA4</var>
				</imp>
			</rule>
			<rule>
				<imp>
					<var>F_FB2465BABE54</var>
					<var>F_66279FD1527A</var>
				</imp>
			</rule>
			<rule>
				<imp>
					<var>F_FB2465BABE54</var>
					<var>F_968BAA64621A</var>
				</imp>
			</rule>
			<rule>
				<imp>
					<var>F_FB2465BABE54</var>
					<var>F_AB197773C8D6</var>
				</imp>
			</rule>
			<rule>
				<imp>
					<var>F_C38895D05BC8</var>
					<var>F_BD0B4FA69621</var>
				</imp>
			</rule>
			<rule>
				<imp>
					<var>F_C38895D05BC8</var>
					<var>F_A5BBFA482946</var>
				</imp>
			</rule>
			<rule>
				<imp>
					<var>F_7552F0FA370A</var>
					<var>F_D0B25C31B002</var>
				</imp>
			</rule>
			<rule>
				<imp>
					<var>F_7552F0FA370A</var>
					<var>F_716B6C222717</var>
				</imp>
			</rule>
			<rule>
				<imp>
					<var>F_1EB6D3D911B8</var>
					<var>F_0C1DCB8D2F7C</var>
				</imp>
			</rule>
			<rule>
				<imp>
					<var>F_1EB6D3D911B8</var>
					<var>F_1EC8B43215D6</var>
				</imp>
			</rule>
			<rule>
				<imp>
					<var>F_4E811328D007</var>
					<var>F_B4C5C5497F03</var>
				</imp>
			</rule>
			<rule>
				<imp>
					<var>F_4E811328D007</var>
					<var>F_C2A3F3CDCDBD</var>
				</imp>
			</rule>
		</constraints>
		<calculations Auto="true" Constraints="true" Features="true" Redundant="true" Tautology="true"/>
		<comments>
			<c/>
		</comments>
		<featureOrder userDefined="false"/>
	</featureModel>
