<?xml version="1.0" encoding="UTF-8" standalone="no"?>
	<featureModel>
		<properties/>
		<struct>
			<and mandatory="true" name="N_210133672__F_362E3BA3926D">
				<description>
					Lorem ip
				</description>
				<alt name="F_174F71C010FA">
					<description>
						
					</description>
					<feature mandatory="true" name="F_F8E2F271A827">
						<description>
							
						</description>
					</feature>
					<feature mandatory="true" name="F_B17DFB060DD2">
						<description>
							Lorem ipsum dolor sit amet, consetetur sadips
						</description>
					</feature>
					<feature mandatory="true" name="F_7DB29462E639">
						<description>
							Lorem ipsum dolor sit amet, consetetur sadipscing e
						</description>
					</feature>
				</alt>
				<alt name="F_63E3C2657AD3">
					<description>
						Lorem ipsum dolor sit amet, consetetur sadipscing elitr, sed diam nonumy eirmod tempor invidunt ut labore et dolore magna aliquyam erat, sed diam voluptua. At vero eos et accusam et justo duo dolores et ea rebum. Stet clita kasd gubergren, no sea takimata sanctus est Lorem ipsum dolor sit amet. Lorem ipsum dolor sit amet, consetetur sadipscing elitr, sed diam nonumy eirmod tempor invidunt ut labore et dolore magna ali
					</description>
					<feature mandatory="true" name="F_433492450632">
						<description>
							Lorem ipsum dolor sit
						</description>
					</feature>
					<feature mandatory="true" name="F_D32CFD2AF32E">
						<description>
							Lorem ipsum dolor
						</description>
					</feature>
					<feature mandatory="true" name="F_112B3782F374">
						<description>
							Lorem i
						</description>
					</feature>
				</alt>
				<feature name="F_40CD262EA921">
					<description>
						Lorem ipsum dolor sit amet, consetetur sadipscing elitr, sed diam nonumy eirmod tempor invidunt ut labore et dolore magna aliquyam
					</description>
				</feature>
				<feature name="F_B20A5616BBC4">
					<description>
						
					</description>
				</feature>
				<alt name="F_7EF19EEA4390">
					<description>
						Lorem ipsum dolor sit amet, consetetur sadipscing elitr, sed diam nonumy eirmod tempor invidunt ut labore et dolore magna aliquyam erat, sed diam voluptua. At vero eos
					</description>
					<feature mandatory="true" name="F_DE892409402D">
						<description>
							
						</description>
					</feature>
					<feature mandatory="true" name="F_61A3D06606BD">
						<description>
							
						</description>
					</feature>
				</alt>
				<feature name="F_9D2FAC608F54">
					<description>
						Lorem ipsum dolor sit amet, consetetur sadipscing elitr, sed diam nonumy eirmod tempor invidunt ut labore et dolore magna aliquyam erat, sed diam voluptua. At vero eos et accusam et just
					</description>
				</feature>
				<alt name="F_41F0CEF91497">
					<description>
						Lorem ipsum dolor sit amet, consetetur sadipscing elitr, sed diam nonumy eirmod tempor invidunt ut labore et dolore magna aliquyam erat, sed diam voluptua. At vero eos et accusam et justo duo dolores et ea rebum. Stet clita kasd gubergren, no sea takimata sanctus est Lorem ipsum dolor sit amet. Lore
					</description>
					<feature mandatory="true" name="F_7FA46D893685">
						<description>
							Lorem ipsum dolor sit
						</description>
					</feature>
					<feature mandatory="true" name="F_E0BEA96A23A5">
						<description>
							Lorem ipsum dolor sit amet, consetet
						</description>
					</feature>
				</alt>
				<feature name="F_2893E9E15F54">
					<description>
						Lorem ipsum dolor sit amet, consetetur sadipscing elitr, sed diam nonumy eirmod tempor invidunt ut labore et dolore magna aliquyam erat, sed diam voluptua. At vero eos et accusam et justo duo dolores et ea rebum. Stet clita kasd gubergren, no sea takimata sanctus est
					</description>
				</feature>
				<feature name="F_1C1F9FFA168B">
					<description>
						
					</description>
				</feature>
				<feature name="F_CA6E12B0353A">
					<description>
						
					</description>
				</feature>
				<feature name="F_F8B60C1BF6D1">
					<description>
						
					</description>
				</feature>
				<alt name="F_02B1C5C6FDA1">
					<description>
						Lorem ipsum dolor sit amet, consetetur sadipscing elitr, sed diam nonumy eirmod tempor invidunt ut labore et dolore magna aliquyam erat, sed diam voluptua. At vero eos et accusam et justo duo dolores et ea rebum. Stet clita kasd gubergren, no sea
					</description>
					<feature mandatory="true" name="F_7CDF2873CF2F">
						<description>
							Lorem ip
						</description>
					</feature>
					<feature mandatory="true" name="F_FE9B872748B4">
						<description>
							Lorem ipsum dolor sit amet, consetetur sadipscing elitr, sed diam nonumy eirmod tempor invidunt ut labore et dolore mag
						</description>
					</feature>
					<feature mandatory="true" name="F_13118D79BE0D">
						<description>
							Lorem ipsum dolor sit amet, consetetur sadipscing elitr, sed diam nonumy eirmod tempor invidunt ut labore et dolore magna aliquyam erat, sed diam voluptua. At v
						</description>
					</feature>
				</alt>
				<alt name="F_9F5364DA9095">
					<description>
						
					</description>
					<feature mandatory="true" name="F_62B618655887">
						<description>
							
						</description>
					</feature>
					<feature mandatory="true" name="F_4AA9CD0032E8">
						<description>
							
						</description>
					</feature>
					<feature mandatory="true" name="F_AF86EFE84948">
						<description>
							
						</description>
					</feature>
				</alt>
				<feature name="F_8D4C74C44181">
					<description>
						
					</description>
				</feature>
				<alt name="F_A7B7D32DB495">
					<description>
						
					</description>
					<feature mandatory="true" name="F_FB82F71043B3">
						<description>
							
						</description>
					</feature>
					<feature mandatory="true" name="F_E0CEB1E6E77F">
						<description>
							
						</description>
					</feature>
					<feature mandatory="true" name="F_3AD9FEA3D242">
						<description>
							
						</description>
					</feature>
				</alt>
				<alt mandatory="true" name="F_FBC47EE159C2">
					<description>
						Lorem ipsum dolor sit amet, consetetur sadipscing elitr, sed diam nonumy eirmod tempor invidunt ut labore et dolore magna aliquyam erat, sed diam voluptua. At vero eos et accusam et justo duo d
					</description>
					<feature mandatory="true" name="F_46B34123B0BF">
						<description>
							
						</description>
					</feature>
					<feature mandatory="true" name="F_A97ECC98ACD0">
						<description>
							
						</description>
					</feature>
				</alt>
				<feature name="F_43F67215C951">
					<description>
						Lorem ipsum dolor sit amet, consetetur sadipscing elitr, sed diam nonumy eirmod tempor invidunt ut labore et dolore magna aliquyam erat, sed diam voluptua. At vero eos et accusam et justo duo dolores et ea rebum. Stet clita kasd gubergren, no sea takimata
					</description>
				</feature>
				<alt name="F_38B0F69E8792">
					<description>
						Lorem ipsum dolor sit amet, consetetur sadipscing elitr,
					</description>
					<feature mandatory="true" name="F_B0A66BFF314C">
						<description>
							Lorem ipsum dolor sit amet, conset
						</description>
					</feature>
					<feature mandatory="true" name="F_BE6B2385A93D">
						<description>
							Lorem ipsum dolor sit amet, cons
						</description>
					</feature>
					<feature mandatory="true" name="F_1227336EA41A">
						<description>
							Lorem ipsum dolor sit amet, cons
						</description>
					</feature>
					<feature mandatory="true" name="F_76A618CC9E0F">
						<description>
							Lorem ipsum dolor sit amet, consetetur s
						</description>
					</feature>
				</alt>
				<alt mandatory="true" name="F_8563E37FFE99">
					<description>
						Lorem ipsum dolor sit amet, consetetur sadipscing
					</description>
					<feature mandatory="true" name="F_D7015B8AD305">
						<description>
							Lorem ipsum dolor sit amet,
						</description>
					</feature>
					<feature mandatory="true" name="F_C4FE75177FE7">
						<description>
							Lorem ipsum dolor sit a
						</description>
					</feature>
					<feature mandatory="true" name="F_83B38F29A321">
						<description>
							Lorem ipsum dolor sit am
						</description>
					</feature>
				</alt>
				<alt mandatory="true" name="F_EB2C8831E3DB">
					<description>
						Lorem ipsum dolor sit amet, consetetur sadipscing elitr, sed diam nonumy eirmod tempor invidunt ut labore et dolore magna aliquyam erat, sed diam voluptua. At vero eos et accusam et justo duo dolores et ea rebum. Stet clita kasd gubergren, no sea takimata sanctus est Lorem ipsum dolor sit amet. Lorem ipsum dolor sit amet,
					</description>
					<feature mandatory="true" name="F_2A2EBB9E291C">
						<description>
							Lorem ipsum dolor sit amet, consetetur sadipscing e
						</description>
					</feature>
					<feature mandatory="true" name="F_DA0D663EFF31">
						<description>
							Lorem ipsum dolor sit amet, consetetur sadipscing e
						</description>
					</feature>
				</alt>
				<alt mandatory="true" name="F_8991B92E766E">
					<description>
						Lorem ipsum dolor sit amet, consetetur sadipscing elitr, sed diam nonumy eirmod tempor invidunt ut labore et dolore magna aliqu
					</description>
					<feature mandatory="true" name="F_BAF2E678E7FA">
						<description>
							Lorem ipsum dolor sit amet, consetetur
						</description>
					</feature>
					<feature mandatory="true" name="F_F4D6921948FA">
						<description>
							Lorem ipsum dolor sit amet, consetetur
						</description>
					</feature>
					<feature mandatory="true" name="F_44FE17A328D1">
						<description>
							Lorem ipsum dolor sit amet, consetetur s
						</description>
					</feature>
					<feature mandatory="true" name="F_C6044B6847CB">
						<description>
							Lorem ipsum dolor sit amet, consetetur
						</description>
					</feature>
				</alt>
				<alt mandatory="true" name="F_3E06AF75CAC8">
					<description>
						
					</description>
					<feature mandatory="true" name="F_243C33ED2175">
						<description>
							
						</description>
					</feature>
					<feature mandatory="true" name="F_7F492B8F44C4">
						<description>
							
						</description>
					</feature>
					<feature mandatory="true" name="F_C0657E4C0BF1">
						<description>
							
						</description>
					</feature>
					<feature mandatory="true" name="F_EDCD227F918E">
						<description>
							
						</description>
					</feature>
					<feature mandatory="true" name="F_E28CF8A4DD77">
						<description>
							
						</description>
					</feature>
					<feature mandatory="true" name="F_CB4C3DEC59FF">
						<description>
							
						</description>
					</feature>
					<feature mandatory="true" name="F_90F6A82733A6">
						<description>
							
						</description>
					</feature>
				</alt>
				<feature name="F_759761CD0093">
					<description>
						
					</description>
				</feature>
				<alt mandatory="true" name="F_E387A70B7AC8">
					<description>
						Lorem ipsum dolor sit amet, consetetur sadipscing el
					</description>
					<feature mandatory="true" name="F_82D24BA23DDE">
						<description>
							
						</description>
					</feature>
					<feature mandatory="true" name="F_1352B12BD331">
						<description>
							Lorem
						</description>
					</feature>
					<feature mandatory="true" name="F_5AB01B4C1095">
						<description>
							
						</description>
					</feature>
					<feature mandatory="true" name="F_824DF95D6459">
						<description>
							
						</description>
					</feature>
				</alt>
				<feature name="F_C8FF007DBEF0">
					<description>
						Lorem ipsum dolor sit amet, consetetur sadipscing elitr, sed diam nonumy eirmod tempor invidunt ut labore et dolore magna aliquyam erat, sed diam voluptua. At vero eos
					</description>
				</feature>
				<feature name="F_15E1390F6BF9">
					<description>
						
					</description>
				</feature>
				<alt mandatory="true" name="F_12B67C0FF0A7">
					<description>
						Lorem ipsum dolor sit amet, consetetur sadipscing elitr, sed dia
					</description>
					<feature mandatory="true" name="F_6C8349FCCA96">
						<description>
							Lorem ipsum dolor sit a
						</description>
					</feature>
					<feature mandatory="true" name="F_3635F68BFF86">
						<description>
							Lorem ipsum dolor sit amet, consetetur sadipsci
						</description>
					</feature>
					<feature mandatory="true" name="F_EA3DBCC8A2A6">
						<description>
							Lorem ipsum dolor sit amet, consetetur sadipscing elitr, sed
						</description>
					</feature>
					<feature mandatory="true" name="F_39E0064B036D">
						<description>
							Lorem ipsum dolor sit amet, consetetur sadipscin
						</description>
					</feature>
					<feature mandatory="true" name="F_88480B70CB98">
						<description>
							Lorem ipsum dolor sit amet, consetetur sadipscing elitr, sed diam nonum
						</description>
					</feature>
					<feature mandatory="true" name="F_44917076215A">
						<description>
							Lorem ipsum dolor sit amet, consetetur sadipsc
						</description>
					</feature>
					<feature mandatory="true" name="F_6CD1EDE073F7">
						<description>
							Lorem ipsum dolor sit amet, consetetur sadipscing elitr, sed diam
						</description>
					</feature>
					<feature mandatory="true" name="F_31B2CC3CF857">
						<description>
							Lorem ipsum dolor sit amet, consetetur sadipsc
						</description>
					</feature>
					<feature mandatory="true" name="F_B492A09D4445">
						<description>
							Lorem ipsum dolor sit amet, consetetur sadipscing elit
						</description>
					</feature>
					<feature mandatory="true" name="F_35FF84C335EA">
						<description>
							Lorem ipsum dolor sit amet, consetetur sadipscing elitr, s
						</description>
					</feature>
				</alt>
				<alt name="F_B291FAED7E32">
					<description>
						
					</description>
					<feature mandatory="true" name="F_7767AE0BE16B">
						<description>
							
						</description>
					</feature>
					<feature mandatory="true" name="F_DC47F432BCDF">
						<description>
							
						</description>
					</feature>
					<feature mandatory="true" name="F_B823F5D2DF7D">
						<description>
							
						</description>
					</feature>
				</alt>
				<feature name="F_9323FD11C24B">
					<description>
						
					</description>
				</feature>
				<alt name="F_4B0545F3181C">
					<description>
						
					</description>
					<feature mandatory="true" name="F_5434772E6554">
						<description>
							
						</description>
					</feature>
					<feature mandatory="true" name="F_74477BB87994">
						<description>
							
						</description>
					</feature>
					<feature mandatory="true" name="F_C3A9AEB6D6BF">
						<description>
							
						</description>
					</feature>
				</alt>
				<feature name="F_9602D413FA04">
					<description>
						Lorem ipsum dolor sit amet, consetetur sadipscing elitr, sed diam nonumy eirmod tempor invidunt ut labore et dolore magna aliquyam erat, sed diam voluptua. At vero eos et accusam et justo duo dolores
					</description>
				</feature>
				<alt name="F_AFC48692F695">
					<description>
						
					</description>
					<feature mandatory="true" name="F_1682870EF5FE">
						<description>
							
						</description>
					</feature>
					<feature mandatory="true" name="F_8938A57A4C90">
						<description>
							
						</description>
					</feature>
					<feature mandatory="true" name="F_487FE19DBF65">
						<description>
							
						</description>
					</feature>
					<feature mandatory="true" name="F_0DD7F04D904B">
						<description>
							
						</description>
					</feature>
				</alt>
				<feature name="F_9D919AAD2804">
					<description>
						
					</description>
				</feature>
				<alt name="F_CB72AC3C20C0">
					<description>
						
					</description>
					<feature mandatory="true" name="F_34CA2ECBAB2E">
						<description>
							
						</description>
					</feature>
					<feature mandatory="true" name="F_AD520B31AD23">
						<description>
							
						</description>
					</feature>
					<feature mandatory="true" name="F_0D1273A57371">
						<description>
							
						</description>
					</feature>
				</alt>
				<alt name="F_ED65482133C8">
					<description>
						
					</description>
					<feature mandatory="true" name="F_A3474FD0767C">
						<description>
							
						</description>
					</feature>
					<feature mandatory="true" name="F_7895E79EA568">
						<description>
							
						</description>
					</feature>
					<feature mandatory="true" name="F_D0DB076E8451">
						<description>
							
						</description>
					</feature>
				</alt>
				<alt name="F_4BEECAA27C31">
					<description>
						
					</description>
					<feature mandatory="true" name="F_8752FCDACECC">
						<description>
							
						</description>
					</feature>
					<feature mandatory="true" name="F_4F50071C034C">
						<description>
							
						</description>
					</feature>
					<feature mandatory="true" name="F_45D6F2B4F3C8">
						<description>
							
						</description>
					</feature>
					<feature mandatory="true" name="F_9397BAF181EB">
						<description>
							
						</description>
					</feature>
				</alt>
				<alt name="F_A1641CC3B0CD">
					<description>
						
					</description>
					<feature mandatory="true" name="F_24807972652C">
						<description>
							
						</description>
					</feature>
					<feature mandatory="true" name="F_4DC151F3A32F">
						<description>
							Lorem ipsum dolor sit amet, conset
						</description>
					</feature>
					<feature mandatory="true" name="F_70F1462F4890">
						<description>
							Lorem ipsum dolor sit amet, cons
						</description>
					</feature>
				</alt>
				<feature name="F_95DA33931889">
					<description>
						
					</description>
				</feature>
				<alt name="F_56AA505DAC58">
					<description>
						
					</description>
					<feature mandatory="true" name="F_EF91520F3FE9">
						<description>
							
						</description>
					</feature>
					<feature mandatory="true" name="F_7F31DE7C066D">
						<description>
							
						</description>
					</feature>
					<feature mandatory="true" name="F_B3133A5C26F3">
						<description>
							
						</description>
					</feature>
				</alt>
				<alt name="F_328DF45047CA">
					<description>
						
					</description>
					<feature mandatory="true" name="F_377EFDDF8610">
						<description>
							
						</description>
					</feature>
					<feature mandatory="true" name="F_52D5BD5FEE48">
						<description>
							
						</description>
					</feature>
					<feature mandatory="true" name="F_DDE3AD23E781">
						<description>
							
						</description>
					</feature>
				</alt>
				<alt name="F_5F1CD03E8A75">
					<description>
						
					</description>
					<feature mandatory="true" name="F_8984E7CE2AAB">
						<description>
							
						</description>
					</feature>
					<feature mandatory="true" name="F_5D68494492CA">
						<description>
							
						</description>
					</feature>
					<feature mandatory="true" name="F_DEF59CF8D17D">
						<description>
							
						</description>
					</feature>
				</alt>
				<alt name="F_6AE101F6AA72">
					<description>
						
					</description>
					<feature mandatory="true" name="F_402B03A63B6F">
						<description>
							
						</description>
					</feature>
					<feature mandatory="true" name="F_5501D76161F2">
						<description>
							
						</description>
					</feature>
					<feature mandatory="true" name="F_62AB10A812AC">
						<description>
							
						</description>
					</feature>
				</alt>
				<alt name="F_EF86730DE20D">
					<description>
						Lorem ipsum dolor sit amet, consetetur sadipscing elitr, sed diam nonumy eirmod tempor invidunt ut labore et dolore magna aliquyam erat, sed diam voluptua. At vero eos et accusam et justo duo dolores et ea rebum. Stet clita kasd gubergren, no sea takimata sanctus est
					</description>
					<feature mandatory="true" name="F_0D3837DDEC93">
						<description>
							
						</description>
					</feature>
					<feature mandatory="true" name="F_350F546FB5AC">
						<description>
							Lorem ipsum dolor sit amet, consetetur sadipscing elitr, sed diam
						</description>
					</feature>
					<feature mandatory="true" name="F_FBF690DC271E">
						<description>
							Lorem ipsum dolor sit amet, consetetur sadipscing elitr, sed dia
						</description>
					</feature>
				</alt>
				<feature name="F_4664A9ECA3E5">
					<description>
						
					</description>
				</feature>
				<feature name="F_EB46A94560EE">
					<description>
						
					</description>
				</feature>
				<feature name="F_B5AA91FE194F">
					<description>
						
					</description>
				</feature>
				<alt name="F_F1033B00B960">
					<description>
						
					</description>
					<feature mandatory="true" name="F_72967802D4AB">
						<description>
							
						</description>
					</feature>
					<feature mandatory="true" name="F_64B9FA436682">
						<description>
							
						</description>
					</feature>
					<feature mandatory="true" name="F_22F526FB5B15">
						<description>
							Lorem ipsum dolor si
						</description>
					</feature>
				</alt>
				<feature name="F_570CCF88CC58">
					<description>
						
					</description>
				</feature>
				<feature name="F_CD8326F79FDD">
					<description>
						Lorem ipsum dolor sit amet, consetetur sadipscing elitr, sed diam nonumy eirmod tempor invidunt ut labore et dolore magna aliquyam era
					</description>
				</feature>
				<feature mandatory="true" name="F_F9E39019174B">
					<description>
						Lorem ipsum dolor sit amet, consetetur sadipscing elitr, sed diam nonumy eirmod tempor invidunt ut labore et dolore magna aliquyam erat, sed diam voluptua. At vero eos et accusam et justo duo dolores et ea rebum. Stet clita kasd gubergren, no sea takimata sanctus est Lorem ipsum dolor sit amet. Lorem ipsum dolor sit amet, consetetur sadipscing elitr, sed diam nonumy eirmod tempor invidunt ut labore et dolore magna aliquyam
					</description>
				</feature>
				<feature name="F_E473BAF7679B">
					<description>
						
					</description>
				</feature>
				<alt mandatory="true" name="F_A9028CEE105F">
					<description>
						Lorem ipsum dolor sit amet, consetetur sadipscing elitr, sed diam nonumy eirmod tempor invidunt ut labore et dolore magna aliquyam erat, sed diam voluptua. At vero eos et accusam et justo duo dolores et ea
					</description>
					<feature mandatory="true" name="F_F097FEB6F5CC">
						<description>
							
						</description>
					</feature>
					<feature mandatory="true" name="F_7994B7AF3239">
						<description>
							
						</description>
					</feature>
				</alt>
				<alt mandatory="true" name="F_C53A1C09A9B0">
					<description>
						Lorem ipsum dolor sit amet, consetetur sadipscing elitr, sed diam nonumy eirmod tempor invidunt ut labore et dolore magna aliquyam erat, sed diam voluptua. At vero eos et accusam et justo duo dolores et ea rebum. Stet clita kasd gubergren, no sea takimata sanctus est Lorem ipsum dolor sit amet. Lorem ipsum dolor sit amet, consetetur sadipscing elitr, sed diam nonumy eirmod tempor invidunt ut l
					</description>
					<feature mandatory="true" name="F_F3D48AF95BB4">
						<description>
							
						</description>
					</feature>
					<feature mandatory="true" name="F_E0EF7319CC57">
						<description>
							Lorem ipsum dol
						</description>
					</feature>
					<feature mandatory="true" name="F_59FA56C5F1C6">
						<description>
							Lorem ipsum do
						</description>
					</feature>
					<feature mandatory="true" name="F_25DEAD5E6147">
						<description>
							Lorem ipsum do
						</description>
					</feature>
				</alt>
				<alt mandatory="true" name="F_5A33E28B2804">
					<description>
						Lorem ipsum dolor sit amet, consetetur sadipscing elitr, sed diam nonumy eirmod tempor invidunt ut labore et dolore magna aliquyam erat, sed diam voluptua. At vero eos et accusam et justo duo dolores et ea rebum. Stet clita kasd gubergren, no sea takimata sanct
					</description>
					<feature mandatory="true" name="F_0534CDF43882">
						<description>
							Lorem ipsum dolor
						</description>
					</feature>
					<feature mandatory="true" name="F_D8EE306D6594">
						<description>
							Lorem ipsum dolor sit amet, consetetur sadipscing elitr,
						</description>
					</feature>
					<feature mandatory="true" name="F_FE7A2F935AA8">
						<description>
							Lorem ipsum dolor sit amet, consetetur sadipsci
						</description>
					</feature>
					<feature mandatory="true" name="F_64C4423E6AEB">
						<description>
							Lorem ipsum dolor sit amet, consetetur sadipscing e
						</description>
					</feature>
				</alt>
				<alt mandatory="true" name="F_5F188ACD5914">
					<description>
						Lorem ipsum dolor sit amet, consetetur sadipscing elitr, sed diam nonumy eirmod tempor invidunt ut l
					</description>
					<feature mandatory="true" name="F_30B345101C49">
						<description>
							Lorem ipsum dolor sit amet, consetetur sadipscing elitr, sed diam nonum
						</description>
					</feature>
					<feature mandatory="true" name="F_BB387F1AE40C">
						<description>
							Lorem ipsum dolor sit amet, consetetur sadipscing elitr, sed diam nonumy e
						</description>
					</feature>
					<feature mandatory="true" name="F_DAF26C713AEF">
						<description>
							Lorem ipsum dolor sit amet, consetetur sadipscing elitr, sed d
						</description>
					</feature>
				</alt>
				<alt mandatory="true" name="F_354322956360">
					<description>
						Lorem ipsum dolor sit amet, consetetur sadipscing elitr, sed diam nonumy eirmod tempor invidunt ut labore et dolore magna aliquyam erat, sed diam v
					</description>
					<feature mandatory="true" name="F_2C38A041C28C">
						<description>
							Lorem ipsum dolor
						</description>
					</feature>
					<feature mandatory="true" name="F_F05BF888EF60">
						<description>
							Lorem ipsum dolor sit amet, consetetur sadipscing elitr,
						</description>
					</feature>
					<feature mandatory="true" name="F_35465613B70E">
						<description>
							Lorem ipsum dolor sit amet, consetetur sadipscing elitr, sed diam
						</description>
					</feature>
				</alt>
				<alt mandatory="true" name="F_6EBF873F8699">
					<description>
						Lorem ipsum dolor sit amet, consetetur sadipscing elitr, sed diam nonumy eirmod tempor invidunt ut labore et dolore magna aliquyam erat, sed diam voluptua. At vero eos et accusam et justo duo dolores et ea r
					</description>
					<feature mandatory="true" name="F_CF9D5CD61414">
						<description>
							Lo
						</description>
					</feature>
					<feature mandatory="true" name="F_BB6DFBB9FBB6">
						<description>
							
						</description>
					</feature>
				</alt>
				<alt mandatory="true" name="F_D9EBB933A858">
					<description>
						Lorem ipsum dolor sit amet, consetetur sadipscing elitr, sed diam nonumy eirmod tempor invidunt ut labore et dolore magna aliquyam erat, sed diam voluptua. At vero eos et accusam et justo duo dolo
					</description>
					<feature mandatory="true" name="F_5067DBB5338C">
						<description>
							
						</description>
					</feature>
					<feature mandatory="true" name="F_36A69F6C4ABB">
						<description>
							
						</description>
					</feature>
				</alt>
				<alt mandatory="true" name="F_30ABA7115319">
					<description>
						Lorem ipsum dolor sit amet, consetetur sadipscing elitr, sed diam nonumy eirmod tempor invidunt ut labore et dolore magna aliquyam erat, sed diam voluptua. At vero eos et accusam et justo duo dolores et ea rebum. Stet clita kasd gubergren, no sea takimata sanctus est Lorem
					</description>
					<feature mandatory="true" name="F_D3ABF9DE4E3F">
						<description>
							Lorem ipsum dolor sit amet,
						</description>
					</feature>
					<feature mandatory="true" name="F_42CDAA1239AF">
						<description>
							Lorem ipsum dolor sit amet, consetetur sadipscing elitr, sed dia
						</description>
					</feature>
					<feature mandatory="true" name="F_7A4900592DD7">
						<description>
							Lorem ipsum dolor sit amet, consetetur sadip
						</description>
					</feature>
				</alt>
				<alt mandatory="true" name="F_EBC6898AEFC1">
					<description>
						Lorem ipsum dolor sit amet, consetetur sadipscing elitr, sed diam nonumy eirmod tempor invidunt ut labore et dolore magna aliquyam erat, sed diam volupt
					</description>
					<feature mandatory="true" name="F_1C2868729D52">
						<description>
							
						</description>
					</feature>
					<feature mandatory="true" name="F_A1BC55DE3201">
						<description>
							
						</description>
					</feature>
					<feature mandatory="true" name="F_861E6EA65866">
						<description>
							
						</description>
					</feature>
				</alt>
				<alt mandatory="true" name="F_6955FF7EA402">
					<description>
						Lorem ipsum dolor sit amet, consetetur sadipscing elitr, sed diam nonumy eirmod tempor invidunt ut labore et dolore magna aliquyam erat, sed diam voluptua. At vero eos et accusam e
					</description>
					<feature mandatory="true" name="F_20EDAB5C992E">
						<description>
							
						</description>
					</feature>
					<feature mandatory="true" name="F_B5C059BF41BA">
						<description>
							
						</description>
					</feature>
				</alt>
				<alt mandatory="true" name="F_44326AC71B3F">
					<description>
						Lorem ipsum dolor sit amet, consetetur sadipscing elitr, sed diam nonumy eirmod tempor invidunt ut labore et dolore magna aliquyam erat, sed diam voluptua. At vero eos et accusam et justo duo dolores et ea rebum. Stet clita kasd gubergren, no sea takimata sanctus est Lorem ipsum dolor sit amet. Lorem ipsum dolor sit amet, consetetur sadipscing elitr, sed d
					</description>
					<feature mandatory="true" name="F_14052E6F25E6">
						<description>
							Lorem ipsum dolor sit am
						</description>
					</feature>
					<feature mandatory="true" name="F_C4B702CDD3E3">
						<description>
							Lorem ipsum dolor sit amet, consetetur sadipscin
						</description>
					</feature>
					<feature mandatory="true" name="F_F848823DF7B2">
						<description>
							Lorem ipsum dolor sit amet, consetetur sadipscin
						</description>
					</feature>
				</alt>
				<alt mandatory="true" name="F_982FF6D84806">
					<description>
						Lorem ipsum dolor sit amet, consetetur sadipscing elitr, sed diam nonumy eirmod tempor invidunt ut labore et dolore magna al
					</description>
					<feature mandatory="true" name="F_8E580267C998">
						<description>
							
						</description>
					</feature>
					<feature mandatory="true" name="F_C5F0D7037855">
						<description>
							
						</description>
					</feature>
				</alt>
				<alt mandatory="true" name="F_7DE43845CED6">
					<description>
						Lorem ipsum dolor sit amet, consetetur sadipscing elitr, sed diam nonumy eirmod tempor invidunt ut labore et dolore magna aliquyam erat, sed diam voluptua. At vero eos et accusam et justo duo dolores et ea rebum. Stet clita kasd gubergren, no sea takimata sanctus est Lorem ipsum dolor sit amet. Lorem ipsum dolor sit amet, consetetur sadipscing elitr, sed diam nonumy eirmod tempor invidunt ut labore et dolore magna aliquyam erat, sed diam voluptua. At vero eos et accusam et ju
					</description>
					<feature mandatory="true" name="F_D19A6AC78D55">
						<description>
							
						</description>
					</feature>
					<feature mandatory="true" name="F_885824F20BA3">
						<description>
							
						</description>
					</feature>
				</alt>
				<alt mandatory="true" name="F_0369E333CD37">
					<description>
						Lorem ipsum dolor sit amet, consetetur sadipscing elitr
					</description>
					<feature mandatory="true" name="F_18C7AF2F79AE">
						<description>
							Lorem ipsum dolor sit amet, c
						</description>
					</feature>
					<feature mandatory="true" name="F_F036627FEB4C">
						<description>
							Lorem ipsum dolor sit amet,
						</description>
					</feature>
					<feature mandatory="true" name="F_F731D51B8A23">
						<description>
							
						</description>
					</feature>
					<feature mandatory="true" name="F_1692489896FE">
						<description>
							
						</description>
					</feature>
				</alt>
				<feature mandatory="true" name="F_854A0C7942E2">
					<description>
						
					</description>
				</feature>
				<feature name="F_2FDE0CBA9085">
					<description>
						
					</description>
				</feature>
				<feature mandatory="true" name="N_210133672__F_5EAEA00E40DD">
					<description>
						
					</description>
				</feature>
				<feature name="N_210133672__F_9FA60E316E72">
					<description>
						
					</description>
				</feature>
				<feature name="N_210133672__F_E1270B9B6D1C">
					<description>
						
					</description>
				</feature>
				<feature name="N_210133672__F_4CC9342BF214">
					<description>
						
					</description>
				</feature>
				<feature name="N_210133672__F_0388E532B098">
					<description>
						
					</description>
				</feature>
				<feature name="N_210133672__F_AACF1A797801">
					<description>
						
					</description>
				</feature>
				<feature name="N_210133672__F_6D27B4202707">
					<description>
						
					</description>
				</feature>
				<feature name="N_210133672__F_9FE68F8D080F">
					<description>
						
					</description>
				</feature>
				<feature name="N_210133672__F_09C0262BB3A9">
					<description>
						
					</description>
				</feature>
				<feature name="F_86AF7142A780">
					<description>
						Lorem ipsum dolor sit amet, consetetur sadipscing elitr, sed diam nonumy eirmod tempor invidunt ut labore et dolore magna aliquyam erat, sed diam voluptua. At vero eos et accusam et justo duo dolores et e
					</description>
				</feature>
			</and>
		</struct>
		<constraints/>
		<calculations Auto="true" Constraints="true" Features="true" Redundant="true" Tautology="true"/>
		<comments>
			<c/>
		</comments>
		<featureOrder userDefined="false"/>
	</featureModel>
