<?xml version="1.0" encoding="UTF-8" standalone="no"?>
	<featureModel>
		<properties/>
		<struct>
			<and mandatory="true" name="N_2733546001__F_9D8D42719228">
				<description>
					Lorem
				</description>
				<alt mandatory="true" name="F_D3DB32A8EA91">
					<description>
						Lorem ipsum dolor sit amet, consetetur sadipscing elitr, sed diam nonumy eirmod tempor invidunt ut labore et dolore magna aliquyam erat, sed dia
					</description>
					<feature mandatory="true" name="F_413AF69AAC55">
						<description>
							Lorem ipsum dolor sit amet, co
						</description>
					</feature>
					<and mandatory="true" name="F_B37CDA55BC53">
						<description>
							Lorem ipsum dolor sit amet, consetetur
						</description>
						<feature name="F_9430B12CD35F">
							<description>
								Lorem ipsum dolor sit amet, consetetur sadipscing elitr, sed diam nonumy eirmod tempor invidunt ut labore et d
							</description>
						</feature>
						<and name="F_7583595C7A47">
							<description>
								Lorem ipsum dolor sit amet, consetetur sadipscing elitr, sed diam nonumy eirmod tempor invidunt ut labore et dolore magna aliquyam erat, sed diam voluptua. At vero eos et accusam et justo duo dolores et ea rebum. Stet clita kasd gubergren, no s
							</description>
							<feature name="F_2567C2BB6C1F">
								<description>
									Lorem ipsum dolor sit amet, consetetur sadipscing
								</description>
							</feature>
						</and>
						<and name="F_BD70D5B9FF68">
							<description>
								Lorem ipsum dolor sit amet
							</description>
							<feature name="F_ABC7C50BB0CE">
								<description>
									Lorem ipsum dolor sit amet, consetetur sadipscing elitr, sed d
								</description>
							</feature>
							<and name="F_C719B927E7F6">
								<description>
									Lorem ipsum dolor sit amet, consetetur sadipscing elitr, sed diam nonumy eirmod tempor invidunt ut labore et dolore magna
								</description>
								<feature name="F_165A22CC9A2E">
									<description>
										Lorem ipsum dolor sit amet, consetetur sadipscing e
									</description>
								</feature>
							</and>
							<feature name="F_58817AC86E1B">
								<description>
									Lorem ipsum dolor sit amet, consetetur sadipscing elitr, sed d
								</description>
							</feature>
							<feature name="F_9213D1D95615">
								<description>
									Lorem ipsum dolor sit amet, consetetur sadipscing elitr, sed diam nonumy eirmod tempor invidunt ut labore et dolore magna aliquyam erat
								</description>
							</feature>
							<alt name="F_531571DDA4F0">
								<description>
									Lorem ipsum dolor sit amet, consetetur sadipscing elitr, sed diam nonumy eirmod tempor invidunt ut labore e
								</description>
								<feature mandatory="true" name="F_9A32E5BC6BB3">
									<description>
										Lorem ipsum dolor sit amet, consetetur sadipscing elitr, sed dia
									</description>
								</feature>
								<feature mandatory="true" name="F_3CEB6232DA31">
									<description>
										Lorem ipsum dolor sit amet, consetetur sadipsci
									</description>
								</feature>
								<feature mandatory="true" name="F_DFDD4506C0BA">
									<description>
										Lorem ipsum dolor sit amet, consetetur sadipscing elitr, sed diam
									</description>
								</feature>
							</alt>
							<feature name="F_07D6935897B1">
								<description>
									Lorem ipsum dolor sit amet, consetetur sadipscing elitr, sed diam nonumy eirmod tempor invidunt ut labore et dolore magna aliquyam erat, sed
								</description>
							</feature>
							<feature name="F_693FB2CF8095">
								<description>
									Lorem ipsum dolor sit amet, consetetur sadipscing elitr, sed diam nonumy eirmod tempor invidunt ut labore et dolore magna aliquyam erat, sed diam
								</description>
							</feature>
						</and>
						<and name="F_CED8B94985E3">
							<description>
								Lorem ipsum dolor sit amet, consetetur sadipscing elitr, sed diam nonumy eirmod tempor invidunt ut labore et dolore magna aliquyam erat, sed diam voluptua. At vero eos et accusam et justo duo dolores et ea rebum. Stet clita ka
							</description>
							<feature name="F_7AA21F58181C">
								<description>
									Lorem ipsum dolor sit amet, consetetur sadipscing elitr, sed diam nonumy
								</description>
							</feature>
						</and>
						<and name="F_9C1EA50D1FED">
							<description>
								Lorem ipsum dolor sit amet, consetetur sadipscing elitr, sed diam nonumy eirmod tempor invidunt ut labore et dolore magna aliquyam erat, sed diam voluptua. At vero eos et accusam et justo duo dolores et ea rebum. Stet clita kasd gubergren, no sea takimata sanctus est Lorem ipsum dolor sit amet. Lorem ipsum dolor sit amet, consetetur sadipscing elitr, sed diam nonumy eirmod tempor invidunt ut labore et dolore magna aliquyam erat, sed diam voluptua. At vero eos et accusam et justo duo dolores et ea rebum. Stet clita kasd gubergren, no sea takimata sanctus est Lorem i
							</description>
							<feature name="F_BB6313B31088">
								<description>
									Lorem ipsum dolor sit amet, consetetur sadipscing elitr, sed
								</description>
							</feature>
						</and>
						<and name="F_6738C75E8134">
							<description>
								Lorem ipsum dolor sit amet, consetetur sadipscing elitr, sed diam nonumy eirmod tempor invidunt ut labore et dolore magna aliquyam erat, sed diam voluptua. At vero eos et accusam et justo duo dolores et ea rebum. Stet clita kasd
							</description>
							<feature name="F_7D5CCEFC1D1C">
								<description>
									Lorem ipsum dolor sit amet, consetetur sadipscing elitr, sed diam non
								</description>
							</feature>
						</and>
						<and name="F_0B5B64C7427E">
							<description>
								Lorem ipsum dolor sit amet, consetetur sadipscing elitr, sed diam nonumy eirmod tempor invidunt ut labore et dolore magna aliquyam erat, sed diam voluptua. At vero eos et accusam et justo duo dolores et ea rebum. Stet clita kasd gubergren, no sea tak
							</description>
							<feature name="F_3A68237C7103">
								<description>
									Lorem ipsum dolor sit amet, consetetur sadipscing elitr, sed
								</description>
							</feature>
							<or name="F_E27A33C820EF">
								<description>
									Lorem ipsum dolor sit amet, consetetur sadipscing elitr, sed diam nonumy eirmod tempor invidunt ut labore et dolore magna
								</description>
								<feature mandatory="true" name="F_9E903018A32E">
									<description>
										Lorem ipsum dolor sit amet, consetetur sad
									</description>
								</feature>
								<feature mandatory="true" name="F_0D875D28D076">
									<description>
										Lorem ipsum dolor sit amet, consetetur sadipsc
									</description>
								</feature>
								<feature mandatory="true" name="F_23EE0A24C21A">
									<description>
										Lorem ipsum dolor sit amet, consetetur sadipscing
									</description>
								</feature>
								<feature mandatory="true" name="F_C19C20E73A84">
									<description>
										Lorem ipsum dolor sit amet, consetetur sadipscing elitr, sed diam nonumy eirmod tempor
									</description>
								</feature>
								<feature mandatory="true" name="F_2489686719A7">
									<description>
										Lorem ipsum dolor sit amet, consetetur sadipscing elitr, sed diam nonum
									</description>
								</feature>
								<feature mandatory="true" name="F_5D20BC47E743">
									<description>
										Lorem ipsum dolor sit amet, consetetur sadipscing elitr, sed
									</description>
								</feature>
								<feature mandatory="true" name="F_FF07E68C3CC3">
									<description>
										Lorem ipsum dolor sit amet, consetetur sadipsci
									</description>
								</feature>
								<feature mandatory="true" name="F_647940340882">
									<description>
										Lorem ipsum dolor sit amet, consetetur sadipscing elitr, sed diam non
									</description>
								</feature>
								<feature mandatory="true" name="F_6389A95B3C95">
									<description>
										Lorem ipsum dolor sit amet, consetetur sadipsci
									</description>
								</feature>
							</or>
						</and>
						<and name="F_9F9D288496E0">
							<description>
								Lorem ipsum dolor sit amet, consetetur sadipscing elitr, sed diam nonumy eirmod tempor invidunt ut labore et dolore magna aliquyam erat, sed diam voluptua. At vero eos et accusam et justo duo dolores et ea rebum. Stet clita kasd gubergren, no sea takimata sanctus est Lorem ipsum dolor sit amet. Lorem ipsum dolor sit
							</description>
							<feature name="F_F2983AAF88AA">
								<description>
									Lorem ipsum dolor sit amet, consetetur sadipscing elit
								</description>
							</feature>
						</and>
						<and name="F_8DADA6063D72">
							<description>
								Lorem ipsum dolor sit amet, consetetur sadipscing elitr, sed diam nonumy eirmod tempor invidunt ut labore et dolore magna aliquyam erat, sed diam voluptua. At vero eos et accusam et justo duo dolores et ea rebum. Stet clita kasd gubergren, no sea takimata sanctus est Lorem ipsum dolor sit amet. Lorem ipsum dolor sit amet, consetetur sadipscing elitr, sed diam nonumy eirmod tempor invidunt ut labore et dolore magna aliquyam erat, sed diam voluptua. At vero eos et
							</description>
							<feature name="F_D09133D9FBCE">
								<description>
									Lorem ipsum dolor sit amet, consetetur sadipscing elitr, sed diam no
								</description>
							</feature>
						</and>
						<and name="F_E0AD228D0940">
							<description>
								Lorem ipsum dolor sit amet, consetetur sadipscing elitr, sed diam nonumy eirmod tempor invidunt ut labore et dolore magna aliquyam erat, sed diam voluptua. At vero eos et accusam et justo duo dolores et ea rebum. Stet clita kasd gubergren, no sea takimata sanctus est Lorem ipsum dolor sit amet. Lorem ipsum dolor sit amet, consetetur sadipscing elitr, sed diam nonumy eirmod tempor invidun
							</description>
							<feature name="F_E27528B21C7D">
								<description>
									Lorem ipsum dolor sit amet, consetetur sadipscing elitr, sed diam n
								</description>
							</feature>
						</and>
						<or name="F_8C8340CCD72A">
							<description>
								Lorem ipsum dolor sit amet, con
							</description>
							<feature mandatory="true" name="F_B957D8524CF6">
								<description>
									Lorem ipsum dolor sit amet, consetetur sadipscing elitr, sed diam nonumy eirmod tempor invidunt ut labore et dolore magna aliquyam erat, sed diam voluptua. At vero eos et accusam et justo duo dolores et ea rebum. Stet clita kasd gubergren, no sea takimata sanctus est Lorem ipsum dolor sit amet. Lo
								</description>
							</feature>
							<feature mandatory="true" name="F_C81A340D6D50">
								<description>
									Lorem ipsum dolor sit amet, consetetur sadipscing elitr, sed diam
								</description>
							</feature>
						</or>
						<feature name="F_8C5668B4FA26">
							<description>
								Lorem ipsum dolor sit amet, consetetur sadipscing elitr, sed diam nonumy eir
							</description>
						</feature>
						<feature name="F_D526323E405D">
							<description>
								Lorem ipsum dolor sit amet, consetetur sadipscing elitr, sed diam nonumy eirmod
							</description>
						</feature>
						<alt mandatory="true" name="F_BA6AADA09526">
							<description>
								Lorem ipsum dolor sit amet, consetetur sadipscing elitr, sed diam nonumy eirmod tempor invidunt ut labore et dolore magna aliquyam erat, sed diam voluptua. At vero eos et accusam et justo duo dolores et
							</description>
							<feature mandatory="true" name="F_25E6CDCECB3D">
								<description>
									Lorem ipsum dolor sit amet, co
								</description>
							</feature>
							<and mandatory="true" name="F_3431278969A0">
								<description>
									Lorem ipsum dolor sit amet, consetetur
								</description>
								<feature name="F_35297E0EBFF6">
									<description>
										Lorem ipsum dolor sit amet, consetetur sadips
									</description>
								</feature>
								<and name="F_D519ADF06E81">
									<description>
										Lorem ipsum dolor sit amet, cons
									</description>
									<feature name="F_EEC3C1F17AF0">
										<description>
											Lorem ipsum dolor sit amet, consetetur sadipscing
										</description>
									</feature>
								</and>
							</and>
						</alt>
						<and name="F_76ADEAAD15A4">
							<description>
								Lorem ipsum dolor sit amet, consetetur sadipscing elitr, sed diam nonumy eirmod tempor invidunt ut labore et dolore magna aliquyam erat, sed diam volup
							</description>
							<feature name="F_488ED4170E0B">
								<description>
									Lorem ipsum dolor sit amet, consetetur sadipscin
								</description>
							</feature>
							<or name="F_DE155AD838AC">
								<description>
									Lorem ipsum dolor sit amet, consetetur sadi
								</description>
								<feature mandatory="true" name="F_490EC38F2B6F">
									<description>
										Lorem ipsum dolor sit amet, co
									</description>
								</feature>
								<feature mandatory="true" name="F_6B52484A5669">
									<description>
										Lorem ipsum dolor sit amet, consetetur sadipsc
									</description>
								</feature>
								<feature mandatory="true" name="F_55B083FE32B7">
									<description>
										Lorem ipsum dolor sit a
									</description>
								</feature>
								<feature mandatory="true" name="F_8109C3337567">
									<description>
										Lorem ipsum dolor sit amet,
									</description>
								</feature>
								<feature mandatory="true" name="F_23E49E0DC355">
									<description>
										Lorem ipsum dolor sit amet, con
									</description>
								</feature>
								<feature mandatory="true" name="F_DE4ECAC928C4">
									<description>
										Lorem ipsum dolor si
									</description>
								</feature>
								<feature mandatory="true" name="F_0115BDC24744">
									<description>
										Lorem ipsum dolor sit amet, conse
									</description>
								</feature>
								<feature mandatory="true" name="F_7DD22A8D28A3">
									<description>
										Lorem ipsum dolor sit amet, consetetur sadips
									</description>
								</feature>
								<feature mandatory="true" name="F_22BBED054578">
									<description>
										Lorem ipsum dolor sit amet, consetetur sadi
									</description>
								</feature>
								<feature mandatory="true" name="F_7E65AEB33E4A">
									<description>
										Lorem ipsum dolor sit amet, consetetur sadipsc
									</description>
								</feature>
								<feature mandatory="true" name="F_200E62733FD3">
									<description>
										Lorem ipsum dolor sit amet, consetetur sadipscing elitr,
									</description>
								</feature>
							</or>
						</and>
						<and name="F_DE6D85E0DCE0">
							<description>
								Lorem ipsum dolor sit amet,
							</description>
							<feature name="F_43705EA90AEA">
								<description>
									Lorem ipsum dolor sit amet, consetetur sadipscing
								</description>
							</feature>
						</and>
						<feature name="F_B0738C456CAD">
							<description>
								Lorem ipsum dolor sit amet, consetetur sadipscing elitr, sed diam nonumy eirmod tempor invidunt ut labore et dolore magna aliquyam erat, sed diam voluptua. At vero eos et accusam et justo duo dolores et ea rebum. Stet clita kasd gubergren, no sea takimata sanctus est Lorem ipsum dolor sit amet. Lorem ips
							</description>
						</feature>
					</and>
				</alt>
				<alt mandatory="true" name="F_DDD0E3F5304B">
					<description>
						Lorem ipsum dolor sit amet, consetetur sadipscing elitr, sed diam nonumy eirmod tempor invidunt ut labore et dolore magna aliquyam erat, sed diam voluptua. At vero eos et accusam et justo duo dolores et ea rebum. Stet clita kasd gubergren, no sea takimata sanctus est Lorem ipsum dolor sit amet. Lorem ipsum dolor sit amet, consetetur sadipscing elitr, sed diam nonumy eirmod tempor invidunt ut labore et dolore magna aliquyam erat,
					</description>
					<feature mandatory="true" name="F_A37FE828B667">
						<description>
							
						</description>
					</feature>
					<and mandatory="true" name="F_BBEBA0B11542">
						<description>
							
						</description>
						<alt mandatory="true" name="F_3E61D7F7EE03">
							<description>
								
							</description>
							<feature mandatory="true" name="F_447E5A36D94F">
								<description>
									
								</description>
							</feature>
							<and mandatory="true" name="F_53C70BC61D47">
								<description>
									
								</description>
								<feature name="F_A1D162E0FCF9">
									<description>
										Lorem ipsum dolor sit amet, consetetur
									</description>
								</feature>
								<feature name="F_651B48767404">
									<description>
										
									</description>
								</feature>
							</and>
						</alt>
						<alt mandatory="true" name="F_1F04E04E7A52">
							<description>
								Lorem ipsum dolor sit amet, consetetur sadipscing elitr, sed diam nonumy eirmod tempor invidunt ut labore et dolore magna aliquyam erat, sed diam voluptua. At vero eos et accusam et justo duo dolores et ea rebum. Stet clita kasd gubergren, no sea takimata sanctus est Lorem ipsum dolor sit amet. Lorem ipsum dolor sit amet, consetetur sadipscing elitr, sed diam nonumy eirmod tempor invidunt ut labore et dolore magna aliquya
							</description>
							<feature mandatory="true" name="F_354738B5050F">
								<description>
									
								</description>
							</feature>
							<and mandatory="true" name="F_97E04FF1724E">
								<description>
									
								</description>
								<or mandatory="true" name="F_925454E8393E">
									<description>
										Lorem ipsum dolor sit amet, consetetur sadipscing elitr, sed diam nonumy eirmod tempor invidunt ut labore et dolore magna aliquyam erat, sed diam voluptua. At vero eos et accusam et justo duo dolores et ea rebum. Stet clita kasd gubergren, no sea takimata sanctus est Lorem ipsum dolor sit amet. Lorem ipsum dolor sit amet, consetetur sadipscing elitr, sed diam nonumy eirmod tempor invidunt ut labore et dolore magna aliquyam erat, sed diam voluptua. At vero eos et accusam et justo duo dolores et ea rebum. Stet clita kasd gubergren, no sea takimata sanctus est Lorem ipsum dolor sit amet. Lorem ipsum dolor sit amet, consetetur sadipscing elitr, sed diam nonumy eirmod tempor invidunt ut labore et dolore magna aliquyam erat, sed diam voluptua. At vero eos et accusam et justo duo dolores et ea rebum.
									</description>
									<feature mandatory="true" name="F_B0653AA8ED01">
										<description>
											Lorem ipsum dolo
										</description>
									</feature>
									<feature mandatory="true" name="F_808085F844A2">
										<description>
											Lorem ipsum dolor sit amet, consetetur sadipscing e
										</description>
									</feature>
									<feature mandatory="true" name="F_906EBC348733">
										<description>
											Lorem ipsum dolor sit amet, consetetur sadipsci
										</description>
									</feature>
									<feature mandatory="true" name="F_00BA559B7394">
										<description>
											Lorem ipsum dolor sit
										</description>
									</feature>
									<feature mandatory="true" name="F_94B12B037504">
										<description>
											Lorem ipsum dolor sit
										</description>
									</feature>
									<feature mandatory="true" name="F_D8019BD3773B">
										<description>
											Lorem ipsum dolor sit amet, consetetur sa
										</description>
									</feature>
									<feature mandatory="true" name="F_53F233E9C9F2">
										<description>
											Lorem ipsum dolor sit amet, consetetur sadip
										</description>
									</feature>
									<feature mandatory="true" name="F_060DFFF3B18E">
										<description>
											Lorem ipsum dolor sit a
										</description>
									</feature>
									<feature mandatory="true" name="F_649FEBD0479D">
										<description>
											Lorem ipsum dolor sit amet, consetetur sadip
										</description>
									</feature>
									<feature mandatory="true" name="F_3F96A29AC707">
										<description>
											Lorem ipsum dolor sit amet, conse
										</description>
									</feature>
								</or>
								<or mandatory="true" name="F_1D3E881D325D">
									<description>
										Lorem ipsum dolor sit amet, consetetur sadipscing elitr, sed diam nonumy eirmod tempor invidunt ut labore et dolore magna aliquyam erat, sed diam voluptua. At vero eos et accusam et justo duo dolores et ea rebum. Stet clita kasd gubergren, no sea takimata sanctus est Lorem ipsum dolor sit amet. Lorem ipsum dolor sit amet, consetetur sadipscing elitr, sed diam nonumy eirmod tempor invidunt ut labore et dolore magna aliquyam erat, sed diam voluptua. At vero eos et accusam et justo duo dolores et ea rebum. Stet clita kasd gubergren, no sea takimata sanctus est Lorem ipsum dolor sit amet. Lorem ipsum dolor sit amet, consetetur sadipscing elitr, sed diam nonumy eirmod tempor invidunt ut labore et dolore magna aliquyam erat, sed diam voluptua. At vero eos et accusam et justo duo dolores et ea rebum.
									</description>
									<feature mandatory="true" name="F_8207EB533D86">
										<description>
											
										</description>
									</feature>
									<feature mandatory="true" name="F_8B812B84AEF5">
										<description>
											
										</description>
									</feature>
									<feature mandatory="true" name="F_E5933D9E08B5">
										<description>
											
										</description>
									</feature>
									<feature mandatory="true" name="F_0D907176C63A">
										<description>
											
										</description>
									</feature>
									<feature mandatory="true" name="F_F91414D8EC9D">
										<description>
											
										</description>
									</feature>
									<feature mandatory="true" name="F_AE0D57CEDC15">
										<description>
											
										</description>
									</feature>
									<feature mandatory="true" name="F_CF014CE9878F">
										<description>
											
										</description>
									</feature>
									<feature mandatory="true" name="F_144079C294E2">
										<description>
											
										</description>
									</feature>
									<feature mandatory="true" name="F_45C109085594">
										<description>
											
										</description>
									</feature>
									<feature mandatory="true" name="F_17422EFEB3BF">
										<description>
											
										</description>
									</feature>
								</or>
								<feature mandatory="true" name="F_495425AD0F05">
									<description>
										
									</description>
								</feature>
							</and>
						</alt>
						<alt mandatory="true" name="F_31090E25AF15">
							<description>
								Lorem ipsum dolor sit amet, consetetur sadipscing elitr, sed diam nonumy eirmod tempor invidunt ut labore et dolore magna aliquyam erat, sed diam voluptua. At vero eos et accusam et justo duo dolores et ea rebum. Stet clita kasd gubergren, no sea takimata sanctus est Lorem ipsum dolor sit amet. Lorem ipsum dolor sit amet, consetetur sadipscing elitr, sed diam nonumy eirmod tempor invidunt ut labore et dolore magna aliquyam erat, sed diam voluptua. At vero eos et accusam et justo duo dolores et ea rebum. Stet clita kasd gubergre
							</description>
							<feature mandatory="true" name="F_82BA1248FAD6">
								<description>
									
								</description>
							</feature>
							<and mandatory="true" name="F_45F1FC08BA81">
								<description>
									
								</description>
								<feature name="F_D8331ACD2114">
									<description>
										Lorem ipsum dolor sit amet, consetetur sadipscing elitr, sed diam nonumy eirmod tempor invidunt ut labore
									</description>
								</feature>
								<feature name="F_847425E031D4">
									<description>
										
									</description>
								</feature>
								<feature name="F_60E438EF127C">
									<description>
										
									</description>
								</feature>
							</and>
						</alt>
						<alt mandatory="true" name="F_068DE58B86DA">
							<description>
								
							</description>
							<feature mandatory="true" name="F_D6DCE208BABA">
								<description>
									
								</description>
							</feature>
							<and mandatory="true" name="F_60F5D91741D4">
								<description>
									
								</description>
								<alt mandatory="true" name="F_1F1D3DF9A584">
									<description>
										
									</description>
									<feature mandatory="true" name="F_856EA5DF32C1">
										<description>
											
										</description>
									</feature>
									<feature mandatory="true" name="F_5DA85E1C3028">
										<description>
											
										</description>
									</feature>
								</alt>
								<feature name="F_82CE104B0ACC">
									<description>
										Lorem ipsum dolor sit amet, consetetur sadipscing elitr, sed diam nonumy eirmod tempor invidunt ut labore et dolore magna aliquyam erat, sed diam voluptua. At vero eo
									</description>
								</feature>
								<feature name="F_70B49C1BB3C4">
									<description>
										
									</description>
								</feature>
							</and>
						</alt>
						<alt mandatory="true" name="F_80FA2481463E">
							<description>
								Lorem ipsum dolor sit amet, consetetur sadipscing elitr, sed diam nonumy eirmod tempor invidunt ut labore et dolore magna aliquyam erat, sed diam voluptua. At vero eos et accusam et justo duo dolores et ea rebum. Stet clita kasd gubergren, no sea takimata sanctus est Lorem ipsum dolor sit amet. Lorem ipsum dolor sit amet, consetetur sadipscing elitr, sed diam nonumy eirmod tempor invidunt ut labore et dolore magna aliquy
							</description>
							<feature mandatory="true" name="F_062D2985CCE8">
								<description>
									Lorem ipsum dolo
								</description>
							</feature>
							<feature mandatory="true" name="F_FA296C8CFA1E">
								<description>
									Lorem ipsum d
								</description>
							</feature>
						</alt>
						<alt mandatory="true" name="F_8B9C35990302">
							<description>
								
							</description>
							<feature mandatory="true" name="F_F62946A5DFC7">
								<description>
									
								</description>
							</feature>
							<feature mandatory="true" name="F_40A829148170">
								<description>
									
								</description>
							</feature>
						</alt>
						<alt mandatory="true" name="F_97ED4E42958E">
							<description>
								Lorem ipsum dolor sit amet, consetetur sadipscing elitr, sed diam nonumy eirmod tempor invidunt ut labore et dolore magna aliquyam erat, sed diam voluptua. At vero eos et accusam et justo duo dolores e
							</description>
							<feature mandatory="true" name="F_8C20704DFE80">
								<description>
									
								</description>
							</feature>
							<and mandatory="true" name="F_357BDB1A6906">
								<description>
									
								</description>
								<or mandatory="true" name="F_A8121961A7EF">
									<description>
										
									</description>
									<feature mandatory="true" name="F_3787B7213205">
										<description>
											
										</description>
									</feature>
									<feature mandatory="true" name="F_27D82BCA436E">
										<description>
											
										</description>
									</feature>
									<feature mandatory="true" name="F_F0875AE17BEC">
										<description>
											
										</description>
									</feature>
									<feature mandatory="true" name="F_354ED1961EDA">
										<description>
											
										</description>
									</feature>
									<feature mandatory="true" name="F_A6273D9180AB">
										<description>
											
										</description>
									</feature>
									<feature mandatory="true" name="F_F009F047846E">
										<description>
											
										</description>
									</feature>
								</or>
							</and>
						</alt>
						<alt mandatory="true" name="F_90B697FCB82D">
							<description>
								Lorem ipsum dolor sit amet, consetetur sadipscing elitr, sed diam nonumy eirmod tempor invidunt ut labore et dolore magna aliquyam erat, sed diam voluptua. At vero eos et accusam et justo duo dolores et ea rebum. Stet clita kasd gubergren, no sea takimata sanctus est Lorem ipsum dolor sit amet. Lorem ipsum dolor sit amet, consetetur sadipscing elitr, sed diam nonumy eirmod tempor invidunt ut labore et dolore magna aliquyam erat,
							</description>
							<feature mandatory="true" name="F_A802DE3319FC">
								<description>
									
								</description>
							</feature>
							<and mandatory="true" name="F_6034232DFF72">
								<description>
									
								</description>
								<or mandatory="true" name="F_3E48586141DB">
									<description>
										
									</description>
									<and mandatory="true" name="F_3F2CF6642E28">
										<description>
											
										</description>
										<alt name="F_9784FF7CD92B">
											<description>
												
											</description>
											<feature mandatory="true" name="F_975807CC3902">
												<description>
													
												</description>
											</feature>
											<feature mandatory="true" name="F_4AA74B2825D3">
												<description>
													
												</description>
											</feature>
										</alt>
										<feature name="F_12D384D9D875">
											<description>
												
											</description>
										</feature>
									</and>
									<feature mandatory="true" name="F_B3F568CC5872">
										<description>
											
										</description>
									</feature>
								</or>
								<feature name="F_1C93454DFF35">
									<description>
										
									</description>
								</feature>
								<feature name="F_F86F666C9213">
									<description>
										
									</description>
								</feature>
							</and>
						</alt>
						<alt mandatory="true" name="F_1467195E1C63">
							<description>
								
							</description>
							<feature mandatory="true" name="F_E44310094D4C">
								<description>
									
								</description>
							</feature>
							<feature mandatory="true" name="F_1E89B0D1799F">
								<description>
									
								</description>
							</feature>
							<feature mandatory="true" name="F_128A78CFA4EB">
								<description>
									
								</description>
							</feature>
						</alt>
						<alt mandatory="true" name="F_F245DD4BC679">
							<description>
								Lorem ipsum dolor sit amet, consetetur sadipscing elitr, sed diam nonumy eirmod tempor invidunt ut labore et dolore magna aliquyam erat, sed diam voluptua. At vero eos et accusam et justo duo dolores et ea rebum. Stet clita kasd gubergren, no sea takimata sanctus est Lorem ipsum dolo
							</description>
							<feature mandatory="true" name="F_5558318BBB27">
								<description>
									
								</description>
							</feature>
							<feature mandatory="true" name="F_C6F64B0A4270">
								<description>
									
								</description>
							</feature>
						</alt>
						<alt mandatory="true" name="F_73A87FA66B57">
							<description>
								Lorem ipsum d
							</description>
							<feature mandatory="true" name="F_119253EA94FD">
								<description>
									
								</description>
							</feature>
							<and mandatory="true" name="F_089A54A017FE">
								<description>
									
								</description>
								<or mandatory="true" name="F_D542C6B0E804">
									<description>
										
									</description>
									<feature mandatory="true" name="F_DCD1DF24CE1C">
										<description>
											
										</description>
									</feature>
									<feature mandatory="true" name="F_EB24BA48997F">
										<description>
											
										</description>
									</feature>
									<feature mandatory="true" name="F_31FC9867E78C">
										<description>
											
										</description>
									</feature>
									<feature mandatory="true" name="F_F3A38FE9EBE4">
										<description>
											
										</description>
									</feature>
									<feature mandatory="true" name="F_49F00E6E91DD">
										<description>
											
										</description>
									</feature>
								</or>
								<and name="F_2C9F348AC0B6">
									<description>
										
									</description>
									<alt mandatory="true" name="F_99F5BDAE6580">
										<description>
											
										</description>
										<feature mandatory="true" name="F_5AB4B998801F">
											<description>
												
											</description>
										</feature>
										<feature mandatory="true" name="F_5366211138F5">
											<description>
												
											</description>
										</feature>
									</alt>
								</and>
								<feature mandatory="true" name="F_A9ECA4B3857A">
									<description>
										
									</description>
								</feature>
								<alt mandatory="true" name="F_8B427DBE2CEF">
									<description>
										
									</description>
									<feature mandatory="true" name="F_5FE0031543FE">
										<description>
											
										</description>
									</feature>
									<feature mandatory="true" name="F_168D65B27919">
										<description>
											
										</description>
									</feature>
								</alt>
								<alt mandatory="true" name="F_2AB19DE0D2F9">
									<description>
										
									</description>
									<feature mandatory="true" name="F_363EB9961A49">
										<description>
											
										</description>
									</feature>
									<feature mandatory="true" name="F_F935CAABA327">
										<description>
											
										</description>
									</feature>
								</alt>
								<alt mandatory="true" name="F_40B588504324">
									<description>
										
									</description>
									<feature mandatory="true" name="F_8A6712D5E5CF">
										<description>
											
										</description>
									</feature>
									<feature mandatory="true" name="F_C974BEC281FD">
										<description>
											
										</description>
									</feature>
								</alt>
								<alt mandatory="true" name="F_C4A260B7256A">
									<description>
										
									</description>
									<feature mandatory="true" name="F_C33AFCB719F0">
										<description>
											
										</description>
									</feature>
									<feature mandatory="true" name="F_8B0A2B4444F2">
										<description>
											
										</description>
									</feature>
								</alt>
								<alt mandatory="true" name="F_37760DD136D7">
									<description>
										
									</description>
									<feature mandatory="true" name="F_70202A156714">
										<description>
											
										</description>
									</feature>
									<feature mandatory="true" name="F_D9032C58AE0E">
										<description>
											
										</description>
									</feature>
								</alt>
								<alt mandatory="true" name="F_57584443E625">
									<description>
										
									</description>
									<feature mandatory="true" name="F_D5848140CC71">
										<description>
											
										</description>
									</feature>
									<feature mandatory="true" name="F_A6262AF61BF0">
										<description>
											
										</description>
									</feature>
								</alt>
								<alt mandatory="true" name="F_BA5EAD81D108">
									<description>
										
									</description>
									<feature mandatory="true" name="F_8C5A86305306">
										<description>
											
										</description>
									</feature>
									<feature mandatory="true" name="F_61FA112EA9C6">
										<description>
											
										</description>
									</feature>
								</alt>
								<alt mandatory="true" name="F_7D0DCE7DA7A9">
									<description>
										
									</description>
									<feature mandatory="true" name="F_919550FACDFE">
										<description>
											
										</description>
									</feature>
									<feature mandatory="true" name="F_2FC69F20758C">
										<description>
											
										</description>
									</feature>
								</alt>
								<alt mandatory="true" name="F_BC40217CD965">
									<description>
										
									</description>
									<feature mandatory="true" name="F_816AE2E56C87">
										<description>
											
										</description>
									</feature>
									<feature mandatory="true" name="F_B8B2EB5186C8">
										<description>
											
										</description>
									</feature>
								</alt>
								<alt mandatory="true" name="F_5A704823D11E">
									<description>
										
									</description>
									<feature mandatory="true" name="F_671EF45F98F5">
										<description>
											
										</description>
									</feature>
									<feature mandatory="true" name="F_999B6177AC6E">
										<description>
											
										</description>
									</feature>
								</alt>
								<alt mandatory="true" name="F_8909F56DDAB1">
									<description>
										
									</description>
									<feature mandatory="true" name="F_EBEEA653597C">
										<description>
											
										</description>
									</feature>
									<feature mandatory="true" name="F_E59D2D794841">
										<description>
											
										</description>
									</feature>
								</alt>
								<alt mandatory="true" name="F_D58B10D7A590">
									<description>
										
									</description>
									<feature mandatory="true" name="F_E2773A62ED32">
										<description>
											
										</description>
									</feature>
									<feature mandatory="true" name="F_175ECEF4DB8F">
										<description>
											
										</description>
									</feature>
								</alt>
								<alt mandatory="true" name="F_F5028751B551">
									<description>
										
									</description>
									<feature mandatory="true" name="F_9D69881BC2AF">
										<description>
											
										</description>
									</feature>
									<feature mandatory="true" name="F_25CC884D2E3F">
										<description>
											
										</description>
									</feature>
								</alt>
								<alt mandatory="true" name="F_9B8C71EC1A51">
									<description>
										
									</description>
									<feature mandatory="true" name="F_DAEB4DE3575A">
										<description>
											
										</description>
									</feature>
									<feature mandatory="true" name="F_6ED808DF2917">
										<description>
											
										</description>
									</feature>
								</alt>
								<alt mandatory="true" name="F_F2912C70C79C">
									<description>
										
									</description>
									<feature mandatory="true" name="F_DA67193149B1">
										<description>
											
										</description>
									</feature>
									<feature mandatory="true" name="F_2B0A21AC34C5">
										<description>
											
										</description>
									</feature>
								</alt>
								<alt mandatory="true" name="F_3BAF0E5680A1">
									<description>
										
									</description>
									<feature mandatory="true" name="F_80CC457E68C2">
										<description>
											
										</description>
									</feature>
									<feature mandatory="true" name="F_EE730747E2C5">
										<description>
											
										</description>
									</feature>
								</alt>
								<alt mandatory="true" name="F_D6A001FDFEE9">
									<description>
										
									</description>
									<feature mandatory="true" name="F_4B2CAD5F8AFE">
										<description>
											
										</description>
									</feature>
									<feature mandatory="true" name="F_64D74037628C">
										<description>
											
										</description>
									</feature>
								</alt>
								<alt mandatory="true" name="F_5C22B3F9C39D">
									<description>
										
									</description>
									<feature mandatory="true" name="F_76506B56F0BF">
										<description>
											
										</description>
									</feature>
									<feature mandatory="true" name="F_8384D3FBDB75">
										<description>
											
										</description>
									</feature>
								</alt>
							</and>
						</alt>
						<alt mandatory="true" name="F_08AE428F6361">
							<description>
								Lorem ipsum dolor sit amet, consetetur sadipscing elitr, sed diam nonumy eirmod tempor invidunt ut labore et dolore magna aliquyam erat, sed diam voluptua. At vero eos et accusam et justo duo dolores et ea rebum. Stet clita kasd gubergren, no sea takimata sanctus est Lorem ipsum dolor sit amet. Lorem ipsum dolor sit amet, consetetur sadipscing elitr, sed diam nonumy eirmod tempor invidunt ut labore et dolore magna aliquyam erat, sed diam voluptua. At vero
							</description>
							<feature mandatory="true" name="F_1B4EAD63FF6E">
								<description>
									
								</description>
							</feature>
							<and mandatory="true" name="F_4CA4D1636FDE">
								<description>
									
								</description>
								<feature name="F_DB3566ACE11A">
									<description>
										Lorem ipsum dolor sit amet, consetetur sadipscing elitr, sed diam nonumy eirmod tempor invidunt ut labore et dolor
									</description>
								</feature>
							</and>
						</alt>
						<alt mandatory="true" name="F_E58B58A2D580">
							<description>
								Lorem ipsum dolor sit amet, consetetur sadipscing elitr, sed diam nonumy eirmod tempor invidunt ut labore et dolore magna aliquyam erat, sed diam voluptua. At vero eos et accusam et justo duo dolores et ea rebum. Stet clita kasd gubergren, no
							</description>
							<feature mandatory="true" name="F_7E561AFED8C9">
								<description>
									
								</description>
							</feature>
							<feature mandatory="true" name="F_F695950B1533">
								<description>
									
								</description>
							</feature>
						</alt>
						<alt mandatory="true" name="F_B36B1CB54067">
							<description>
								
							</description>
							<feature mandatory="true" name="F_ACED4C55637F">
								<description>
									
								</description>
							</feature>
							<and mandatory="true" name="F_02C27124E8CA">
								<description>
									
								</description>
								<alt mandatory="true" name="F_F8AD1E9D6B2A">
									<description>
										
									</description>
									<feature mandatory="true" name="F_AE94F8FD236E">
										<description>
											
										</description>
									</feature>
									<feature mandatory="true" name="F_A3375CB59CCE">
										<description>
											
										</description>
									</feature>
									<feature mandatory="true" name="F_BFBCBB8D0D85">
										<description>
											
										</description>
									</feature>
									<feature mandatory="true" name="F_446D0F1F45DA">
										<description>
											
										</description>
									</feature>
								</alt>
								<feature name="F_83922928C10F">
									<description>
										
									</description>
								</feature>
								<feature name="F_F341F04E8270">
									<description>
										
									</description>
								</feature>
							</and>
						</alt>
						<alt mandatory="true" name="F_C02312F060FD">
							<description>
								Lorem ipsum dolor sit amet, consetetur sadipscing elitr, sed diam nonumy eirmod tempor invidunt ut labore et dolore magna aliquyam erat, sed diam voluptua. At vero eos et accusam et justo duo dolores et ea rebum. Stet clita kasd gubergren, no sea taki
							</description>
							<feature mandatory="true" name="F_F557DD9456E6">
								<description>
									
								</description>
							</feature>
							<feature mandatory="true" name="F_DF72869C979B">
								<description>
									
								</description>
							</feature>
						</alt>
						<alt mandatory="true" name="F_BDBDA3C7BDA6">
							<description>
								Lorem ipsum dolor sit amet, consetetur sadipscing elitr, sed diam nonumy eirmod tempor invidunt ut labore et dolore magna aliquyam erat, sed diam voluptua. At vero eos et accusam et justo duo dolores et ea rebum. Stet clita kasd gubergren, no sea taki
							</description>
							<feature mandatory="true" name="F_469531F82D6B">
								<description>
									
								</description>
							</feature>
							<feature mandatory="true" name="F_1C41E7FE1433">
								<description>
									
								</description>
							</feature>
						</alt>
						<alt mandatory="true" name="F_19230C964CC8">
							<description>
								Lorem ipsum dolor sit amet, consetetur sadipscing elitr, sed diam
							</description>
							<feature mandatory="true" name="F_3F1D3007B8D6">
								<description>
									Lorem ipsum dolor sit amet,
								</description>
							</feature>
							<feature mandatory="true" name="F_C38660822897">
								<description>
									Lorem ipsum dolor sit amet, conse
								</description>
							</feature>
							<feature mandatory="true" name="F_7CF58ACF1167">
								<description>
									Lorem ipsum dolor sit amet, consetetur
								</description>
							</feature>
							<feature mandatory="true" name="F_CD5588301DD7">
								<description>
									Lorem ipsum dolor sit amet, consetetur sadips
								</description>
							</feature>
							<feature mandatory="true" name="F_A11BAA2D33B7">
								<description>
									Lorem ipsum dolor sit amet, consetetu
								</description>
							</feature>
							<feature mandatory="true" name="F_AB7850D2D637">
								<description>
									Lorem ipsum dolor sit amet, consetet
								</description>
							</feature>
							<feature mandatory="true" name="F_34E0A37339FF">
								<description>
									Lorem ipsum dolor sit amet, conset
								</description>
							</feature>
						</alt>
						<feature name="F_FD206011B3A1">
							<description>
								
							</description>
						</feature>
						<or name="F_00B4F5532487">
							<description>
								
							</description>
							<feature mandatory="true" name="F_A2C868C8FAF4">
								<description>
									
								</description>
							</feature>
							<feature mandatory="true" name="F_E386D0089983">
								<description>
									
								</description>
							</feature>
							<feature mandatory="true" name="F_B1083C4F8D1E">
								<description>
									
								</description>
							</feature>
							<feature mandatory="true" name="F_1231534A1917">
								<description>
									
								</description>
							</feature>
							<feature mandatory="true" name="F_394F50F38942">
								<description>
									
								</description>
							</feature>
							<feature mandatory="true" name="F_747A0E03DB03">
								<description>
									
								</description>
							</feature>
							<feature mandatory="true" name="F_E4D8553ED030">
								<description>
									
								</description>
							</feature>
							<feature mandatory="true" name="F_66F5DFF460E4">
								<description>
									
								</description>
							</feature>
							<feature mandatory="true" name="F_6F5A248D2A80">
								<description>
									
								</description>
							</feature>
							<feature mandatory="true" name="F_7421AD987FAA">
								<description>
									
								</description>
							</feature>
							<feature mandatory="true" name="F_3582359B26CE">
								<description>
									
								</description>
							</feature>
							<feature mandatory="true" name="F_2DBA78FB4A36">
								<description>
									
								</description>
							</feature>
							<feature mandatory="true" name="F_7CF7371BA76E">
								<description>
									
								</description>
							</feature>
							<feature mandatory="true" name="F_27BE24641D28">
								<description>
									
								</description>
							</feature>
							<feature mandatory="true" name="F_89E2B326AE19">
								<description>
									
								</description>
							</feature>
							<feature mandatory="true" name="F_3C71B32C9448">
								<description>
									
								</description>
							</feature>
							<feature mandatory="true" name="F_B4E6A453179C">
								<description>
									
								</description>
							</feature>
							<feature mandatory="true" name="F_629D5A068C82">
								<description>
									
								</description>
							</feature>
							<feature mandatory="true" name="F_E78ED4C04ECB">
								<description>
									
								</description>
							</feature>
							<feature mandatory="true" name="F_31B4388017C1">
								<description>
									
								</description>
							</feature>
							<feature mandatory="true" name="F_6CD5CF59209A">
								<description>
									
								</description>
							</feature>
							<feature mandatory="true" name="F_27582787FFED">
								<description>
									
								</description>
							</feature>
							<feature mandatory="true" name="F_0C736BF1542F">
								<description>
									
								</description>
							</feature>
							<feature mandatory="true" name="F_67B9814AC279">
								<description>
									
								</description>
							</feature>
							<feature mandatory="true" name="F_28DB78E25A5A">
								<description>
									
								</description>
							</feature>
							<feature mandatory="true" name="F_4A721119AB54">
								<description>
									
								</description>
							</feature>
							<feature mandatory="true" name="F_F3E38760E9CF">
								<description>
									
								</description>
							</feature>
							<feature mandatory="true" name="F_89D09CBC27E9">
								<description>
									
								</description>
							</feature>
							<feature mandatory="true" name="F_1AAA884C7949">
								<description>
									
								</description>
							</feature>
							<feature mandatory="true" name="F_AEC8AFABA08D">
								<description>
									
								</description>
							</feature>
							<feature mandatory="true" name="F_587160906EF6">
								<description>
									
								</description>
							</feature>
						</or>
						<feature mandatory="true" name="F_692B73093DD8">
							<description>
								
							</description>
						</feature>
						<feature name="F_0300B0315E8F">
							<description>
								Lorem ipsum dolor sit amet, consetetur sadipscing elitr, sed diam nonumy eirmod tempor invidunt ut labore et dolore magna
							</description>
						</feature>
						<alt mandatory="true" name="F_207F08389454">
							<description>
								Lorem ipsum dolor sit amet, consetetur sadipscing elitr, sed diam nonumy eirmod tempor invidunt ut labore et dolore magna aliquyam erat, sed diam voluptua. At vero eos et accusam et justo duo dolores et ea rebum. Stet clita kasd gubergren, no sea takimata sanctus est Lorem ipsum dolor sit amet. Lorem ipsum d
							</description>
							<feature mandatory="true" name="F_BAD5AD87078E">
								<description>
									Lorem i
								</description>
							</feature>
							<feature mandatory="true" name="F_3601226BB731">
								<description>
									Lorem ipsum dolor sit amet, consetetur sadi
								</description>
							</feature>
							<feature mandatory="true" name="F_6DC838904F56">
								<description>
									Lorem ipsum dolor sit amet, consetetur sa
								</description>
							</feature>
						</alt>
						<or name="F_0E7E1AB114FC">
							<description>
								Lorem ipsum dolor sit amet, consetetur sadipscing elitr, sed diam nonumy eirmod tempor invidunt ut labore et dolore magna aliquyam erat, sed diam voluptua. At vero eos et accusam et justo duo dolores et ea rebum. Stet
							</description>
							<feature mandatory="true" name="F_D8CC0E8A0992">
								<description>
									Lorem ipsum dolor sit amet, co
								</description>
							</feature>
							<feature mandatory="true" name="F_C0E3CC7762E9">
								<description>
									Lorem ipsum dolor sit amet, consetetur sadipsc
								</description>
							</feature>
							<feature mandatory="true" name="F_83ED2CFE7E9D">
								<description>
									Lorem ipsum dolor sit amet, consetetur sad
								</description>
							</feature>
						</or>
						<or name="F_000876A704B7">
							<description>
								Lorem ipsum dolor sit amet, consetetur sadipscing elitr, sed diam nonumy eirmod tempor invidunt ut labore et dolore magna a
							</description>
							<feature mandatory="true" name="F_8B8322BC200E">
								<description>
									
								</description>
							</feature>
							<feature mandatory="true" name="F_6B5D96189428">
								<description>
									
								</description>
							</feature>
							<feature mandatory="true" name="F_E3139CC2E0FA">
								<description>
									
								</description>
							</feature>
							<feature mandatory="true" name="F_E6B7F2644700">
								<description>
									
								</description>
							</feature>
							<feature mandatory="true" name="F_F5CC224041A9">
								<description>
									
								</description>
							</feature>
							<feature mandatory="true" name="F_AB48E0834BDA">
								<description>
									
								</description>
							</feature>
						</or>
						<alt mandatory="true" name="F_60CF8B3E6B65">
							<description>
								Lorem ipsum dolor sit amet, consetetur sadipscing elitr, sed diam nonumy eirmod tempor invidunt ut labore et dolore magna aliquyam erat, sed diam voluptua. At vero eos et accusam et justo duo dolores et ea rebum. Stet clita kasd gubergren, no sea takimata sanctus est Lorem ipsum dolor sit amet. Lorem ipsum dolor sit amet, consetetur sadipscing el
							</description>
							<feature mandatory="true" name="F_A0216E14BC97">
								<description>
									
								</description>
							</feature>
							<and mandatory="true" name="F_0DD32BFE0A92">
								<description>
									
								</description>
								<alt mandatory="true" name="F_97DCE806A1CA">
									<description>
										Lorem ipsum dolor sit amet, consetetur sadipscing elitr, sed diam nonumy eirmod tempor invidunt ut labo
									</description>
									<feature mandatory="true" name="F_1FDB3C187DFD">
										<description>
											Lorem ipsum dolor sit amet,
										</description>
									</feature>
									<feature mandatory="true" name="F_981EE997431C">
										<description>
											Lorem ipsum dolor sit amet, consetet
										</description>
									</feature>
									<feature mandatory="true" name="F_BB1A68D46A1E">
										<description>
											Lorem ipsum dolor sit amet, consetetur sadipscing elitr, sed diam nonumy eirm
										</description>
									</feature>
									<feature mandatory="true" name="F_826663D93E33">
										<description>
											Lorem ipsum dolor sit amet, consetetur sadipscing elitr, sed diam nonumy
										</description>
									</feature>
								</alt>
								<feature name="F_63D0258994E2">
									<description>
										Lorem ipsum dolor sit amet, consetetur sadipscing elitr, sed diam nonumy eirmod tempor invidunt ut labore
									</description>
								</feature>
								<feature name="F_08C6BDCFC9D2">
									<description>
										Lorem ipsum dolor sit amet, consetetur sadipscing elitr, sed diam nonumy eirmod tempor invidunt ut labore et dolore magna aliquyam erat
									</description>
								</feature>
							</and>
						</alt>
						<feature name="F_053B2AA502D2">
							<description>
								Lorem ipsum dolor sit amet, consetetur sadipscing elitr, sed diam nonumy eirmod tempor invidunt ut labore et dol
							</description>
						</feature>
						<feature name="F_432AB2FFF2A0">
							<description>
								Lorem ipsum dolor sit amet, consetetur sadipscing elitr, sed diam nonumy eirmod tempor invidunt ut labore et dolore magna aliquyam
							</description>
						</feature>
						<alt mandatory="true" name="F_5090C02E4D09">
							<description>
								Lorem ipsum dolor sit amet, consetetur sadipscing elitr, sed diam nonumy eirmod tempor invidunt ut labore et dolore magna aliquyam erat, sed diam voluptua. At vero eos et accusam et justo duo dolores et ea rebum. Stet clita kasd gubergren, no sea takimata sanctus est Lorem ipsum dolor sit amet. L
							</description>
							<feature mandatory="true" name="F_41C1825B657A">
								<description>
									Lorem ipsum dolor si
								</description>
							</feature>
							<and mandatory="true" name="F_9C07D6E3178A">
								<description>
									Lorem ipsum dolor sit amet,
								</description>
								<alt mandatory="true" name="F_E06368F1F03E">
									<description>
										Lorem ipsum dolor sit amet, consetetur sadipscing elitr, sed diam nonumy eirmod tempor invidunt ut labore et dolore magna aliquyam erat, sed diam voluptua. At vero eos et accusam et justo duo dolores et ea rebum. Stet clita kasd gubergren, no s
									</description>
									<feature mandatory="true" name="F_9857C16EDD28">
										<description>
											
										</description>
									</feature>
									<feature mandatory="true" name="F_99F9D65EDB03">
										<description>
											
										</description>
									</feature>
								</alt>
							</and>
						</alt>
						<feature name="F_21AC50209874">
							<description>
								Lorem ipsum dolor sit amet, consetetur sadipscing elitr, sed diam nonumy eirmod tempor invidunt ut labore et dolore magna aliquyam erat, sed diam voluptua. At vero
							</description>
						</feature>
						<or name="F_0025089234EC">
							<description>
								Lorem ipsum dolor sit amet, consetetur sadipscing elitr, sed diam nonumy eirmod tempor invidunt ut labore et dolore magna aliquyam erat, sed diam voluptua. At vero eos et accusam et justo duo dolores et ea rebum. Stet clita kasd gubergren, no sea takimata sanctus est Lorem ipsum dolor sit amet. Lorem ipsum dolor sit amet, consetetur sadipscing elitr, sed diam nonumy e
							</description>
							<feature mandatory="true" name="F_7E5E0FD5074D">
								<description>
									Lorem ipsum dolor sit amet, consetetur
								</description>
							</feature>
							<feature mandatory="true" name="F_B4DFEC48DA99">
								<description>
									Lorem ipsum dolor sit amet, consetetur sadipscing e
								</description>
							</feature>
							<feature mandatory="true" name="F_F24E2786F1DC">
								<description>
									Lorem ipsum dolor sit amet, consetetur sadipscing elitr,
								</description>
							</feature>
							<feature mandatory="true" name="F_9D2039D4613C">
								<description>
									Lorem ipsum dolor sit amet, consetetur sa
								</description>
							</feature>
							<feature mandatory="true" name="F_F45043F03189">
								<description>
									Lorem ipsum dolor sit amet, con
								</description>
							</feature>
							<feature mandatory="true" name="F_AB7524B77FE3">
								<description>
									Lorem ipsum dolor sit amet, consetetur sadipscing elitr, sed diam nonumy eirm
								</description>
							</feature>
							<feature mandatory="true" name="F_553FD27EFDFF">
								<description>
									Lorem ipsum dolor sit amet, consetetur sadipscing elitr, sed diam nonumy eirmod
								</description>
							</feature>
						</or>
						<alt mandatory="true" name="F_59668F9A4A33">
							<description>
								Lorem ipsum dolor sit amet, consetetur sadipscing elitr, sed diam nonumy eirmod tempor invidunt ut labore et dolore magna aliquyam erat, sed diam voluptua. At vero eos et accusam et justo duo dolores et ea rebum. Stet clita kasd gubergren, no sea takimata sanctus est Lorem ipsum dolor sit amet. Lorem i
							</description>
							<feature mandatory="true" name="F_AE55B75F8A03">
								<description>
									
								</description>
							</feature>
							<and mandatory="true" name="F_B4410AFDAF22">
								<description>
									
								</description>
								<alt name="F_FAF121E40D98">
									<description>
										Lorem ipsum dolor sit amet, consetetur sadipscing elitr, sed diam nonumy eirmod tempor invidunt ut labore et dolore magna aliquyam erat
									</description>
									<feature mandatory="true" name="F_C3AA994E80F6">
										<description>
											
										</description>
									</feature>
									<feature mandatory="true" name="F_7777F9445935">
										<description>
											
										</description>
									</feature>
								</alt>
							</and>
						</alt>
						<alt name="F_E79D3C8F6D6D">
							<description>
								Lorem ipsum dolor sit amet, consetetur sadipscing elitr, sed diam
							</description>
							<feature mandatory="true" name="F_3F1D3007B8D3">
								<description>
									Lorem ipsum dolor sit amet,
								</description>
							</feature>
							<feature mandatory="true" name="F_C38660822893">
								<description>
									Lorem ipsum dolor sit amet, conse
								</description>
							</feature>
							<feature mandatory="true" name="F_7CF58ACF1163">
								<description>
									Lorem ipsum dolor sit amet, consetetur
								</description>
							</feature>
							<feature mandatory="true" name="F_CD5588301DD3">
								<description>
									Lorem ipsum dolor sit amet, consetetur sadips
								</description>
							</feature>
							<feature mandatory="true" name="F_A11BAA2D33B3">
								<description>
									Lorem ipsum dolor sit amet, consetetu
								</description>
							</feature>
							<feature mandatory="true" name="F_AB7850D2D633">
								<description>
									Lorem ipsum dolor sit amet, consetet
								</description>
							</feature>
						</alt>
						<or name="F_2D3D24AF9B9A">
							<description>
								Lorem ipsum dolor sit amet, consetetur sadipscing elitr, sed diam nonumy eirmod tempor invidunt ut labore et dolore magna aliquyam erat, sed diam voluptua. At vero eos et accusam et justo duo dolores et ea rebum. Stet clita kasd gubergren, no sea takimata sanctus est Lorem ipsum dolor sit amet. Lorem ipsum dolor sit amet, consete
							</description>
							<feature mandatory="true" name="F_D3CEC1A73F33">
								<description>
									Lorem ipsum dolor sit amet, consetetur sadipscing elitr, sed diam nonumy eirmod tempor invidu
								</description>
							</feature>
							<feature mandatory="true" name="F_F2FAE7F66E5A">
								<description>
									Lorem ipsum dolor sit amet, consetetur sadipscing elitr, sed diam nonumy eirmod tempor inv
								</description>
							</feature>
							<feature mandatory="true" name="F_4B33A7C22107">
								<description>
									Lorem ipsum dolor sit amet, consetetur sadipscing elitr, sed diam nonumy eirmod tempor invidunt ut
								</description>
							</feature>
							<feature mandatory="true" name="F_8E90C1C23E39">
								<description>
									Lorem ipsum dolor sit amet, consetetur sadipscing elitr, sed diam nonumy eirmod tempor
								</description>
							</feature>
							<feature mandatory="true" name="F_9B53263EC377">
								<description>
									Lorem ipsum dolor sit amet, consetetur sadipscing elitr, sed diam nonumy eirmod tempor in
								</description>
							</feature>
							<feature mandatory="true" name="F_D8397852CC89">
								<description>
									Lorem ipsum dolor sit amet, consetetur sadipscing elitr, sed diam nonumy eirmod tempor
								</description>
							</feature>
						</or>
						<alt mandatory="true" name="F_60573B04E500">
							<description>
								Lorem ipsum dolor sit amet, consetetur sadipscing elitr, sed diam nonumy eirmod tempor invidunt ut labore et dolore magna aliquyam erat, sed diam voluptua. At vero eos et accusam et justo duo dolores et ea rebum. Stet clita kasd gubergren, no
							</description>
							<feature mandatory="true" name="F_F2B36D30C2B2">
								<description>
									
								</description>
							</feature>
							<feature mandatory="true" name="F_B11B7C43DA3A">
								<description>
									
								</description>
							</feature>
						</alt>
						<alt mandatory="true" name="F_18A9EB94B6A2">
							<description>
								Lorem ipsum dolor sit amet, consetetur sadipscing elitr, sed diam nonumy eirmod tempor invidunt ut labore et dolore magna aliquyam erat, sed diam voluptua. At vero eos et accusam et justo duo dolores et ea rebum. Stet clita kasd gubergren, no sea takimata sanctus est Lorem ipsum dolor sit amet. Lorem ipsum dolor sit amet, consetetur sadipscing elitr, sed diam nonumy eirmod tempor invidunt
							</description>
							<feature mandatory="true" name="F_D5C78A58C528">
								<description>
									Lorem ipsum dolor si
								</description>
							</feature>
							<feature mandatory="true" name="F_149970A1A305">
								<description>
									Lorem ipsum dolor sit amet, con
								</description>
							</feature>
							<feature mandatory="true" name="F_11D91612710E">
								<description>
									Lorem ipsum dolor sit amet, consetetur
								</description>
							</feature>
							<feature mandatory="true" name="F_D995F7288818">
								<description>
									Lorem ipsum dolor sit amet, cons
								</description>
							</feature>
							<feature mandatory="true" name="F_5C8F778DC2D6">
								<description>
									Lorem ipsum dolor sit amet, consetetur sadipscing elitr, sed diam no
								</description>
							</feature>
						</alt>
						<feature mandatory="true" name="F_13B2BA5C763D">
							<description>
								
							</description>
						</feature>
						<feature name="F_246070BDB55B">
							<description>
								Lorem ipsum dolor sit amet, consetetur sadipscing elitr, sed diam nonumy eirmod tempor invidunt ut labore et dolore magna aliquyam erat, sed diam voluptua.
							</description>
						</feature>
						<alt mandatory="true" name="F_1E1A2BF77C77">
							<description>
								Lorem ipsum dolor sit amet, consetetur sadipscing elitr, sed diam nonumy eirmod tempor invidunt ut labore et dolore magna aliquyam erat, sed diam voluptua. At vero eos et accusam et justo duo dolores et ea rebum. Stet clita kasd gubergren, no sea takimata sanctus est Lorem ipsum dolor sit amet. Lorem ipsum dolor sit amet, consetetur sadipscing elitr, sed diam nonumy eirmod tempor invidunt ut labore et
							</description>
							<alt mandatory="true" name="F_1499F287CD3D">
								<description>
									Lorem ipsum dolor sit amet, consetetur sadipscing elitr, sed diam nonumy eirmod tempor invidunt ut labore et dolore magna aliquyam erat, sed diam voluptua. At vero eos et accusam et justo duo dolores et ea rebum. Stet cl
								</description>
								<feature mandatory="true" name="F_D926F7B277C6">
									<description>
										
									</description>
								</feature>
								<and mandatory="true" name="F_775BA0F7EA61">
									<description>
										
									</description>
									<feature name="F_B7AAD5B0E6D6">
										<description>
											Lorem ipsum dolor sit amet, consetetur sadipscing elitr, sed diam nonumy eirmod tempor invidunt ut labore et dolore m
										</description>
									</feature>
								</and>
							</alt>
							<alt mandatory="true" name="F_65883ED4C8AF">
								<description>
									Lorem ipsum dolor sit amet, consetetur sadipscing elitr, sed diam nonumy eirmod tempor invidunt ut labore et dolore magna aliquyam erat, sed diam voluptua. At vero eos et accusam et justo duo dolores et ea rebum. Stet clita kasd gubergren, no sea takimata sanctus est Lorem ipsum dolor sit amet. Lorem ipsum dolor sit amet, consetetur sadipscin
								</description>
								<feature mandatory="true" name="F_22B4B32D767E">
									<description>
										
									</description>
								</feature>
								<feature mandatory="true" name="F_437B936EC807">
									<description>
										
									</description>
								</feature>
							</alt>
							<feature mandatory="true" name="F_0D74414F3F30">
								<description>
									Lorem ipsum dolor sit
								</description>
							</feature>
							<feature mandatory="true" name="F_1134DAD02639">
								<description>
									Lorem ipsum dolo
								</description>
							</feature>
							<feature mandatory="true" name="F_D1EBC9795082">
								<description>
									Lorem ipsum dolor sit amet, cons
								</description>
							</feature>
							<feature mandatory="true" name="F_9F39AFC9BB34">
								<description>
									Lorem ipsum dolor sit amet, consetetur sadi
								</description>
							</feature>
							<feature mandatory="true" name="F_33FBB3647480">
								<description>
									Lorem ipsum dolor sit amet, consetetur
								</description>
							</feature>
						</alt>
						<alt name="F_9665DE80BCD8">
							<description>
								Lorem ipsum dolor sit amet, consetetur sadipscing elitr, sed diam nonumy ei
							</description>
							<feature mandatory="true" name="F_A178DEC07A45">
								<description>
									
								</description>
							</feature>
							<feature mandatory="true" name="F_6E2364DFD9EA">
								<description>
									
								</description>
							</feature>
						</alt>
						<feature name="F_A15791A71CB6">
							<description>
								
							</description>
						</feature>
						<feature name="F_DCB6CAD90F24">
							<description>
								Lorem ipsum dolor sit amet, consetetur sadipscing elitr, sed diam nonumy eirmod tempor invidunt ut labore et dolore magna aliquyam erat, sed diam voluptua. At vero eos et a
							</description>
						</feature>
						<feature name="F_3906DD8EC466">
							<description>
								Lorem ipsum dolor sit amet, consetetur sadipscing elitr, sed diam nonumy eirmod tempor invidunt ut labore et dolore magna aliquyam erat, sed diam voluptua. At vero eos et accusam et justo
							</description>
						</feature>
						<feature name="F_652DA7531892">
							<description>
								Lorem ipsum dolor sit amet, consetetur sadipscing elitr, s
							</description>
						</feature>
						<feature name="F_C8226A8F5D9B">
							<description>
								Lorem ipsum dolor sit amet, consetetur sadipscing elitr, sed diam nonumy eirmod tempor invidunt ut labore et
							</description>
						</feature>
						<feature name="F_EA7ABA76E878">
							<description>
								Lorem ipsum dolor sit amet, consetetur sadipscing elitr, sed diam nonumy eirmod tempor invidunt ut labore et dolore magna aliquyam erat, sed diam voluptua. At vero eos et accusam et justo duo dolores et ea rebum. Stet clita kasd gubergren, no sea takimata sanctus est Lorem ipsum dolor sit amet. Lorem ipsum dolor sit amet, consetetur sadipscing elitr, sed diam nonumy eirmod tempor invidunt ut labore et do
							</description>
						</feature>
						<feature name="F_19BFAA67693D">
							<description>
								Lorem ipsum dolor sit amet, consetetur sadipscing elitr, sed diam nonumy eirmod tempor invidunt ut labore et dolore magna aliquyam erat, sed diam voluptua. At vero eos et accusam et justo duo dolores et ea rebum. Stet clita kasd gubergr
							</description>
						</feature>
						<feature name="F_023DAFF2F4EB">
							<description>
								Lorem ipsum dolor sit amet, consetetur sadipscing elitr, sed diam nonumy eirmod tempor invidunt ut labore et dolore magna aliquyam erat, sed diam voluptua. At vero eos et accusam et justo duo dol
							</description>
						</feature>
						<feature name="F_BBDAC4D1D6EE">
							<description>
								Lorem ipsum dolor sit amet, consetetur sadipscing elitr, sed diam nonumy eirmod tempor i
							</description>
						</feature>
						<feature name="F_B41B97E4FA2E">
							<description>
								Lorem ipsum dolor sit amet, consetetur sadipscing elitr, sed diam nonumy eirmod tempor invidunt ut labore et dolore magna aliquyam erat, sed diam volup
							</description>
						</feature>
						<feature name="F_B5C82770293D">
							<description>
								Lorem ipsum dolor sit amet, consetetur sadipscing elitr, sed diam nonumy eirmod tempor invidunt ut labore et dolore magna aliquyam erat, se
							</description>
						</feature>
						<feature name="F_148F4F416E0E">
							<description>
								Lorem ipsum dolor sit amet, consetetur sadipscing elitr, sed diam nonumy eirmod tempor invidunt ut labore et dolore mag
							</description>
						</feature>
						<feature name="F_B0C2230D78E9">
							<description>
								Lorem ipsum dolor sit amet, consetetur sadipscing elitr, sed diam nonumy eirmod tempor invidunt ut labore et dolore magna a
							</description>
						</feature>
						<feature name="F_30866FB8C4B9">
							<description>
								Lorem ipsum dolor sit amet, consetetur sadipscing elitr, sed diam nonumy eirmod tempor invidunt ut labore et dolore magna aliquyam era
							</description>
						</feature>
						<feature name="F_30767F05C524">
							<description>
								Lorem ipsum dolor sit amet, consetetur sadipscing elitr, sed diam nonumy eirmod tempor invidunt ut labore et dolore magna aliquy
							</description>
						</feature>
						<feature name="F_4506FCC3C59B">
							<description>
								Lorem ipsum dolor sit amet, consetetur sadipscing elitr, sed diam nonumy eirmod tempor invidunt ut labore et dolore magna aliquyam erat, sed diam voluptua. At vero eos et accusam et justo duo dolores et e
							</description>
						</feature>
						<feature name="F_1A0606800D01">
							<description>
								Lorem ipsum dolor sit amet, consetetur sadipscing elitr, sed diam nonumy eirmod temp
							</description>
						</feature>
						<feature name="F_DA7041B2C931">
							<description>
								Lorem ipsum dolor sit amet, consetetur sadipscing elitr, sed diam nonu
							</description>
						</feature>
						<feature name="F_6FA7A43ECE6B">
							<description>
								Lorem ipsum dolor sit amet, consetetur sadipscing elitr, sed diam nonumy eirmod tempor invidunt ut labore et dolo
							</description>
						</feature>
						<feature name="F_D3F8F4C3EE9C">
							<description>
								Lorem ipsum dolor sit amet, consetetur sadipscing elitr, sed diam nonumy eirmod tempor invidunt ut labore et dolore magna aliquyam erat, sed diam voluptua.
							</description>
						</feature>
						<feature name="F_ACF9647BDA78">
							<description>
								Lorem ipsum dolor sit amet, consetetur sadipscing elitr, sed diam nonumy eirmod te
							</description>
						</feature>
						<feature name="F_93D733C321DC">
							<description>
								Lorem ipsum dolor sit amet, consetetur sadipscing elitr, sed diam nonumy eirmod tempor invidunt ut labore et dolore magna aliquyam erat, sed diam voluptua. At vero eos et accusam et justo duo dolores et ea rebum. Stet clita kasd gubergren, no sea takimata sanctus
							</description>
						</feature>
						<feature name="F_CC42E600FB02">
							<description>
								Lorem ipsum dolor sit amet, consetetur sadipscing elitr, sed diam nonumy eirmod tempor invidunt ut labore et dolore magna aliquyam erat, sed diam voluptua. At vero eos et accusam et justo duo dolores et ea rebum. Stet clita kasd guber
							</description>
						</feature>
						<feature name="F_72C77187CF6A">
							<description>
								Lorem ipsum dolor sit amet, consetetur sadipscing elitr, sed diam nonumy eirmod tempor invidunt ut labore et dolore magna aliquyam erat, sed diam voluptua. At vero eos et accusam et justo duo dolores et ea rebum. Stet clita ka
							</description>
						</feature>
						<feature name="F_5E13B7819A53">
							<description>
								Lorem ipsum dolor sit amet, consetetur sadipscing elitr, sed diam nonumy eirmod tempor invidunt ut labore et dolore magna al
							</description>
						</feature>
						<feature name="F_4CD7E6047463">
							<description>
								Lorem ipsum dolor sit amet, consetetur sadipscing elitr, sed diam nonumy eirmod tempor invidunt ut labore et dolore magna aliquyam
							</description>
						</feature>
						<feature name="F_F961EB75F44C">
							<description>
								Lorem ipsum dolor sit amet, consetetur sadipscing elitr, sed diam nonumy eirmod tempor invidunt ut labore et
							</description>
						</feature>
						<feature name="F_B43591361D83">
							<description>
								Lorem ipsum dolor sit amet, consetetur sadipscing elitr, sed diam nonumy eirmod tempor invidunt ut labore et dolore magna a
							</description>
						</feature>
						<feature name="F_ECD18ADC5B69">
							<description>
								Lorem ipsum dolor sit amet, consetetur sadipscing elitr, sed diam nonumy eirmod tempor invidunt ut labore et dolore magna aliquyam erat, sed diam volup
							</description>
						</feature>
						<feature name="F_6D5847DCD87F">
							<description>
								Lorem ipsum dolor sit amet, consetetur sadipscing elitr, sed diam nonumy eirmod tempor invidunt ut labore et dolore magna aliquyam erat, sed diam voluptua. At vero eos et accusam et justo duo dolores et ea
							</description>
						</feature>
						<feature name="F_6F9899A247DB">
							<description>
								Lorem ipsum dolor sit amet, consetetur sadipscing elitr, sed diam nonumy eirmod tempor invidunt ut labore et do
							</description>
						</feature>
						<feature name="F_24DE936D1F47">
							<description>
								Lorem ipsum dolor sit amet, consetetur sadipscing elitr, sed diam nonumy eirmod tem
							</description>
						</feature>
						<feature name="F_06299F94E656">
							<description>
								Lorem ipsum dolor sit amet, consetetur sadipscing elitr, sed diam nonumy eirmod tempor in
							</description>
						</feature>
						<feature name="F_D5EFF7152745">
							<description>
								Lorem ipsum dolor sit amet, consetetur sadipscing elitr, sed diam nonumy eirmod tempor invidunt ut labore et dolore magna aliquyam erat, sed diam voluptua. At vero eos et accu
							</description>
						</feature>
						<feature name="F_675D75925D8C">
							<description>
								Lorem ipsum dolor sit amet, consetetur sadipscing elitr, sed diam nonumy eirmod tem
							</description>
						</feature>
						<alt name="F_97970B630BC3">
							<description>
								Lorem ipsum dolor sit amet, consetetur sadipscing elitr, sed diam nonumy eirmod tempor invidunt ut labore et dolor
							</description>
							<feature mandatory="true" name="F_91CE51F3E1CB">
								<description>
									Lorem ipsum dolor sit amet, consetetur sadipscing
								</description>
							</feature>
							<feature mandatory="true" name="F_AD85940D1FAF">
								<description>
									Lorem ipsum dolor sit amet
								</description>
							</feature>
							<feature mandatory="true" name="F_1E37DEE1895C">
								<description>
									Lorem ipsum dolor sit amet, consetetur sadipscing eli
								</description>
							</feature>
						</alt>
						<or name="F_1BC32A953B0A">
							<description>
								Lorem ipsum dolor sit amet, consetetur sadipscing elitr, sed diam nonumy eirmod tempor invidunt ut labore et dolore magna aliquyam erat, sed diam voluptua. At vero eos et accusam et justo duo dolores et ea rebum. Stet clita k
							</description>
							<feature mandatory="true" name="F_BE919B5910A2">
								<description>
									Lorem ipsum dolor sit amet, consetetur sadipscing elitr, sed diam nonumy
								</description>
							</feature>
							<feature mandatory="true" name="F_400797ADE6B5">
								<description>
									Lorem ipsum dolor sit amet, consetetur sadipscing elitr, sed diam nonumy eirmod tempor in
								</description>
							</feature>
						</or>
						<or name="F_083BC6976FB1">
							<description>
								
							</description>
							<feature mandatory="true" name="F_F7D214BF477C">
								<description>
									
								</description>
							</feature>
							<feature mandatory="true" name="F_6030DC9F0A95">
								<description>
									
								</description>
							</feature>
							<feature mandatory="true" name="F_AEEF0E9A3066">
								<description>
									
								</description>
							</feature>
							<feature mandatory="true" name="F_6E07E079276A">
								<description>
									
								</description>
							</feature>
							<feature mandatory="true" name="F_1A33A98E7641">
								<description>
									
								</description>
							</feature>
							<feature mandatory="true" name="F_797E4E1BDE7D">
								<description>
									
								</description>
							</feature>
							<feature mandatory="true" name="F_FC9F13CEF774">
								<description>
									
								</description>
							</feature>
							<feature mandatory="true" name="F_6677C2600BA4">
								<description>
									
								</description>
							</feature>
							<feature mandatory="true" name="F_655EA987CE01">
								<description>
									
								</description>
							</feature>
							<feature mandatory="true" name="F_A723D688B66F">
								<description>
									
								</description>
							</feature>
							<feature mandatory="true" name="F_1C380A51CEBC">
								<description>
									
								</description>
							</feature>
							<feature mandatory="true" name="F_F7D214BF4773">
								<description>
									
								</description>
							</feature>
							<feature mandatory="true" name="F_6030DC9F0A93">
								<description>
									
								</description>
							</feature>
							<feature mandatory="true" name="F_AEEF0E9A3063">
								<description>
									
								</description>
							</feature>
							<feature mandatory="true" name="F_6E07E0792763">
								<description>
									
								</description>
							</feature>
							<feature mandatory="true" name="F_1A33A98E7643">
								<description>
									
								</description>
							</feature>
							<feature mandatory="true" name="F_797E4E1BDE73">
								<description>
									
								</description>
							</feature>
							<feature mandatory="true" name="F_FC9F13CEF773">
								<description>
									
								</description>
							</feature>
							<feature mandatory="true" name="F_6677C2600BA3">
								<description>
									
								</description>
							</feature>
							<feature mandatory="true" name="F_655EA987CE03">
								<description>
									
								</description>
							</feature>
							<feature mandatory="true" name="F_A723D688B663">
								<description>
									
								</description>
							</feature>
							<feature mandatory="true" name="F_1C380A51CEB3">
								<description>
									
								</description>
							</feature>
							<feature mandatory="true" name="F_B6F1A0A25DFD">
								<description>
									
								</description>
							</feature>
						</or>
						<alt name="F_E63451CAA51A">
							<description>
								Lorem ipsum dolor sit amet, consetetur sadipscing elitr, sed diam nonumy eirmod tempor invidunt ut labore et dolore mag
							</description>
							<feature mandatory="true" name="F_8BFA69A89348">
								<description>
									Lorem ipsum dolor sit amet, consetetur sadipscing elit
								</description>
							</feature>
							<feature mandatory="true" name="F_C41024724799">
								<description>
									Lorem ipsum dolor sit amet, consetetur s
								</description>
							</feature>
							<feature mandatory="true" name="F_4DCE0FF157FB">
								<description>
									Lorem ipsum dolor sit amet, consetet
								</description>
							</feature>
							<feature mandatory="true" name="F_5432A5E72E7D">
								<description>
									
								</description>
							</feature>
						</alt>
						<or name="F_AE1CFC3556EF">
							<description>
								Lorem ipsum dolor sit amet, consetetur sadipscing elitr, sed diam nonumy eirmod tempor invidunt ut labore et dolore magna aliquyam erat, sed diam vo
							</description>
							<feature mandatory="true" name="F_DFEA32D20D3F">
								<description>
									Lorem ipsum dolor sit amet, consetetur sadipscing elitr, sed diam nonumy eirmod tempor invidunt ut labore et dolore magna aliquyam erat, sed diam voluptua. At vero eos
								</description>
							</feature>
							<feature mandatory="true" name="F_CB5D461FFD36">
								<description>
									Lorem ipsum dolor sit amet, consetetur sadipscing elitr, sed diam nonumy eirmod tempor invidunt ut labore et dolore magna aliquyam erat, sed diam voluptua. At vero eos
								</description>
							</feature>
						</or>
						<alt name="F_4C84CCD8726F">
							<description>
								Lorem ipsum dolor sit amet, consetetur sadipscing elitr, sed diam nonumy eirmod tempor invidunt
							</description>
							<feature mandatory="true" name="F_ACFDAFC89D4F">
								<description>
									Lorem ipsum dolor sit amet, consetetur sadipscing elitr, sed diam nonumy eirmod
								</description>
							</feature>
							<feature mandatory="true" name="F_390731041842">
								<description>
									Lorem ipsum dolor sit amet, consetetur sadipscing elitr, sed diam nonumy eirmod tempor invidunt ut labore et dolore
								</description>
							</feature>
						</alt>
						<or name="F_122BA5B3AE81">
							<description>
								Lorem ipsum dolor sit amet, consetetur sadipscing elitr, sed diam nonumy eirmod tempor invidunt ut labore et dolore magna aliquyam erat, sed diam voluptua. At vero eos et accusam et justo duo dolores et ea rebum. Stet clita kasd gubergren, no sea takimata sanctus est Lorem ipsum dolor sit amet. Lorem ipsum dolor sit amet, consetetur sadipscing elitr, sed diam nonumy eirmod tempor invidunt ut labore et
							</description>
							<feature mandatory="true" name="F_06E6AAD73762">
								<description>
									Lorem ipsum dolor sit amet, consetetur sad
								</description>
							</feature>
							<feature mandatory="true" name="F_919AC0C6367E">
								<description>
									Lorem ipsum dolor sit amet, consetetur s
								</description>
							</feature>
							<feature mandatory="true" name="F_F34488B66FAE">
								<description>
									Lorem ipsum dolor sit amet, consetet
								</description>
							</feature>
							<feature mandatory="true" name="F_740EB2FA21E1">
								<description>
									Lorem ipsum dolor sit amet, consetetur sadipscing elitr, sed diam nonu
								</description>
							</feature>
						</or>
						<feature name="F_777E60DD01A4">
							<description>
								
							</description>
						</feature>
					</and>
				</alt>
				<and name="F_36D5CD424069">
					<description>
						Lorem ipsum dolor sit amet, consetetur sadipscing elitr, sed diam nonumy eirmod tempor invidunt ut
					</description>
					<feature name="F_7BD341A32374">
						<description>
							Lorem ipsum dolor sit amet, consetetur sadipscing
						</description>
					</feature>
				</and>
				<and name="F_DFEA67530CDB">
					<description>
						Lorem ipsum dolor sit amet, consetetur sadipscing elitr, sed diam nonumy eirmod tempor invidunt ut labore et dolore mag
					</description>
					<feature name="F_4497A940C69B">
						<description>
							Lorem ipsum dolor sit amet, consetetur sadipscing elitr,
						</description>
					</feature>
					<feature name="F_91708477EA52">
						<description>
							Lorem ipsum dolor sit amet, consetetur sadipscing elitr,
						</description>
					</feature>
				</and>
				<alt mandatory="true" name="F_B2F62E9B7C9B">
					<description>
						
					</description>
					<feature mandatory="true" name="F_728779B5D471">
						<description>
							
						</description>
					</feature>
					<feature mandatory="true" name="F_5303719A7626">
						<description>
							
						</description>
					</feature>
				</alt>
			</and>
		</struct>
		<constraints>
			<rule>
				<eq>
					<var>F_B37CDA55BC53</var>
					<var>F_9430B12CD35F</var>
				</eq>
			</rule>
			<rule>
				<eq>
					<var>F_36D5CD424069</var>
					<var>F_7BD341A32374</var>
				</eq>
			</rule>
			<rule>
				<imp>
					<var>F_DFEA67530CDB</var>
					<var>F_4497A940C69B</var>
				</imp>
			</rule>
			<rule>
				<imp>
					<var>F_DFEA67530CDB</var>
					<var>F_91708477EA52</var>
				</imp>
			</rule>
			<rule>
				<eq>
					<var>F_0B5B64C7427E</var>
					<var>F_9E903018A32E</var>
				</eq>
			</rule>
			<rule>
				<eq>
					<var>F_B957D8524CF6</var>
					<var>F_8C5668B4FA26</var>
				</eq>
			</rule>
			<rule>
				<eq>
					<var>F_C81A340D6D50</var>
					<var>F_D526323E405D</var>
				</eq>
			</rule>
			<rule>
				<eq>
					<var>F_76ADEAAD15A4</var>
					<var>F_DE155AD838AC</var>
				</eq>
			</rule>
			<rule>
				<eq>
					<var>F_60E438EF127C</var>
					<var>F_0300B0315E8F</var>
				</eq>
			</rule>
			<rule>
				<eq>
					<var>F_053B2AA502D2</var>
					<var>F_DB3566ACE11A</var>
				</eq>
			</rule>
			<rule>
				<eq>
					<var>F_70B49C1BB3C4</var>
					<var>F_432AB2FFF2A0</var>
				</eq>
			</rule>
			<rule>
				<eq>
					<var>F_82CE104B0ACC</var>
					<var>F_21AC50209874</var>
				</eq>
			</rule>
			<rule>
				<eq>
					<var>F_19230C964CC8</var>
					<var>F_E79D3C8F6D6D</var>
				</eq>
			</rule>
			<rule>
				<eq>
					<var>F_7583595C7A47</var>
					<var>F_2567C2BB6C1F</var>
				</eq>
			</rule>
			<rule>
				<eq>
					<var>F_CED8B94985E3</var>
					<var>F_7AA21F58181C</var>
				</eq>
			</rule>
			<rule>
				<eq>
					<var>F_9C1EA50D1FED</var>
					<var>F_BB6313B31088</var>
				</eq>
			</rule>
			<rule>
				<eq>
					<var>F_6738C75E8134</var>
					<var>F_7D5CCEFC1D1C</var>
				</eq>
			</rule>
			<rule>
				<eq>
					<var>F_0B5B64C7427E</var>
					<var>F_3A68237C7103</var>
				</eq>
			</rule>
			<rule>
				<eq>
					<var>F_9F9D288496E0</var>
					<var>F_F2983AAF88AA</var>
				</eq>
			</rule>
			<rule>
				<eq>
					<var>F_8DADA6063D72</var>
					<var>F_D09133D9FBCE</var>
				</eq>
			</rule>
			<rule>
				<eq>
					<var>F_E0AD228D0940</var>
					<var>F_E27528B21C7D</var>
				</eq>
			</rule>
			<rule>
				<eq>
					<var>F_76ADEAAD15A4</var>
					<var>F_488ED4170E0B</var>
				</eq>
			</rule>
			<rule>
				<eq>
					<var>F_DE6D85E0DCE0</var>
					<var>F_43705EA90AEA</var>
				</eq>
			</rule>
			<rule>
				<eq>
					<var>F_7E561AFED8C9</var>
					<var>F_F2B36D30C2B2</var>
				</eq>
			</rule>
			<rule>
				<eq>
					<var>F_F695950B1533</var>
					<var>F_B11B7C43DA3A</var>
				</eq>
			</rule>
			<rule>
				<eq>
					<var>F_F62946A5DFC7</var>
					<var>F_3601226BB731</var>
				</eq>
			</rule>
			<rule>
				<eq>
					<var>F_40A829148170</var>
					<var>F_6DC838904F56</var>
				</eq>
			</rule>
			<rule>
				<eq>
					<var>F_D8CC0E8A0992</var>
					<var>F_45F1FC08BA81</var>
				</eq>
			</rule>
			<rule>
				<eq>
					<var>F_847425E031D4</var>
					<var>F_C0E3CC7762E9</var>
				</eq>
			</rule>
			<rule>
				<eq>
					<var>F_D8331ACD2114</var>
					<var>F_83ED2CFE7E9D</var>
				</eq>
			</rule>
			<rule>
				<eq>
					<var>F_8B8322BC200E</var>
					<var>F_3787B7213205</var>
				</eq>
			</rule>
			<rule>
				<eq>
					<var>F_6B5D96189428</var>
					<var>F_27D82BCA436E</var>
				</eq>
			</rule>
			<rule>
				<eq>
					<var>F_E3139CC2E0FA</var>
					<var>F_F0875AE17BEC</var>
				</eq>
			</rule>
			<rule>
				<eq>
					<var>F_E6B7F2644700</var>
					<var>F_354ED1961EDA</var>
				</eq>
			</rule>
			<rule>
				<eq>
					<var>F_F5CC224041A9</var>
					<var>F_A6273D9180AB</var>
				</eq>
			</rule>
			<rule>
				<eq>
					<var>F_AB48E0834BDA</var>
					<var>F_F009F047846E</var>
				</eq>
			</rule>
			<rule>
				<eq>
					<var>F_A0216E14BC97</var>
					<var>F_ACED4C55637F</var>
				</eq>
			</rule>
			<rule>
				<eq>
					<var>F_0DD32BFE0A92</var>
					<var>F_02C27124E8CA</var>
				</eq>
			</rule>
			<rule>
				<eq>
					<var>F_41C1825B657A</var>
					<var>F_E44310094D4C</var>
				</eq>
			</rule>
			<rule>
				<eq>
					<var>F_3F2CF6642E28</var>
					<var>F_7E5E0FD5074D</var>
				</eq>
			</rule>
			<rule>
				<eq>
					<var>F_975807CC3902</var>
					<var>F_B4DFEC48DA99</var>
				</eq>
			</rule>
			<rule>
				<eq>
					<var>F_B3F568CC5872</var>
					<var>F_F24E2786F1DC</var>
				</eq>
			</rule>
			<rule>
				<eq>
					<var>F_12D384D9D875</var>
					<var>F_9D2039D4613C</var>
				</eq>
			</rule>
			<rule>
				<eq>
					<var>F_1C93454DFF35</var>
					<var>F_F45043F03189</var>
				</eq>
			</rule>
			<rule>
				<eq>
					<var>F_F86F666C9213</var>
					<var>F_AB7524B77FE3</var>
				</eq>
			</rule>
			<rule>
				<eq>
					<var>F_4AA74B2825D3</var>
					<var>F_553FD27EFDFF</var>
				</eq>
			</rule>
			<rule>
				<eq>
					<var>F_AE55B75F8A03</var>
					<var>F_D6DCE208BABA</var>
				</eq>
			</rule>
			<rule>
				<eq>
					<var>F_B4410AFDAF22</var>
					<var>F_60F5D91741D4</var>
				</eq>
			</rule>
			<rule>
				<eq>
					<var>F_3F1D3007B8D6</var>
					<var>F_3F1D3007B8D3</var>
				</eq>
			</rule>
			<rule>
				<eq>
					<var>F_C38660822897</var>
					<var>F_C38660822893</var>
				</eq>
			</rule>
			<rule>
				<eq>
					<var>F_7CF58ACF1167</var>
					<var>F_7CF58ACF1163</var>
				</eq>
			</rule>
			<rule>
				<eq>
					<var>F_CD5588301DD7</var>
					<var>F_CD5588301DD3</var>
				</eq>
			</rule>
			<rule>
				<eq>
					<var>F_A11BAA2D33B7</var>
					<var>F_A11BAA2D33B3</var>
				</eq>
			</rule>
			<rule>
				<eq>
					<var>F_AB7850D2D637</var>
					<var>F_AB7850D2D633</var>
				</eq>
			</rule>
			<rule>
				<eq>
					<var>F_D3CEC1A73F33</var>
					<var>F_DCD1DF24CE1C</var>
				</eq>
			</rule>
			<rule>
				<eq>
					<var>F_EB24BA48997F</var>
					<var>F_F2FAE7F66E5A</var>
				</eq>
			</rule>
			<rule>
				<eq>
					<var>F_31FC9867E78C</var>
					<var>F_4B33A7C22107</var>
				</eq>
			</rule>
			<rule>
				<eq>
					<var>F_2C9F348AC0B6</var>
					<var>F_8E90C1C23E39</var>
				</eq>
			</rule>
			<rule>
				<eq>
					<var>F_F3A38FE9EBE4</var>
					<var>F_9B53263EC377</var>
				</eq>
			</rule>
			<rule>
				<eq>
					<var>F_49F00E6E91DD</var>
					<var>F_D8397852CC89</var>
				</eq>
			</rule>
			<rule>
				<eq>
					<var>F_D5C78A58C528</var>
					<var>F_447E5A36D94F</var>
				</eq>
			</rule>
			<rule>
				<eq>
					<var>F_149970A1A305</var>
					<var>F_53C70BC61D47</var>
				</eq>
			</rule>
			<rule>
				<eq>
					<var>F_11D91612710E</var>
					<var>F_A1D162E0FCF9</var>
				</eq>
			</rule>
			<rule>
				<eq>
					<var>F_651B48767404</var>
					<var>F_D995F7288818</var>
				</eq>
			</rule>
			<rule>
				<eq>
					<var>F_C719B927E7F6</var>
					<var>F_165A22CC9A2E</var>
				</eq>
			</rule>
			<rule>
				<eq>
					<var>F_3431278969A0</var>
					<var>F_35297E0EBFF6</var>
				</eq>
			</rule>
			<rule>
				<eq>
					<var>F_83922928C10F</var>
					<var>F_63D0258994E2</var>
				</eq>
			</rule>
			<rule>
				<eq>
					<var>F_F341F04E8270</var>
					<var>F_08C6BDCFC9D2</var>
				</eq>
			</rule>
			<rule>
				<eq>
					<var>F_D519ADF06E81</var>
					<var>F_EEC3C1F17AF0</var>
				</eq>
			</rule>
			<rule>
				<eq>
					<var>F_AE94F8FD236E</var>
					<var>F_1FDB3C187DFD</var>
				</eq>
			</rule>
			<rule>
				<eq>
					<var>F_A3375CB59CCE</var>
					<var>F_981EE997431C</var>
				</eq>
			</rule>
			<rule>
				<eq>
					<var>F_BFBCBB8D0D85</var>
					<var>F_BB1A68D46A1E</var>
				</eq>
			</rule>
			<rule>
				<eq>
					<var>F_446D0F1F45DA</var>
					<var>F_826663D93E33</var>
				</eq>
			</rule>
			<rule>
				<eq>
					<var>F_9857C16EDD28</var>
					<var>F_1E89B0D1799F</var>
				</eq>
			</rule>
			<rule>
				<eq>
					<var>F_99F9D65EDB03</var>
					<var>F_128A78CFA4EB</var>
				</eq>
			</rule>
			<rule>
				<eq>
					<var>F_C3AA994E80F6</var>
					<var>F_856EA5DF32C1</var>
				</eq>
			</rule>
			<rule>
				<eq>
					<var>F_7777F9445935</var>
					<var>F_5DA85E1C3028</var>
				</eq>
			</rule>
		</constraints>
		<calculations Auto="true" Constraints="true" Features="true" Redundant="true" Tautology="true"/>
		<comments>
			<c/>
		</comments>
		<featureOrder userDefined="false"/>
	</featureModel>
