<?xml version="1.0" encoding="UTF-8" standalone="no"?>
	<featureModel>
		<properties/>
		<struct>
			<and mandatory="true" name="N_3006296966__F_887EFC4FB3A0">
				<description>
					Lorem ip
				</description>
				<alt name="F_8D5F1325A0A7">
					<description>
						
					</description>
					<and mandatory="true" name="F_6ECF2E4ADB12">
						<description>
							
						</description>
						<alt name="F_FEF0BBD4A576">
							<description>
								
							</description>
							<feature mandatory="true" name="F_5D184D4CF7A4">
								<description>
									Lorem ipsum dolo
								</description>
							</feature>
							<feature mandatory="true" name="F_FB52E8486E49">
								<description>
									Lorem ipsum dol
								</description>
							</feature>
							<feature mandatory="true" name="F_6FECFF510F68">
								<description>
									Lorem ipsum dolor sit amet, consetetur sadipscing elitr, sed diam nonumy eirmod
								</description>
							</feature>
						</alt>
						<alt name="F_FA360757275C">
							<description>
								
							</description>
							<feature mandatory="true" name="F_59914B856DD8">
								<description>
									Lorem ipsum dolor sit amet, consetetu
								</description>
							</feature>
							<feature mandatory="true" name="F_A2116A469EB4">
								<description>
									Lorem ipsum dolor sit amet, consetetur sadipsc
								</description>
							</feature>
							<feature mandatory="true" name="F_3EC8034AF81F">
								<description>
									Lorem ipsum dolor sit amet, con
								</description>
							</feature>
							<feature mandatory="true" name="F_A2BFF9AD5E7B">
								<description>
									Lorem ipsum dolor sit amet, consetet
								</description>
							</feature>
							<feature mandatory="true" name="F_E008BA01EF01">
								<description>
									Lorem ipsum dolor sit amet, consetetur
								</description>
							</feature>
							<feature mandatory="true" name="F_449341B7F22A">
								<description>
									Lorem ipsum dolor sit amet, consetetur s
								</description>
							</feature>
						</alt>
					</and>
					<alt mandatory="true" name="F_92E27FD4B96D">
						<description>
							
						</description>
						<feature mandatory="true" name="F_223F271AF417">
							<description>
								Lorem ipsum dolor
							</description>
						</feature>
						<feature mandatory="true" name="F_52D98EBE48B4">
							<description>
								Lorem ipsum d
							</description>
						</feature>
					</alt>
				</alt>
				<feature mandatory="true" name="N_3006296966__F_74378F3FE036">
					<description>
						Lorem ipsum dolor sit amet, consetetur sadipscing elitr, sed diam nonumy eirmod tempor invidunt ut labore et dolore magna aliquya
					</description>
				</feature>
				<and name="F_17B90C03424E">
					<description>
						Lorem ipsum dolor sit amet, consetetur sadipscing eli
					</description>
					<feature name="F_0398C96EE858">
						<description>
							Lorem ipsum dolor sit amet, consetetur sadipscin
						</description>
					</feature>
					<feature name="F_B4A5E65E99B1">
						<description>
							Lorem ipsum dolor sit amet, consetetur s
						</description>
					</feature>
					<feature name="F_FCCCC17F519C">
						<description>
							Lorem ipsum dolor sit amet, conset
						</description>
					</feature>
				</and>
				<alt name="F_AC2CE9617023">
					<description>
						Lorem ipsum dolor sit amet, consetetur sadipscing elitr, sed diam nonumy eirmod
					</description>
					<feature mandatory="true" name="F_66B546693D30">
						<description>
							Lorem ipsum dolor sit amet, consetetur sadipscing elitr, sed diam nonumy eirmod
						</description>
					</feature>
					<feature mandatory="true" name="F_7EA7B837DF56">
						<description>
							Lorem ipsum dolor sit amet, consetetur sadipsci
						</description>
					</feature>
				</alt>
			</and>
		</struct>
		<constraints/>
		<calculations Auto="true" Constraints="true" Features="true" Redundant="true" Tautology="true"/>
		<comments>
			<c/>
		</comments>
		<featureOrder userDefined="false"/>
	</featureModel>
